student_id,gender,age_at_enrollment,international,scholarship_holder,debtor,tuition_fees_up_to_date,course,daytime_evening_attendance,target
1001,1,20,0,0,0,1,2,1,Dropout
1002,1,19,0,0,0,0,11,1,Graduate
1003,1,19,0,0,0,0,5,1,Dropout
1004,0,20,0,0,0,1,15,1,Graduate
1005,0,45,0,0,0,1,3,0,Graduate
1006,1,50,0,0,1,1,17,0,Graduate
1007,0,18,0,1,0,1,12,1,Graduate
1008,1,22,0,0,0,0,11,1,Dropout
1009,0,21,1,1,0,1,10,1,Graduate
1010,0,18,0,0,1,0,10,1,Dropout
1011,0,18,0,0,0,1,14,1,Graduate
1012,0,18,0,1,0,1,12,1,Graduate
1013,0,19,0,0,0,1,16,1,Dropout
1014,0,21,0,1,0,1,11,1,Graduate
1015,0,18,0,1,0,1,6,1,Graduate
1016,0,20,0,0,0,1,15,1,Dropout
1017,0,18,0,0,0,1,10,1,Enrolled
1018,0,18,0,0,0,1,12,1,Graduate
1019,0,20,0,0,0,1,8,1,Graduate
1020,0,18,0,0,0,1,16,1,Enrolled
1021,0,21,0,1,0,1,2,1,Graduate
1022,0,20,0,0,0,1,13,1,Enrolled
1023,0,18,0,0,0,1,12,1,Graduate
1024,0,19,0,1,0,1,14,1,Graduate
1025,0,19,0,0,0,1,12,1,Graduate
1026,0,18,0,1,1,1,10,1,Enrolled
1027,0,21,0,0,0,1,10,1,Graduate
1028,0,18,0,0,0,1,6,1,Enrolled
1029,0,20,0,0,0,1,9,1,Graduate
1030,1,19,0,0,0,1,12,1,Enrolled
1031,1,21,0,0,0,1,4,1,Enrolled
1032,1,20,0,0,0,1,5,1,Graduate
1033,1,18,0,0,0,0,9,1,Enrolled
1034,0,19,0,0,0,1,3,0,Graduate
1035,1,34,0,0,0,1,17,0,Graduate
1036,1,37,0,0,1,0,1,1,Dropout
1037,1,43,0,0,0,1,7,1,Dropout
1038,0,55,0,0,0,1,9,1,Dropout
1039,0,39,0,0,0,1,17,0,Graduate
1040,0,20,1,0,1,0,8,1,Dropout
1041,0,18,0,0,1,1,15,1,Dropout
1042,0,22,0,0,0,1,9,1,Graduate
1043,0,22,0,0,0,1,12,1,Graduate
1044,0,20,0,0,0,0,15,1,Dropout
1045,0,29,0,0,0,1,17,0,Dropout
1046,0,24,0,0,0,1,17,0,Enrolled
1047,0,18,0,0,0,1,10,1,Graduate
1048,0,22,0,1,0,1,12,1,Graduate
1049,0,21,0,1,0,1,3,0,Graduate
1050,0,19,0,1,0,1,10,1,Graduate
1051,0,24,0,1,0,1,11,1,Graduate
1052,0,19,0,1,0,1,12,1,Enrolled
1053,0,20,0,1,0,1,15,1,Enrolled
1054,0,19,0,0,0,1,8,1,Graduate
1055,0,27,0,0,0,1,17,0,Dropout
1056,0,18,0,0,0,1,12,1,Graduate
1057,0,39,0,0,0,1,11,1,Dropout
1058,0,27,0,0,0,1,8,1,Dropout
1059,0,18,0,0,0,1,12,1,Graduate
1060,0,18,0,0,0,1,2,1,Enrolled
1061,0,18,0,0,0,1,12,1,Graduate
1062,0,21,0,1,0,1,10,1,Graduate
1063,1,19,0,1,0,1,2,1,Enrolled
1064,1,19,0,0,0,1,5,1,Enrolled
1065,1,24,0,0,0,1,5,1,Enrolled
1066,1,29,0,0,0,1,12,1,Dropout
1067,1,19,0,1,0,1,2,1,Graduate
1068,1,23,0,0,0,1,4,1,Graduate
1069,1,19,0,0,1,1,9,1,Dropout
1070,1,26,0,0,0,1,11,1,Enrolled
1071,1,18,0,0,0,1,9,1,Enrolled
1072,1,24,0,0,0,1,12,1,Graduate
1073,1,19,0,0,0,1,2,1,Dropout
1074,1,18,0,0,0,1,11,1,Dropout
1075,1,18,0,0,0,1,15,1,Graduate
1076,1,18,0,0,1,1,9,1,Dropout
1077,1,21,0,1,0,1,11,1,Dropout
1078,1,19,0,1,1,1,15,1,Graduate
1079,1,22,0,1,0,1,12,1,Graduate
1080,1,33,0,0,0,1,3,0,Graduate
1081,1,20,0,0,0,1,16,1,Dropout
1082,1,35,0,0,0,1,17,0,Dropout
1083,1,24,0,0,1,1,4,1,Dropout
1084,1,18,0,0,0,1,11,1,Enrolled
1085,0,33,0,0,0,1,3,0,Graduate
1086,0,22,0,1,0,1,12,1,Graduate
1087,0,25,0,1,0,1,14,1,Graduate
1088,1,20,0,0,0,1,5,1,Graduate
1089,1,23,0,0,0,1,9,1,Enrolled
1090,1,18,0,0,1,1,7,1,Enrolled
1091,1,24,0,0,0,1,12,1,Dropout
1092,0,21,1,0,0,0,15,1,Graduate
1093,0,26,1,0,0,1,8,1,Dropout
1094,0,39,0,0,0,1,16,1,Dropout
1095,0,44,0,0,0,1,3,0,Graduate
1096,1,19,1,0,0,1,7,1,Enrolled
1097,0,18,0,0,0,1,15,1,Graduate
1098,0,18,0,1,0,1,12,1,Graduate
1099,0,19,0,0,0,1,6,1,Enrolled
1100,0,19,0,0,1,0,12,1,Dropout
1101,0,21,0,0,0,1,6,1,Dropout
1102,0,20,0,0,0,1,2,1,Graduate
1103,0,36,0,0,0,1,3,0,Dropout
1104,0,43,0,0,0,1,4,1,Graduate
1105,0,19,0,0,0,1,16,1,Dropout
1106,0,20,0,0,1,1,5,1,Graduate
1107,0,19,0,0,0,1,10,1,Dropout
1108,0,20,0,0,0,1,6,1,Dropout
1109,0,20,0,0,0,1,12,1,Dropout
1110,0,20,0,0,0,1,16,1,Enrolled
1111,0,18,0,0,0,1,10,1,Graduate
1112,0,18,0,1,0,1,9,1,Enrolled
1113,0,19,0,0,0,1,6,1,Graduate
1114,0,18,0,0,0,1,15,1,Graduate
1115,0,18,0,0,0,1,12,1,Dropout
1116,0,20,0,0,0,1,12,1,Enrolled
1117,0,20,0,1,0,1,10,1,Enrolled
1118,0,20,0,0,0,1,9,1,Enrolled
1119,0,18,0,0,0,1,6,1,Graduate
1120,0,18,0,0,0,1,9,1,Graduate
1121,0,21,0,0,0,1,11,1,Dropout
1122,0,19,0,0,0,1,9,1,Graduate
1123,0,19,0,0,0,1,2,1,Dropout
1124,0,19,0,1,0,1,14,1,Graduate
1125,0,19,0,0,0,1,6,1,Graduate
1126,0,19,0,0,0,1,13,1,Dropout
1127,0,20,0,0,0,1,6,1,Graduate
1128,0,18,0,1,0,1,16,1,Enrolled
1129,0,18,0,0,0,1,10,1,Graduate
1130,0,19,0,0,0,1,12,1,Graduate
1131,0,18,0,1,0,1,12,1,Dropout
1132,0,18,0,0,0,1,5,1,Graduate
1133,0,19,0,0,0,1,9,1,Graduate
1134,0,19,0,0,0,1,12,1,Dropout
1135,0,20,0,0,0,1,10,1,Graduate
1136,0,19,0,1,1,0,14,1,Dropout
1137,0,20,0,0,0,1,14,1,Graduate
1138,0,18,0,1,1,1,15,1,Graduate
1139,0,20,0,1,0,1,12,1,Enrolled
1140,0,18,0,0,0,1,12,1,Graduate
1141,0,19,0,0,0,1,12,1,Graduate
1142,0,19,0,1,0,1,15,1,Graduate
1143,0,22,0,0,1,0,9,1,Enrolled
1144,0,19,0,1,0,1,10,1,Graduate
1145,0,19,0,1,0,1,12,1,Graduate
1146,0,19,0,1,0,1,16,1,Graduate
1147,0,19,0,0,0,1,11,1,Dropout
1148,0,20,0,0,0,1,11,1,Dropout
1149,0,18,0,0,0,1,9,1,Graduate
1150,0,20,0,1,0,1,12,1,Graduate
1151,0,18,0,0,0,1,2,1,Enrolled
1152,0,19,0,0,0,1,6,1,Graduate
1153,0,18,0,0,0,1,16,1,Enrolled
1154,0,18,0,0,0,1,16,1,Graduate
1155,0,21,0,0,0,1,16,1,Dropout
1156,0,19,0,0,0,1,16,1,Dropout
1157,0,18,0,1,0,1,9,1,Graduate
1158,0,18,0,1,0,1,10,1,Graduate
1159,0,20,0,0,0,1,10,1,Graduate
1160,0,24,0,1,0,1,3,0,Graduate
1161,0,19,0,0,0,1,14,1,Dropout
1162,0,18,0,1,0,1,12,1,Graduate
1163,0,18,0,0,0,1,12,1,Graduate
1164,0,21,0,0,0,1,16,1,Dropout
1165,0,19,0,0,0,1,14,1,Graduate
1166,0,19,0,1,0,1,15,1,Graduate
1167,0,47,0,0,1,1,4,1,Enrolled
1168,0,19,0,0,0,1,10,1,Graduate
1169,0,29,0,0,0,1,12,1,Graduate
1170,0,21,0,0,0,1,10,1,Dropout
1171,0,28,0,0,0,1,6,1,Enrolled
1172,0,20,0,0,0,1,13,1,Graduate
1173,0,19,0,0,0,1,12,1,Graduate
1174,0,26,0,0,0,1,3,0,Graduate
1175,0,20,0,0,1,0,11,1,Dropout
1176,0,18,0,1,0,1,14,1,Enrolled
1177,0,27,0,0,0,1,16,1,Graduate
1178,0,20,0,0,0,1,12,1,Dropout
1179,0,18,0,0,0,1,16,1,Dropout
1180,0,33,0,0,0,1,12,1,Dropout
1181,0,35,0,0,0,1,16,1,Graduate
1182,0,26,0,1,0,1,17,0,Enrolled
1183,0,27,0,0,1,0,15,1,Dropout
1184,0,19,0,0,0,0,5,1,Dropout
1185,0,20,0,0,0,1,11,1,Dropout
1186,0,20,0,0,1,0,9,1,Dropout
1187,0,21,0,0,1,0,10,1,Enrolled
1188,0,18,0,1,0,1,12,1,Graduate
1189,0,24,0,0,0,1,6,1,Dropout
1190,0,20,0,0,0,1,5,1,Graduate
1191,0,21,0,1,0,1,11,1,Graduate
1192,0,23,0,0,0,1,3,0,Enrolled
1193,0,24,0,0,0,1,9,1,Dropout
1194,0,21,0,0,0,1,16,1,Dropout
1195,0,18,0,0,0,1,12,1,Graduate
1196,0,27,0,0,0,1,17,0,Dropout
1197,0,18,0,0,0,1,12,1,Graduate
1198,0,35,0,0,0,1,7,1,Dropout
1199,0,18,0,0,0,1,16,1,Graduate
1200,0,35,0,0,0,1,12,1,Enrolled
1201,0,19,0,0,0,1,6,1,Graduate
1202,0,20,0,0,0,1,10,1,Graduate
1203,0,18,0,0,0,1,12,1,Graduate
1204,0,21,0,0,1,1,10,1,Graduate
1205,0,18,0,1,0,1,10,1,Graduate
1206,0,18,0,0,0,1,10,1,Graduate
1207,0,18,0,0,0,1,12,1,Graduate
1208,0,18,0,1,0,1,15,1,Graduate
1209,0,19,0,0,0,1,6,1,Graduate
1210,0,36,0,1,0,1,11,1,Dropout
1211,0,18,0,1,0,1,12,1,Graduate
1212,0,18,0,1,0,1,12,1,Graduate
1213,0,20,0,1,0,1,8,1,Graduate
1214,0,26,0,1,0,1,17,0,Dropout
1215,0,21,0,0,0,1,15,1,Graduate
1216,0,25,0,0,0,1,13,1,Enrolled
1217,0,19,0,1,0,1,9,1,Graduate
1218,0,24,0,0,0,1,3,0,Dropout
1219,0,27,0,1,0,1,3,0,Dropout
1220,0,21,0,0,0,1,6,1,Dropout
1221,0,18,0,1,0,1,9,1,Graduate
1222,0,19,0,1,0,1,16,1,Graduate
1223,0,18,0,0,0,1,11,1,Dropout
1224,0,19,0,1,0,1,12,1,Graduate
1225,0,19,0,1,0,1,12,1,Graduate
1226,0,33,0,0,0,1,17,0,Graduate
1227,0,45,0,0,0,1,9,1,Graduate
1228,0,20,0,1,0,1,10,1,Graduate
1229,0,28,0,0,0,1,14,1,Dropout
1230,0,19,0,1,0,1,12,1,Graduate
1231,0,18,0,0,0,1,11,1,Graduate
1232,0,38,0,0,0,1,11,1,Dropout
1233,0,19,0,0,0,1,14,1,Graduate
1234,0,21,0,1,0,1,11,1,Graduate
1235,0,21,0,0,0,1,9,1,Dropout
1236,0,22,0,1,0,1,10,1,Graduate
1237,0,18,0,1,0,1,16,1,Graduate
1238,0,18,0,1,0,1,10,1,Graduate
1239,0,25,0,0,0,0,8,1,Dropout
1240,0,24,0,0,1,0,6,1,Dropout
1241,0,19,0,0,0,1,12,1,Enrolled
1242,0,24,0,0,0,1,2,1,Enrolled
1243,0,20,0,1,0,1,9,1,Graduate
1244,0,25,0,0,0,0,9,1,Dropout
1245,0,20,0,1,0,1,9,1,Graduate
1246,0,23,0,0,0,1,12,1,Graduate
1247,0,19,0,1,0,1,12,1,Graduate
1248,0,29,0,0,1,0,4,1,Dropout
1249,0,21,0,0,0,1,11,1,Graduate
1250,0,18,0,1,0,1,14,1,Graduate
1251,0,19,0,0,0,1,5,1,Enrolled
1252,0,18,0,1,0,1,15,1,Dropout
1253,0,19,0,0,0,1,6,1,Graduate
1254,0,18,0,0,0,1,15,1,Enrolled
1255,0,18,0,0,0,1,9,1,Graduate
1256,0,37,0,1,1,0,13,1,Dropout
1257,0,29,0,0,0,1,17,0,Graduate
1258,0,18,0,0,0,1,5,1,Enrolled
1259,0,19,0,1,0,1,10,1,Graduate
1260,0,22,0,0,1,0,10,1,Dropout
1261,0,20,0,1,0,1,11,1,Graduate
1262,0,34,0,0,0,1,3,0,Dropout
1263,0,30,0,0,1,0,7,1,Dropout
1264,0,18,0,0,0,1,10,1,Graduate
1265,0,18,0,0,0,1,10,1,Graduate
1266,0,18,0,0,0,1,15,1,Graduate
1267,0,18,0,0,0,1,12,1,Graduate
1268,0,19,0,1,0,1,15,1,Graduate
1269,0,19,0,1,0,1,5,1,Graduate
1270,0,18,0,1,0,1,12,1,Graduate
1271,0,21,0,1,0,1,4,1,Graduate
1272,0,20,0,0,0,0,9,1,Dropout
1273,0,20,0,0,0,1,9,1,Graduate
1274,0,19,0,0,0,1,12,1,Graduate
1275,0,20,0,0,0,1,10,1,Graduate
1276,0,18,0,0,0,1,12,1,Graduate
1277,0,20,0,0,0,1,16,1,Dropout
1278,0,29,0,0,1,0,8,1,Dropout
1279,0,18,0,1,0,1,12,1,Enrolled
1280,0,20,0,1,0,1,12,1,Graduate
1281,0,22,0,1,0,1,9,1,Graduate
1282,0,47,0,1,0,1,3,0,Graduate
1283,0,31,0,0,0,1,17,0,Graduate
1284,0,21,0,1,0,1,5,1,Graduate
1285,0,21,0,0,0,1,3,0,Graduate
1286,0,24,0,0,0,1,15,1,Graduate
1287,0,18,0,0,0,1,5,1,Enrolled
1288,0,32,0,0,0,1,3,0,Graduate
1289,0,19,0,1,0,1,3,0,Graduate
1290,0,24,0,0,0,1,12,1,Graduate
1291,0,19,0,0,0,1,6,1,Graduate
1292,0,19,0,1,1,1,4,1,Graduate
1293,0,24,0,0,0,1,4,1,Enrolled
1294,0,18,0,1,0,1,10,1,Graduate
1295,0,19,0,1,0,1,5,1,Dropout
1296,0,19,0,1,0,1,12,1,Graduate
1297,0,18,0,1,0,1,15,1,Graduate
1298,0,18,0,0,0,1,10,1,Graduate
1299,0,20,0,0,0,1,13,1,Graduate
1300,0,18,0,0,0,1,12,1,Graduate
1301,0,18,0,0,0,1,14,1,Graduate
1302,0,21,0,1,0,1,6,1,Graduate
1303,0,18,0,1,0,1,12,1,Graduate
1304,0,18,0,0,1,0,14,1,Dropout
1305,0,19,0,0,0,1,10,1,Dropout
1306,0,19,0,0,0,1,14,1,Enrolled
1307,0,18,0,0,0,1,14,1,Graduate
1308,0,34,0,0,0,1,8,1,Dropout
1309,0,19,0,0,0,1,6,1,Graduate
1310,0,19,0,0,1,0,8,1,Dropout
1311,0,26,0,0,1,1,10,1,Graduate
1312,0,21,0,0,0,1,16,1,Dropout
1313,0,18,0,1,0,1,9,1,Graduate
1314,0,20,0,1,0,1,16,1,Graduate
1315,0,25,0,0,0,1,9,1,Dropout
1316,0,18,0,0,0,1,9,1,Graduate
1317,0,18,0,1,0,1,12,1,Graduate
1318,0,19,0,0,0,1,12,1,Graduate
1319,0,18,0,1,0,1,10,1,Graduate
1320,0,20,0,0,0,1,12,1,Enrolled
1321,0,26,0,0,1,0,6,1,Dropout
1322,0,19,0,1,0,1,12,1,Graduate
1323,0,19,0,0,0,1,12,1,Graduate
1324,0,19,0,0,0,1,9,1,Graduate
1325,0,19,0,0,0,1,6,1,Enrolled
1326,0,18,0,0,0,1,11,1,Graduate
1327,0,19,0,0,0,1,12,1,Graduate
1328,0,18,0,0,1,1,10,1,Graduate
1329,0,18,0,0,0,1,16,1,Enrolled
1330,0,18,0,0,0,1,6,1,Enrolled
1331,0,18,0,0,0,1,16,1,Enrolled
1332,0,26,0,0,1,1,7,1,Dropout
1333,0,20,0,0,0,1,10,1,Graduate
1334,0,19,0,0,0,1,3,0,Graduate
1335,0,18,0,1,0,1,10,1,Graduate
1336,0,19,0,0,0,1,10,1,Graduate
1337,0,40,0,0,1,1,16,1,Graduate
1338,0,18,0,1,0,1,12,1,Graduate
1339,0,19,0,0,0,1,10,1,Graduate
1340,0,18,0,0,0,1,8,1,Graduate
1341,0,19,0,0,0,1,6,1,Enrolled
1342,0,18,0,0,0,1,2,1,Dropout
1343,0,33,0,0,0,1,3,0,Graduate
1344,0,35,0,0,0,1,4,1,Graduate
1345,0,26,0,0,0,1,9,1,Enrolled
1346,0,18,0,0,0,1,15,1,Graduate
1347,0,36,0,0,0,1,10,1,Enrolled
1348,0,39,0,0,0,1,17,0,Graduate
1349,0,44,0,0,0,1,10,1,Graduate
1350,0,20,0,0,0,1,3,0,Enrolled
1351,0,24,0,0,0,1,11,1,Dropout
1352,0,20,0,1,0,1,15,1,Graduate
1353,0,19,0,0,0,0,2,1,Dropout
1354,0,18,0,1,1,1,12,1,Graduate
1355,0,22,0,0,1,0,11,1,Dropout
1356,0,18,0,0,0,1,6,1,Graduate
1357,0,24,0,0,0,1,12,1,Graduate
1358,0,33,0,0,0,1,17,0,Dropout
1359,0,30,0,1,1,1,4,1,Enrolled
1360,0,26,0,0,0,1,6,1,Dropout
1361,0,18,0,0,0,1,16,1,Graduate
1362,0,19,0,0,1,1,15,1,Dropout
1363,0,20,0,0,0,1,9,1,Enrolled
1364,0,22,0,1,0,1,6,1,Graduate
1365,0,19,0,0,0,1,12,1,Enrolled
1366,0,21,0,1,0,1,6,1,Graduate
1367,0,21,0,1,0,1,12,1,Graduate
1368,0,19,0,0,0,1,6,1,Enrolled
1369,0,19,0,1,0,1,16,1,Graduate
1370,0,18,0,0,0,1,12,1,Dropout
1371,0,50,0,0,0,1,3,0,Graduate
1372,0,31,0,1,0,1,17,0,Enrolled
1373,0,19,0,1,0,1,15,1,Graduate
1374,0,35,0,0,0,1,17,0,Graduate
1375,0,31,0,0,0,1,6,1,Dropout
1376,0,42,0,0,1,1,3,0,Enrolled
1377,0,34,0,0,0,0,9,1,Dropout
1378,0,18,0,1,0,1,12,1,Graduate
1379,0,18,0,1,0,0,16,1,Enrolled
1380,0,21,0,0,0,1,6,1,Enrolled
1381,0,26,0,1,0,1,12,1,Dropout
1382,0,20,0,0,0,1,12,1,Enrolled
1383,0,19,0,0,0,1,10,1,Enrolled
1384,0,19,0,1,0,1,16,1,Graduate
1385,0,20,0,0,0,1,9,1,Graduate
1386,0,19,0,0,0,1,10,1,Graduate
1387,0,18,0,0,0,1,16,1,Graduate
1388,0,28,0,0,0,1,17,0,Graduate
1389,0,22,0,0,0,1,16,1,Enrolled
1390,0,21,0,1,0,1,3,0,Graduate
1391,0,21,0,0,0,1,6,1,Enrolled
1392,0,26,0,0,0,1,12,1,Enrolled
1393,0,18,0,0,1,0,15,1,Dropout
1394,0,20,0,0,0,0,6,1,Dropout
1395,0,18,0,0,0,1,6,1,Graduate
1396,0,19,0,1,0,1,12,1,Graduate
1397,0,20,0,0,0,1,10,1,Graduate
1398,0,22,0,1,0,1,6,1,Graduate
1399,0,18,0,0,1,1,14,1,Dropout
1400,0,19,0,0,0,1,9,1,Dropout
1401,0,18,0,1,0,1,5,1,Enrolled
1402,0,20,0,0,0,1,11,1,Enrolled
1403,0,19,0,0,0,1,15,1,Enrolled
1404,0,19,0,0,0,1,11,1,Enrolled
1405,0,19,0,0,0,1,12,1,Graduate
1406,0,18,0,0,0,1,2,1,Graduate
1407,0,21,0,0,0,1,5,1,Graduate
1408,0,27,0,0,0,1,17,0,Graduate
1409,0,19,0,0,0,1,10,1,Graduate
1410,0,25,0,0,0,1,6,1,Dropout
1411,0,18,0,1,0,1,12,1,Graduate
1412,0,24,0,0,0,1,12,1,Graduate
1413,0,20,0,0,0,1,12,1,Graduate
1414,0,26,0,0,0,1,17,0,Graduate
1415,0,20,0,1,0,1,10,1,Graduate
1416,0,18,0,0,0,1,6,1,Graduate
1417,0,19,0,0,0,1,6,1,Graduate
1418,0,23,0,0,0,1,16,1,Dropout
1419,0,18,0,1,0,1,12,1,Graduate
1420,0,18,0,0,0,1,12,1,Dropout
1421,0,19,0,1,0,1,12,1,Graduate
1422,0,30,0,0,0,1,17,0,Graduate
1423,0,29,0,0,0,1,6,1,Dropout
1424,0,19,0,0,0,1,12,1,Graduate
1425,0,20,0,0,0,1,13,1,Graduate
1426,0,20,0,0,0,1,12,1,Graduate
1427,0,19,0,0,0,1,14,1,Graduate
1428,0,20,0,0,0,1,9,1,Enrolled
1429,0,21,0,0,0,1,6,1,Dropout
1430,0,19,0,0,0,1,14,1,Graduate
1431,0,18,0,1,0,1,12,1,Graduate
1432,0,27,0,1,0,1,3,0,Graduate
1433,0,19,0,1,0,1,9,1,Graduate
1434,0,19,0,1,0,1,12,1,Dropout
1435,0,19,0,0,0,1,15,1,Graduate
1436,0,18,0,1,0,1,12,1,Graduate
1437,0,20,0,1,0,1,11,1,Enrolled
1438,0,18,0,1,0,1,14,1,Graduate
1439,0,19,0,0,0,1,14,1,Dropout
1440,0,36,0,0,0,1,12,1,Graduate
1441,0,18,0,0,0,1,13,1,Enrolled
1442,0,18,0,0,1,1,8,1,Enrolled
1443,0,19,0,0,0,1,12,1,Graduate
1444,0,18,0,1,0,1,12,1,Graduate
1445,0,18,0,0,0,1,14,1,Graduate
1446,0,19,0,1,0,1,10,1,Graduate
1447,0,19,0,1,0,1,12,1,Graduate
1448,0,18,0,0,0,1,12,1,Dropout
1449,0,20,0,0,0,1,15,1,Graduate
1450,0,20,0,1,0,1,11,1,Enrolled
1451,0,20,0,0,0,1,12,1,Graduate
1452,0,18,0,1,0,1,12,1,Graduate
1453,0,18,0,0,0,1,12,1,Graduate
1454,0,19,0,0,0,1,6,1,Graduate
1455,0,19,0,0,0,1,9,1,Enrolled
1456,0,44,0,0,0,1,3,0,Graduate
1457,0,32,0,0,0,1,4,1,Dropout
1458,0,22,0,0,0,1,16,1,Dropout
1459,0,36,0,0,0,1,4,1,Graduate
1460,0,18,0,1,0,1,15,1,Graduate
1461,0,20,0,0,0,1,8,1,Graduate
1462,0,20,0,1,0,1,5,1,Graduate
1463,0,19,0,0,0,1,10,1,Graduate
1464,0,24,0,0,1,1,9,1,Graduate
1465,0,20,0,0,0,1,10,1,Enrolled
1466,0,27,0,0,0,1,3,0,Dropout
1467,0,20,0,0,0,1,16,1,Enrolled
1468,0,23,0,1,0,1,10,1,Graduate
1469,0,18,0,1,0,1,12,1,Graduate
1470,0,18,0,1,0,1,10,1,Graduate
1471,0,20,0,1,0,1,12,1,Graduate
1472,0,20,0,1,0,1,11,1,Graduate
1473,0,23,0,0,0,1,14,1,Dropout
1474,0,20,0,0,0,1,12,1,Graduate
1475,0,28,0,0,0,0,11,1,Dropout
1476,0,21,0,0,0,1,14,1,Graduate
1477,0,21,0,0,0,1,13,1,Dropout
1478,0,28,0,0,0,1,12,1,Dropout
1479,0,18,0,0,0,1,12,1,Graduate
1480,0,21,0,1,0,1,10,1,Enrolled
1481,0,19,0,0,0,1,12,1,Graduate
1482,0,18,0,1,0,1,12,1,Graduate
1483,0,19,0,0,0,1,12,1,Dropout
1484,0,20,0,0,0,1,6,1,Enrolled
1485,0,20,0,1,0,1,12,1,Graduate
1486,0,18,0,1,0,1,16,1,Graduate
1487,0,20,0,0,0,1,14,1,Dropout
1488,0,31,0,0,0,1,14,1,Dropout
1489,0,19,0,1,0,1,12,1,Graduate
1490,0,19,0,1,0,1,12,1,Graduate
1491,0,23,0,0,0,1,5,1,Graduate
1492,0,19,0,0,0,1,14,1,Graduate
1493,0,20,0,0,0,1,12,1,Graduate
1494,0,22,0,0,1,1,6,1,Enrolled
1495,0,18,0,0,0,1,16,1,Enrolled
1496,0,27,0,0,1,0,8,1,Dropout
1497,0,29,0,0,0,1,13,1,Dropout
1498,0,18,0,0,0,1,11,1,Graduate
1499,0,18,0,0,0,1,5,1,Graduate
1500,0,18,0,0,0,1,12,1,Graduate
1501,0,20,0,0,0,1,6,1,Enrolled
1502,0,18,0,0,0,1,11,1,Graduate
1503,0,18,0,0,0,0,5,1,Enrolled
1504,0,28,0,0,0,0,6,1,Dropout
1505,0,18,0,1,0,1,12,1,Graduate
1506,0,27,0,0,0,1,12,1,Enrolled
1507,0,26,0,0,0,1,1,1,Enrolled
1508,0,18,0,0,0,1,15,1,Graduate
1509,0,18,0,0,0,1,8,1,Dropout
1510,0,21,0,0,0,1,9,1,Dropout
1511,0,18,0,0,0,1,5,1,Enrolled
1512,0,32,0,0,0,0,3,0,Dropout
1513,0,28,0,0,0,1,14,1,Graduate
1514,0,40,0,0,0,0,17,0,Dropout
1515,0,39,0,0,1,0,3,0,Dropout
1516,0,39,0,0,1,0,10,1,Dropout
1517,0,50,0,0,0,1,4,1,Graduate
1518,0,23,0,0,0,1,16,1,Dropout
1519,0,48,0,0,0,1,3,0,Dropout
1520,0,23,0,0,0,1,16,1,Dropout
1521,0,18,0,1,0,1,12,1,Graduate
1522,0,18,0,0,0,1,8,1,Graduate
1523,0,20,1,0,0,0,10,1,Graduate
1524,0,18,1,1,0,1,6,1,Graduate
1525,0,18,1,0,0,1,13,1,Dropout
1526,1,31,0,0,0,1,7,1,Dropout
1527,1,24,0,0,0,1,7,1,Enrolled
1528,1,24,0,0,0,1,2,1,Graduate
1529,1,26,0,0,1,0,9,1,Dropout
1530,1,18,0,0,1,1,8,1,Dropout
1531,1,19,0,1,0,1,9,1,Enrolled
1532,1,22,0,0,0,1,14,1,Dropout
1533,1,18,0,0,0,1,12,1,Graduate
1534,1,20,0,0,1,0,5,1,Dropout
1535,1,25,0,0,0,1,2,1,Graduate
1536,1,24,0,0,0,1,17,0,Graduate
1537,1,27,0,0,0,1,7,1,Dropout
1538,1,21,0,0,0,1,11,1,Graduate
1539,1,21,0,0,0,1,4,1,Graduate
1540,1,19,0,0,0,1,15,1,Dropout
1541,1,28,0,0,0,1,12,1,Graduate
1542,1,20,0,0,0,1,9,1,Enrolled
1543,1,21,0,1,0,1,4,1,Graduate
1544,1,18,0,1,0,1,12,1,Graduate
1545,1,18,0,1,0,1,7,1,Enrolled
1546,1,20,0,0,0,1,9,1,Enrolled
1547,1,25,0,0,0,1,7,1,Enrolled
1548,1,22,0,0,1,1,14,1,Enrolled
1549,1,18,0,0,0,1,12,1,Enrolled
1550,1,19,0,0,0,1,9,1,Graduate
1551,1,19,0,0,0,1,7,1,Dropout
1552,1,25,0,0,1,0,15,1,Dropout
1553,1,21,0,0,1,1,5,1,Dropout
1554,1,19,0,0,0,1,7,1,Dropout
1555,1,20,0,0,0,1,9,1,Dropout
1556,1,25,0,0,0,1,4,1,Dropout
1557,1,20,0,0,0,1,9,1,Enrolled
1558,1,18,0,0,0,1,2,1,Graduate
1559,1,23,0,0,1,1,11,1,Enrolled
1560,1,23,0,0,0,1,12,1,Graduate
1561,1,21,0,0,0,1,4,1,Graduate
1562,1,20,0,0,0,1,8,1,Enrolled
1563,1,25,0,0,0,1,17,0,Dropout
1564,1,18,0,0,0,1,8,1,Graduate
1565,1,22,0,0,0,1,5,1,Graduate
1566,1,27,0,0,0,1,14,1,Graduate
1567,1,25,0,0,0,1,4,1,Dropout
1568,1,18,0,0,0,1,7,1,Dropout
1569,1,20,0,0,0,1,6,1,Graduate
1570,1,27,0,0,0,1,4,1,Graduate
1571,1,20,0,0,0,1,3,0,Graduate
1572,1,22,0,0,0,1,9,1,Dropout
1573,1,19,0,0,0,1,7,1,Dropout
1574,1,20,0,0,0,1,9,1,Enrolled
1575,1,19,0,0,0,1,2,1,Graduate
1576,1,29,0,0,0,0,6,1,Dropout
1577,1,19,0,0,0,1,12,1,Graduate
1578,0,28,0,1,0,1,17,0,Enrolled
1579,0,20,0,0,0,1,10,1,Graduate
1580,0,20,0,0,0,1,5,1,Graduate
1581,0,31,0,0,0,1,3,0,Dropout
1582,0,18,0,0,0,1,12,1,Graduate
1583,0,19,0,0,0,1,14,1,Enrolled
1584,0,18,0,0,0,1,9,1,Graduate
1585,0,19,0,0,0,1,11,1,Graduate
1586,0,18,0,1,0,1,9,1,Graduate
1587,0,19,0,0,0,1,6,1,Graduate
1588,0,18,0,1,0,1,15,1,Graduate
1589,0,19,0,0,0,1,11,1,Graduate
1590,0,19,0,0,0,1,13,1,Graduate
1591,0,18,0,0,0,1,14,1,Graduate
1592,0,19,0,0,0,1,12,1,Enrolled
1593,0,20,0,1,0,1,14,1,Graduate
1594,0,20,0,0,0,1,14,1,Enrolled
1595,0,20,0,0,1,1,4,1,Enrolled
1596,0,29,0,0,0,1,17,0,Dropout
1597,0,20,0,1,0,0,16,1,Dropout
1598,0,31,0,0,1,0,16,1,Dropout
1599,0,20,0,0,0,1,14,1,Graduate
1600,0,21,0,0,0,1,4,1,Graduate
1601,0,23,0,0,0,1,8,1,Dropout
1602,0,21,0,0,1,0,5,1,Dropout
1603,0,24,0,0,0,1,12,1,Graduate
1604,0,27,0,0,0,1,3,0,Graduate
1605,0,18,0,1,0,1,12,1,Graduate
1606,0,21,0,0,0,0,2,1,Dropout
1607,0,19,0,1,1,1,8,1,Dropout
1608,0,19,0,1,0,1,12,1,Graduate
1609,0,18,0,0,0,1,6,1,Dropout
1610,0,18,0,1,0,1,12,1,Enrolled
1611,0,20,0,1,1,1,16,1,Graduate
1612,0,24,0,0,0,1,3,0,Graduate
1613,0,20,0,0,0,1,5,1,Graduate
1614,0,20,0,0,0,1,9,1,Enrolled
1615,0,19,0,1,0,1,12,1,Graduate
1616,0,18,0,1,0,1,12,1,Graduate
1617,0,20,0,1,0,1,10,1,Graduate
1618,0,20,0,0,0,1,12,1,Graduate
1619,0,19,0,1,0,1,12,1,Graduate
1620,0,19,0,0,0,1,6,1,Enrolled
1621,0,20,0,0,0,1,15,1,Graduate
1622,0,19,0,0,0,1,9,1,Dropout
1623,0,19,0,0,0,1,16,1,Dropout
1624,0,18,0,1,0,1,12,1,Graduate
1625,0,23,0,1,0,1,5,1,Dropout
1626,0,21,0,0,0,1,16,1,Dropout
1627,0,23,0,0,0,1,3,0,Graduate
1628,0,19,0,0,0,1,12,1,Graduate
1629,0,18,0,0,0,1,15,1,Graduate
1630,0,19,0,0,0,1,15,1,Graduate
1631,0,25,0,1,0,1,12,1,Graduate
1632,0,19,0,0,0,1,16,1,Enrolled
1633,0,19,0,1,0,1,12,1,Graduate
1634,0,24,0,1,1,1,13,1,Graduate
1635,0,18,0,1,0,1,14,1,Graduate
1636,0,19,0,1,0,1,10,1,Graduate
1637,0,18,0,1,0,1,12,1,Graduate
1638,0,27,0,0,0,1,17,0,Enrolled
1639,0,19,0,0,0,1,10,1,Graduate
1640,0,18,0,1,0,1,15,1,Dropout
1641,0,34,0,0,1,0,14,1,Dropout
1642,0,18,0,0,0,1,9,1,Enrolled
1643,0,18,0,0,0,1,9,1,Enrolled
1644,0,18,0,0,0,1,12,1,Enrolled
1645,0,20,0,0,1,0,15,1,Dropout
1646,0,19,0,1,0,1,9,1,Enrolled
1647,0,21,0,0,0,1,10,1,Enrolled
1648,0,26,0,0,0,1,17,0,Graduate
1649,0,27,0,0,0,1,13,1,Graduate
1650,0,20,0,0,0,1,14,1,Graduate
1651,0,18,0,0,0,1,10,1,Graduate
1652,0,23,0,0,0,0,6,1,Enrolled
1653,0,24,0,0,0,1,12,1,Graduate
1654,0,19,0,1,0,1,10,1,Graduate
1655,0,19,0,0,0,1,15,1,Graduate
1656,0,19,0,1,1,1,10,1,Enrolled
1657,0,18,0,0,1,1,10,1,Enrolled
1658,0,22,0,0,0,1,3,0,Graduate
1659,0,20,0,0,0,1,5,1,Graduate
1660,0,25,0,0,0,1,4,1,Dropout
1661,0,21,0,0,0,1,4,1,Graduate
1662,0,19,0,0,0,1,12,1,Enrolled
1663,0,18,0,0,0,1,15,1,Graduate
1664,0,18,0,0,0,1,14,1,Graduate
1665,1,19,0,0,0,1,12,1,Graduate
1666,0,19,1,1,0,1,6,1,Graduate
1667,0,18,0,0,1,0,15,1,Dropout
1668,0,20,0,1,0,1,10,1,Graduate
1669,0,19,0,0,0,1,12,1,Dropout
1670,0,28,0,0,0,1,12,1,Graduate
1671,0,20,0,1,0,1,10,1,Graduate
1672,0,30,0,0,0,1,3,0,Dropout
1673,0,19,0,1,0,1,12,1,Graduate
1674,0,22,0,0,0,1,5,1,Graduate
1675,0,18,0,0,0,1,11,1,Graduate
1676,0,23,0,0,0,1,16,1,Dropout
1677,0,18,0,0,0,1,5,1,Graduate
1678,0,18,0,0,0,1,16,1,Enrolled
1679,1,50,0,0,1,0,15,1,Dropout
1680,0,19,1,1,0,1,2,1,Graduate
1681,0,22,1,0,0,1,11,1,Graduate
1682,0,23,1,1,1,1,10,1,Graduate
1683,0,20,0,1,1,0,6,1,Dropout
1684,0,44,0,0,0,0,10,1,Dropout
1685,1,49,0,0,0,1,4,1,Graduate
1686,1,46,0,0,0,1,17,0,Graduate
1687,1,41,0,0,0,0,6,1,Dropout
1688,1,18,0,0,0,1,12,1,Graduate
1689,1,43,0,0,0,1,17,0,Graduate
1690,1,70,0,0,1,0,9,1,Dropout
1691,1,48,0,0,0,1,8,1,Dropout
1692,1,41,0,0,0,1,4,1,Graduate
1693,1,21,0,0,0,1,11,1,Enrolled
1694,1,35,1,0,1,0,1,1,Dropout
1695,1,44,0,0,0,1,8,1,Graduate
1696,1,18,0,0,1,1,9,1,Dropout
1697,1,45,0,0,0,1,3,0,Graduate
1698,1,20,0,0,0,1,11,1,Enrolled
1699,1,22,0,0,0,1,4,1,Graduate
1700,1,39,0,0,0,1,7,1,Dropout
1701,1,20,0,0,0,0,6,1,Enrolled
1702,1,49,0,0,0,1,9,1,Dropout
1703,1,43,0,0,0,1,13,1,Dropout
1704,1,32,0,0,0,1,17,0,Dropout
1705,1,47,0,0,0,1,10,1,Graduate
1706,1,37,0,1,0,1,17,0,Dropout
1707,1,41,0,0,0,1,3,0,Graduate
1708,1,60,0,0,0,1,4,1,Graduate
1709,1,47,0,0,0,1,11,1,Graduate
1710,1,50,0,0,1,0,3,0,Dropout
1711,1,45,0,0,0,1,17,0,Dropout
1712,1,45,0,0,1,0,7,1,Dropout
1713,1,33,0,0,0,1,6,1,Graduate
1714,1,18,0,0,0,1,12,1,Graduate
1715,1,43,0,0,0,1,6,1,Graduate
1716,1,44,0,0,0,1,3,0,Graduate
1717,1,29,0,0,0,1,8,1,Dropout
1718,1,53,0,0,1,0,14,1,Dropout
1719,1,37,0,0,0,1,17,0,Enrolled
1720,1,18,0,0,0,1,14,1,Enrolled
1721,1,35,0,0,1,1,1,1,Dropout
1722,1,23,0,0,0,1,11,1,Enrolled
1723,1,22,0,0,0,1,2,1,Graduate
1724,1,33,0,0,0,0,3,0,Dropout
1725,1,41,0,0,0,0,8,1,Dropout
1726,1,51,0,0,0,1,12,1,Graduate
1727,1,19,0,0,0,1,14,1,Graduate
1728,1,35,0,0,0,1,17,0,Dropout
1729,1,20,1,0,0,1,2,1,Graduate
1730,1,18,0,0,0,1,14,1,Enrolled
1731,1,18,0,1,1,0,15,1,Dropout
1732,1,21,0,0,0,1,4,1,Graduate
1733,1,21,0,0,0,1,11,1,Graduate
1734,1,34,0,0,0,1,9,1,Graduate
1735,1,34,0,0,0,1,8,1,Dropout
1736,1,21,0,0,0,1,14,1,Graduate
1737,1,32,0,0,0,1,15,1,Enrolled
1738,1,30,0,0,0,1,11,1,Dropout
1739,1,19,0,0,1,1,2,1,Enrolled
1740,1,20,0,0,0,1,15,1,Dropout
1741,1,18,0,0,0,1,5,1,Dropout
1742,1,19,0,0,0,1,11,1,Graduate
1743,1,18,0,0,0,1,12,1,Dropout
1744,1,27,0,0,0,1,17,0,Dropout
1745,1,52,0,0,0,1,15,1,Graduate
1746,1,29,0,0,0,0,4,1,Dropout
1747,1,22,0,0,1,0,4,1,Dropout
1748,1,28,1,0,0,1,6,1,Graduate
1749,1,30,0,0,0,1,14,1,Dropout
1750,0,18,0,0,0,1,12,1,Graduate
1751,0,21,0,0,0,1,14,1,Graduate
1752,0,20,0,1,1,1,5,1,Graduate
1753,0,21,0,1,0,1,12,1,Graduate
1754,0,32,0,0,1,0,17,0,Dropout
1755,1,20,0,1,0,1,5,1,Graduate
1756,1,19,0,0,1,0,2,1,Dropout
1757,1,18,1,0,1,0,14,1,Dropout
1758,1,23,0,0,0,0,17,0,Dropout
1759,1,20,0,0,0,1,11,1,Graduate
1760,0,46,0,0,0,1,9,1,Graduate
1761,1,27,0,0,0,1,4,1,Graduate
1762,1,20,0,0,0,1,2,1,Enrolled
1763,1,41,0,0,0,1,3,0,Graduate
1764,1,40,1,0,1,1,9,1,Enrolled
1765,1,37,0,0,0,1,3,0,Graduate
1766,1,20,0,0,0,1,9,1,Enrolled
1767,0,20,0,0,0,1,8,1,Enrolled
1768,0,26,0,0,0,1,17,0,Graduate
1769,1,54,0,0,0,1,3,0,Graduate
1770,1,21,0,0,0,1,14,1,Graduate
1771,0,20,0,1,0,1,6,1,Graduate
1772,0,18,0,0,0,1,15,1,Dropout
1773,0,19,0,0,0,1,12,1,Enrolled
1774,0,18,0,0,0,1,10,1,Graduate
1775,0,19,0,0,0,1,6,1,Enrolled
1776,0,22,0,0,1,1,6,1,Dropout
1777,0,19,0,0,0,1,6,1,Graduate
1778,0,21,0,0,0,1,2,1,Dropout
1779,0,20,0,0,0,1,16,1,Enrolled
1780,0,18,0,1,0,1,15,1,Graduate
1781,0,18,0,1,0,1,15,1,Graduate
1782,0,20,0,0,1,1,14,1,Dropout
1783,0,18,0,1,0,1,12,1,Graduate
1784,0,18,0,0,0,1,12,1,Enrolled
1785,0,20,0,1,0,1,15,1,Graduate
1786,0,19,0,0,0,1,10,1,Graduate
1787,0,18,0,0,0,1,5,1,Graduate
1788,0,18,0,0,0,1,12,1,Graduate
1789,0,18,0,1,1,1,6,1,Dropout
1790,0,20,0,1,0,1,2,1,Graduate
1791,0,19,0,1,0,1,15,1,Graduate
1792,1,36,0,0,0,0,12,1,Dropout
1793,0,19,0,1,0,1,10,1,Graduate
1794,0,18,0,0,0,1,10,1,Graduate
1795,0,18,0,1,0,1,15,1,Graduate
1796,0,18,0,1,0,1,15,1,Graduate
1797,0,19,0,0,0,1,5,1,Graduate
1798,0,18,0,0,0,1,12,1,Graduate
1799,0,19,0,1,0,1,8,1,Graduate
1800,0,18,0,0,0,1,16,1,Enrolled
1801,0,22,0,1,0,0,5,1,Enrolled
1802,0,18,0,0,1,0,10,1,Dropout
1803,0,19,0,0,0,1,9,1,Graduate
1804,0,18,0,0,0,1,15,1,Graduate
1805,0,19,0,0,0,1,16,1,Graduate
1806,0,20,0,0,1,1,9,1,Enrolled
1807,0,18,0,1,0,1,5,1,Graduate
1808,0,23,0,0,1,0,8,1,Enrolled
1809,0,20,0,0,0,1,15,1,Dropout
1810,0,20,0,0,0,1,5,1,Enrolled
1811,0,22,0,1,1,0,10,1,Dropout
1812,0,18,0,1,0,1,16,1,Graduate
1813,0,18,0,1,0,1,12,1,Graduate
1814,0,18,0,0,0,1,12,1,Graduate
1815,0,18,0,0,0,1,16,1,Graduate
1816,0,21,0,0,0,1,9,1,Enrolled
1817,0,20,0,0,0,1,5,1,Enrolled
1818,0,18,0,0,0,1,5,1,Graduate
1819,0,20,0,1,0,0,12,1,Enrolled
1820,0,25,0,0,0,1,3,0,Graduate
1821,0,18,0,1,0,1,9,1,Graduate
1822,0,19,0,0,0,1,2,1,Graduate
1823,0,20,1,0,0,1,6,1,Enrolled
1824,0,20,0,1,0,1,10,1,Graduate
1825,0,21,0,1,0,1,15,1,Graduate
1826,0,18,0,0,0,1,14,1,Graduate
1827,0,18,0,0,0,1,16,1,Dropout
1828,0,18,0,1,0,1,5,1,Graduate
1829,0,18,0,0,0,1,12,1,Graduate
1830,0,19,0,0,0,1,14,1,Dropout
1831,0,20,0,0,0,1,11,1,Dropout
1832,0,47,0,0,0,1,10,1,Dropout
1833,0,21,1,0,1,1,8,1,Enrolled
1834,1,31,0,0,0,1,8,1,Dropout
1835,1,46,0,0,0,1,7,1,Dropout
1836,1,18,0,0,0,1,7,1,Enrolled
1837,1,19,0,0,0,1,7,1,Dropout
1838,1,23,0,0,0,1,13,1,Enrolled
1839,1,22,0,0,0,0,8,1,Dropout
1840,1,19,0,0,0,1,9,1,Graduate
1841,0,19,1,0,1,0,9,1,Dropout
1842,1,22,0,0,0,0,9,1,Enrolled
1843,1,29,0,0,1,0,8,1,Dropout
1844,0,18,0,0,0,1,12,1,Graduate
1845,0,18,0,0,0,1,10,1,Graduate
1846,0,23,0,1,1,0,2,1,Dropout
1847,0,34,0,0,0,1,17,0,Graduate
1848,0,19,0,0,0,1,9,1,Graduate
1849,0,18,0,0,0,1,6,1,Enrolled
1850,0,20,0,1,0,1,12,1,Graduate
1851,0,19,0,0,0,1,12,1,Graduate
1852,0,22,0,0,0,1,16,1,Enrolled
1853,0,23,0,1,0,1,10,1,Graduate
1854,1,34,0,1,0,1,12,1,Graduate
1855,1,18,0,0,1,0,7,1,Enrolled
1856,1,21,0,0,0,1,15,1,Dropout
1857,1,22,0,0,0,1,10,1,Dropout
1858,1,28,0,0,0,1,4,1,Dropout
1859,1,23,0,0,0,1,7,1,Dropout
1860,1,20,0,0,0,1,15,1,Dropout
1861,1,18,0,0,0,1,7,1,Dropout
1862,1,28,0,0,1,0,9,1,Dropout
1863,1,21,0,0,0,1,5,1,Dropout
1864,1,25,0,0,1,0,14,1,Dropout
1865,1,19,0,0,0,0,6,1,Dropout
1866,1,18,0,1,0,1,12,1,Graduate
1867,1,29,0,0,0,1,7,1,Dropout
1868,1,29,0,1,0,1,7,1,Dropout
1869,1,20,0,0,0,1,11,1,Graduate
1870,1,18,0,0,0,1,2,1,Graduate
1871,1,20,0,0,0,1,11,1,Graduate
1872,1,33,0,0,0,1,7,1,Dropout
1873,1,30,0,0,0,1,17,0,Graduate
1874,1,21,0,1,0,1,13,1,Enrolled
1875,1,18,0,0,1,1,4,1,Graduate
1876,1,19,0,1,0,1,12,1,Graduate
1877,1,21,0,1,0,1,5,1,Dropout
1878,1,25,0,1,0,1,13,1,Dropout
1879,1,19,0,0,0,1,14,1,Graduate
1880,1,23,0,0,0,1,5,1,Dropout
1881,1,19,0,1,0,1,5,1,Graduate
1882,1,19,0,0,0,1,2,1,Graduate
1883,1,31,0,0,1,0,4,1,Dropout
1884,1,32,0,0,1,0,4,1,Dropout
1885,0,19,0,1,0,1,12,1,Graduate
1886,0,34,0,0,0,1,15,1,Graduate
1887,0,21,0,0,0,1,15,1,Graduate
1888,0,53,0,1,0,1,10,1,Graduate
1889,0,19,0,1,0,1,12,1,Graduate
1890,0,20,0,1,0,1,15,1,Graduate
1891,0,18,0,0,0,1,15,1,Graduate
1892,0,32,0,0,0,0,2,1,Dropout
1893,0,21,0,1,0,1,12,1,Graduate
1894,0,26,0,0,0,0,3,0,Dropout
1895,0,26,0,0,0,1,6,1,Graduate
1896,0,21,0,0,0,0,17,0,Dropout
1897,0,18,0,0,0,1,15,1,Graduate
1898,0,21,0,1,0,1,5,1,Graduate
1899,0,21,0,0,0,1,11,1,Enrolled
1900,0,19,0,1,0,1,14,1,Graduate
1901,0,19,0,0,0,1,9,1,Dropout
1902,0,19,0,1,0,1,10,1,Graduate
1903,0,27,0,0,0,1,12,1,Graduate
1904,0,18,0,1,0,1,12,1,Graduate
1905,0,20,0,0,0,1,9,1,Dropout
1906,0,19,0,1,0,1,12,1,Graduate
1907,0,20,0,0,0,1,14,1,Dropout
1908,0,19,0,1,0,1,10,1,Graduate
1909,0,20,0,0,0,1,10,1,Enrolled
1910,0,20,0,0,0,1,2,1,Dropout
1911,0,18,0,0,0,1,16,1,Graduate
1912,0,20,0,0,0,1,6,1,Graduate
1913,0,38,0,0,0,0,17,0,Dropout
1914,0,42,0,0,0,1,3,0,Graduate
1915,0,32,0,0,0,1,12,1,Dropout
1916,0,22,1,0,0,1,15,1,Graduate
1917,0,28,0,0,0,1,17,0,Dropout
1918,0,37,0,0,0,1,3,0,Dropout
1919,0,43,0,0,0,1,4,1,Graduate
1920,0,41,0,1,0,1,3,0,Graduate
1921,0,29,0,1,0,1,3,0,Graduate
1922,0,35,0,1,0,1,3,0,Graduate
1923,0,18,0,0,0,1,10,1,Dropout
1924,0,39,0,1,0,0,12,1,Dropout
1925,0,37,0,0,0,1,17,0,Enrolled
1926,0,26,0,1,0,1,12,1,Graduate
1927,0,32,0,0,0,1,6,1,Dropout
1928,0,37,0,0,1,1,3,0,Enrolled
1929,0,28,0,0,1,1,6,1,Enrolled
1930,0,19,0,0,0,1,10,1,Dropout
1931,0,18,0,0,0,1,9,1,Enrolled
1932,0,19,0,1,0,1,16,1,Graduate
1933,0,32,0,0,0,1,14,1,Graduate
1934,0,31,0,0,0,1,9,1,Dropout
1935,0,34,0,0,0,1,12,1,Enrolled
1936,0,20,0,0,0,1,2,1,Graduate
1937,0,28,0,0,0,1,12,1,Dropout
1938,0,31,0,0,0,1,17,0,Enrolled
1939,0,18,0,0,0,1,15,1,Enrolled
1940,0,31,0,0,0,0,3,0,Dropout
1941,0,19,0,0,0,1,15,1,Graduate
1942,0,19,0,1,0,1,10,1,Graduate
1943,0,31,0,0,0,1,10,1,Enrolled
1944,0,34,0,0,0,1,6,1,Dropout
1945,0,18,0,1,0,1,13,1,Graduate
1946,0,18,0,0,0,1,11,1,Graduate
1947,1,19,0,0,1,1,9,1,Graduate
1948,1,22,0,1,0,0,15,1,Dropout
1949,1,32,0,0,0,1,14,1,Graduate
1950,1,61,0,0,0,1,9,1,Dropout
1951,1,30,0,0,0,1,17,0,Graduate
1952,1,45,0,0,1,0,17,0,Dropout
1953,1,20,0,0,0,1,4,1,Graduate
1954,0,19,0,0,0,1,12,1,Dropout
1955,1,26,0,0,0,1,7,1,Dropout
1956,1,19,0,0,0,1,14,1,Dropout
1957,1,19,0,1,0,1,15,1,Graduate
1958,1,19,0,0,0,1,15,1,Graduate
1959,1,19,0,1,0,1,9,1,Graduate
1960,1,19,0,0,0,0,14,1,Dropout
1961,1,28,0,0,0,0,14,1,Dropout
1962,1,24,0,0,0,1,9,1,Graduate
1963,1,18,0,0,0,1,8,1,Graduate
1964,1,18,0,0,0,1,7,1,Enrolled
1965,1,18,0,1,0,1,15,1,Graduate
1966,1,21,0,0,0,1,4,1,Graduate
1967,1,28,0,0,0,0,17,0,Dropout
1968,1,58,0,0,0,1,4,1,Dropout
1969,1,49,0,0,0,0,17,0,Dropout
1970,1,24,0,0,0,1,7,1,Enrolled
1971,1,25,0,0,0,1,14,1,Graduate
1972,1,33,0,0,0,1,9,1,Dropout
1973,1,33,0,0,0,0,7,1,Dropout
1974,1,40,0,0,0,1,16,1,Graduate
1975,1,48,0,0,0,1,17,0,Graduate
1976,1,18,0,0,1,0,7,1,Enrolled
1977,1,24,0,0,0,1,12,1,Graduate
1978,1,23,0,1,0,1,6,1,Graduate
1979,1,39,0,0,1,0,17,0,Dropout
1980,1,21,0,0,0,1,4,1,Graduate
1981,1,34,0,0,0,1,7,1,Dropout
1982,1,41,0,1,0,1,17,0,Enrolled
1983,1,18,0,0,0,1,15,1,Graduate
1984,1,34,0,0,0,1,17,0,Enrolled
1985,1,19,0,0,0,1,9,1,Dropout
1986,1,19,0,0,0,1,12,1,Graduate
1987,1,28,0,0,0,1,4,1,Graduate
1988,1,18,0,0,0,1,5,1,Dropout
1989,1,19,0,0,0,1,10,1,Dropout
1990,1,19,0,0,1,0,6,1,Dropout
1991,0,18,0,0,0,1,12,1,Graduate
1992,0,18,0,0,0,1,8,1,Graduate
1993,0,18,0,0,0,1,15,1,Dropout
1994,0,19,0,0,0,1,10,1,Graduate
1995,0,31,0,0,0,1,10,1,Graduate
1996,0,33,0,1,0,1,3,0,Graduate
1997,0,20,0,1,0,1,12,1,Enrolled
1998,0,22,1,0,0,1,6,1,Enrolled
1999,0,19,0,0,0,1,11,1,Graduate
2000,0,18,0,0,0,1,5,1,Dropout
2001,0,18,0,0,0,1,5,1,Dropout
2002,0,18,0,0,0,0,14,1,Dropout
2003,0,18,0,0,0,1,2,1,Graduate
2004,0,19,0,1,0,1,9,1,Graduate
2005,0,18,0,0,0,1,10,1,Dropout
2006,0,18,0,0,0,1,6,1,Graduate
2007,0,18,0,1,0,1,12,1,Graduate
2008,0,21,0,0,0,1,10,1,Graduate
2009,0,18,0,1,0,1,12,1,Graduate
2010,0,18,0,0,0,1,14,1,Graduate
2011,0,18,0,0,0,1,12,1,Graduate
2012,0,20,0,0,0,1,12,1,Graduate
2013,0,18,0,1,0,1,9,1,Graduate
2014,0,18,0,0,0,1,15,1,Dropout
2015,0,20,0,1,0,1,9,1,Graduate
2016,0,20,0,0,0,1,11,1,Graduate
2017,0,19,0,1,1,1,9,1,Dropout
2018,0,19,0,1,0,1,5,1,Graduate
2019,0,18,0,1,1,0,14,1,Dropout
2020,0,19,0,1,1,1,15,1,Graduate
2021,0,20,0,1,0,1,12,1,Graduate
2022,0,21,0,0,0,1,9,1,Graduate
2023,0,21,0,0,0,1,12,1,Graduate
2024,0,20,0,0,0,1,5,1,Graduate
2025,0,19,0,0,0,1,16,1,Graduate
2026,0,21,0,0,0,0,6,1,Dropout
2027,0,18,0,0,0,1,6,1,Graduate
2028,0,19,0,1,0,1,11,1,Graduate
2029,0,18,0,0,0,1,12,1,Graduate
2030,0,19,0,1,0,1,12,1,Graduate
2031,0,18,0,1,0,1,9,1,Graduate
2032,0,18,0,1,0,1,16,1,Enrolled
2033,0,18,0,0,0,1,15,1,Graduate
2034,0,18,0,1,0,1,6,1,Graduate
2035,0,18,0,0,0,1,5,1,Dropout
2036,0,18,0,1,0,1,5,1,Enrolled
2037,0,18,0,0,0,1,10,1,Dropout
2038,0,18,0,0,0,1,10,1,Graduate
2039,0,20,0,1,0,1,6,1,Graduate
2040,0,18,0,0,0,1,16,1,Enrolled
2041,0,18,0,0,0,1,5,1,Graduate
2042,0,20,0,1,0,1,12,1,Graduate
2043,0,40,0,0,0,1,14,1,Graduate
2044,0,18,0,1,0,1,12,1,Graduate
2045,0,19,0,0,0,1,11,1,Graduate
2046,0,24,0,0,0,1,17,0,Dropout
2047,0,19,0,0,0,1,15,1,Dropout
2048,0,19,0,0,0,1,12,1,Graduate
2049,0,20,0,1,0,1,12,1,Graduate
2050,0,18,0,0,0,1,12,1,Graduate
2051,0,18,0,1,0,1,2,1,Graduate
2052,0,19,0,0,0,1,12,1,Graduate
2053,0,18,0,0,0,1,12,1,Dropout
2054,0,19,0,0,0,1,6,1,Graduate
2055,0,19,0,1,0,1,12,1,Graduate
2056,0,19,0,1,0,1,12,1,Graduate
2057,0,19,0,1,0,1,12,1,Dropout
2058,0,19,0,0,0,1,12,1,Graduate
2059,0,25,0,0,1,0,14,1,Dropout
2060,0,20,0,0,0,1,12,1,Graduate
2061,0,23,0,0,1,0,10,1,Dropout
2062,0,20,0,0,0,1,5,1,Dropout
2063,0,27,0,0,0,1,3,0,Graduate
2064,0,18,0,0,0,1,12,1,Graduate
2065,0,18,0,0,1,1,16,1,Enrolled
2066,0,23,0,0,1,0,3,0,Dropout
2067,0,19,0,1,0,1,12,1,Graduate
2068,0,18,0,0,0,1,9,1,Graduate
2069,0,20,0,0,0,1,12,1,Graduate
2070,0,18,0,0,0,1,14,1,Graduate
2071,0,19,0,1,0,1,12,1,Graduate
2072,0,19,0,1,0,1,10,1,Graduate
2073,0,19,0,0,0,1,16,1,Enrolled
2074,0,18,0,0,0,1,6,1,Graduate
2075,0,18,0,0,0,1,10,1,Graduate
2076,0,18,0,0,0,1,15,1,Graduate
2077,0,28,0,0,0,0,16,1,Dropout
2078,0,19,0,0,0,1,11,1,Dropout
2079,0,20,0,0,1,1,2,1,Dropout
2080,0,19,0,1,0,1,12,1,Graduate
2081,0,20,0,1,0,1,5,1,Graduate
2082,0,19,0,1,0,1,11,1,Graduate
2083,0,21,0,0,0,1,5,1,Enrolled
2084,0,19,0,1,0,1,16,1,Graduate
2085,0,18,0,1,0,1,5,1,Graduate
2086,0,19,0,0,0,1,8,1,Dropout
2087,0,19,0,1,0,1,14,1,Graduate
2088,0,20,0,0,1,1,15,1,Graduate
2089,0,18,0,0,0,1,16,1,Enrolled
2090,0,18,0,0,0,1,2,1,Enrolled
2091,0,18,0,0,0,1,8,1,Graduate
2092,0,18,0,0,0,1,15,1,Dropout
2093,0,18,0,0,0,1,10,1,Graduate
2094,0,20,0,0,0,1,15,1,Dropout
2095,0,19,0,1,0,1,12,1,Graduate
2096,0,21,0,0,1,0,16,1,Dropout
2097,0,20,0,0,1,0,14,1,Dropout
2098,0,18,0,0,0,1,11,1,Graduate
2099,0,20,0,1,0,1,15,1,Graduate
2100,0,19,0,1,0,1,12,1,Graduate
2101,0,22,0,0,0,1,6,1,Dropout
2102,0,22,0,0,0,0,8,1,Dropout
2103,0,18,0,0,0,1,16,1,Enrolled
2104,0,21,0,0,0,1,9,1,Enrolled
2105,0,19,0,0,0,1,10,1,Graduate
2106,0,19,0,0,0,1,2,1,Dropout
2107,0,20,0,1,0,1,12,1,Dropout
2108,0,18,0,1,1,1,12,1,Graduate
2109,0,22,0,0,0,0,17,0,Dropout
2110,0,20,0,0,0,1,6,1,Graduate
2111,0,19,0,0,0,1,4,1,Graduate
2112,0,19,0,1,0,1,12,1,Graduate
2113,0,20,0,1,0,1,12,1,Enrolled
2114,0,25,0,0,0,1,17,0,Enrolled
2115,0,19,0,1,0,1,12,1,Graduate
2116,0,19,0,0,0,1,12,1,Graduate
2117,0,19,0,0,0,0,5,1,Dropout
2118,0,20,0,0,0,1,12,1,Graduate
2119,0,25,0,0,0,1,13,1,Enrolled
2120,0,20,0,1,0,1,12,1,Graduate
2121,0,24,0,0,0,1,10,1,Enrolled
2122,0,20,0,0,0,1,14,1,Graduate
2123,0,21,0,0,0,1,12,1,Graduate
2124,0,19,0,1,1,1,4,1,Graduate
2125,0,19,0,1,0,1,15,1,Graduate
2126,0,21,0,1,0,1,14,1,Graduate
2127,0,28,0,0,0,1,12,1,Graduate
2128,0,19,0,1,1,0,10,1,Graduate
2129,0,18,0,1,0,1,9,1,Graduate
2130,0,18,0,1,0,1,12,1,Graduate
2131,0,18,0,1,0,1,12,1,Graduate
2132,0,22,0,0,0,1,12,1,Graduate
2133,0,19,0,0,0,1,9,1,Enrolled
2134,0,18,0,1,0,1,12,1,Graduate
2135,0,20,0,0,0,0,11,1,Dropout
2136,0,26,0,0,0,0,2,1,Dropout
2137,0,18,0,1,0,1,5,1,Graduate
2138,0,21,0,1,0,1,11,1,Dropout
2139,0,18,0,0,0,1,12,1,Graduate
2140,0,20,0,0,0,1,6,1,Graduate
2141,0,18,0,0,0,1,12,1,Graduate
2142,0,19,0,1,0,1,9,1,Enrolled
2143,0,20,0,0,0,1,14,1,Dropout
2144,0,18,0,1,1,1,16,1,Graduate
2145,0,20,0,1,0,1,9,1,Enrolled
2146,0,22,0,0,0,1,3,0,Graduate
2147,0,18,0,0,0,1,2,1,Enrolled
2148,0,21,0,0,0,1,17,0,Graduate
2149,0,18,0,0,0,1,16,1,Enrolled
2150,0,18,0,0,0,1,12,1,Graduate
2151,0,18,0,1,0,1,5,1,Graduate
2152,0,19,0,0,0,1,2,1,Dropout
2153,0,19,0,0,0,1,9,1,Enrolled
2154,0,19,0,0,0,1,12,1,Enrolled
2155,0,19,0,0,0,1,12,1,Graduate
2156,0,19,0,0,0,1,9,1,Enrolled
2157,0,19,0,0,0,0,11,1,Dropout
2158,0,21,0,1,0,1,11,1,Graduate
2159,0,20,1,1,0,1,15,1,Graduate
2160,0,20,0,1,0,1,9,1,Graduate
2161,0,41,0,0,0,1,17,0,Graduate
2162,0,32,0,0,0,1,12,1,Enrolled
2163,0,18,0,0,0,1,12,1,Graduate
2164,0,35,0,1,0,1,3,0,Graduate
2165,0,32,0,0,1,0,12,1,Dropout
2166,0,37,0,0,0,1,3,0,Graduate
2167,0,30,0,0,0,1,9,1,Dropout
2168,1,23,0,0,0,1,15,1,Graduate
2169,0,20,0,1,0,1,15,1,Dropout
2170,1,21,0,0,0,1,14,1,Graduate
2171,1,19,0,0,0,1,9,1,Graduate
2172,1,18,0,1,0,1,12,1,Graduate
2173,1,18,0,0,0,1,7,1,Dropout
2174,1,24,0,0,0,1,17,0,Enrolled
2175,1,22,0,0,0,1,14,1,Graduate
2176,1,18,0,0,0,1,11,1,Dropout
2177,0,18,0,0,0,1,10,1,Graduate
2178,1,21,1,0,0,1,5,1,Graduate
2179,0,38,0,0,1,1,12,1,Dropout
2180,0,19,0,1,0,1,13,1,Graduate
2181,0,36,0,0,0,1,12,1,Dropout
2182,0,18,0,0,0,1,6,1,Graduate
2183,0,19,0,0,0,1,12,1,Graduate
2184,0,21,0,0,1,0,6,1,Dropout
2185,0,19,0,0,0,1,12,1,Enrolled
2186,0,18,0,1,0,1,10,1,Graduate
2187,0,45,0,0,0,1,12,1,Enrolled
2188,0,20,0,0,0,1,9,1,Dropout
2189,0,18,0,0,1,1,11,1,Graduate
2190,0,18,0,1,0,1,14,1,Graduate
2191,0,25,0,0,0,1,8,1,Dropout
2192,0,19,0,0,0,1,12,1,Graduate
2193,0,18,0,1,0,1,2,1,Graduate
2194,0,39,0,0,0,1,11,1,Graduate
2195,0,29,0,0,0,1,4,1,Graduate
2196,0,18,0,0,0,1,16,1,Enrolled
2197,0,23,0,0,0,0,5,1,Dropout
2198,0,21,0,0,0,1,16,1,Dropout
2199,0,18,0,0,0,0,10,1,Graduate
2200,0,23,0,0,0,1,6,1,Graduate
2201,0,18,0,0,0,1,8,1,Graduate
2202,0,32,0,0,0,1,3,0,Graduate
2203,0,29,0,0,1,0,9,1,Dropout
2204,0,20,0,1,1,1,10,1,Graduate
2205,0,28,0,0,0,0,10,1,Dropout
2206,0,27,0,0,0,1,9,1,Graduate
2207,0,22,0,0,1,1,12,1,Graduate
2208,0,37,0,0,1,1,4,1,Enrolled
2209,0,28,0,0,0,0,3,0,Dropout
2210,0,43,0,0,1,0,4,1,Dropout
2211,0,32,0,0,0,0,13,1,Dropout
2212,0,20,0,1,0,1,10,1,Enrolled
2213,0,35,0,1,0,1,12,1,Graduate
2214,0,21,0,0,0,1,14,1,Graduate
2215,0,18,0,1,0,1,12,1,Enrolled
2216,0,18,0,1,0,1,12,1,Graduate
2217,0,18,0,0,0,1,10,1,Graduate
2218,0,22,0,0,0,1,3,0,Graduate
2219,0,19,0,0,0,1,12,1,Graduate
2220,0,18,0,1,0,1,9,1,Graduate
2221,0,19,0,0,1,1,2,1,Dropout
2222,0,18,0,1,0,1,12,1,Graduate
2223,0,31,0,0,1,0,17,0,Dropout
2224,0,33,0,1,1,1,3,0,Graduate
2225,0,19,0,1,0,1,12,1,Graduate
2226,0,18,0,1,0,1,10,1,Graduate
2227,0,23,0,0,0,1,9,1,Graduate
2228,0,20,0,0,0,1,10,1,Graduate
2229,0,18,0,0,0,1,12,1,Graduate
2230,0,21,0,0,1,1,6,1,Enrolled
2231,0,22,0,1,0,1,10,1,Graduate
2232,0,20,0,0,1,1,10,1,Graduate
2233,0,23,0,0,0,1,12,1,Graduate
2234,0,19,0,0,0,1,15,1,Graduate
2235,0,19,0,0,0,1,12,1,Graduate
2236,0,26,0,0,0,1,17,0,Dropout
2237,0,18,0,0,0,1,12,1,Graduate
2238,1,18,0,0,0,1,7,1,Dropout
2239,1,20,0,0,0,1,4,1,Graduate
2240,1,19,0,0,0,1,14,1,Dropout
2241,1,32,0,0,0,0,17,0,Dropout
2242,1,31,0,0,0,0,8,1,Dropout
2243,1,25,0,0,0,1,7,1,Enrolled
2244,0,21,0,0,0,1,6,1,Graduate
2245,0,31,0,0,0,0,17,0,Dropout
2246,0,34,0,0,0,1,16,1,Dropout
2247,0,18,0,1,0,1,10,1,Graduate
2248,0,19,0,0,1,1,10,1,Dropout
2249,0,21,0,0,1,1,14,1,Enrolled
2250,0,18,0,0,0,0,16,1,Dropout
2251,0,20,0,0,0,1,11,1,Graduate
2252,0,20,0,0,0,1,15,1,Graduate
2253,0,18,0,1,0,1,14,1,Graduate
2254,0,19,0,0,0,1,10,1,Graduate
2255,0,19,0,0,0,1,6,1,Enrolled
2256,0,30,0,1,0,1,8,1,Dropout
2257,0,19,0,0,0,1,10,1,Graduate
2258,0,19,0,0,0,1,13,1,Graduate
2259,0,19,0,1,0,1,12,1,Graduate
2260,0,19,0,0,0,1,6,1,Graduate
2261,0,20,0,0,0,1,10,1,Graduate
2262,1,25,0,0,1,1,7,1,Dropout
2263,1,19,0,0,0,1,15,1,Dropout
2264,0,34,0,1,1,1,16,1,Graduate
2265,0,18,0,1,0,1,12,1,Graduate
2266,0,18,0,1,0,1,12,1,Graduate
2267,0,20,0,0,0,1,14,1,Graduate
2268,0,20,0,1,0,1,12,1,Graduate
2269,0,23,0,0,1,1,17,0,Enrolled
2270,0,28,0,0,0,1,14,1,Dropout
2271,0,18,0,0,0,1,15,1,Enrolled
2272,0,19,0,0,0,1,9,1,Graduate
2273,0,34,0,0,0,1,9,1,Dropout
2274,0,35,0,0,0,1,16,1,Dropout
2275,0,32,0,0,0,1,17,0,Graduate
2276,0,19,0,0,0,1,11,1,Graduate
2277,0,18,0,0,0,1,14,1,Graduate
2278,0,35,0,0,0,0,9,1,Dropout
2279,1,24,0,1,0,1,3,0,Enrolled
2280,0,20,0,1,0,1,10,1,Graduate
2281,1,18,1,1,0,1,15,1,Graduate
2282,1,20,0,1,0,1,12,1,Graduate
2283,1,18,0,0,0,0,11,1,Dropout
2284,1,18,0,1,0,1,7,1,Graduate
2285,1,20,0,1,0,1,14,1,Graduate
2286,1,19,0,0,0,1,16,1,Dropout
2287,1,20,0,1,0,1,5,1,Enrolled
2288,1,19,0,0,0,1,10,1,Graduate
2289,1,20,0,0,0,1,15,1,Graduate
2290,1,22,0,0,0,1,12,1,Graduate
2291,1,18,0,1,0,1,7,1,Enrolled
2292,1,19,0,0,0,1,12,1,Graduate
2293,1,22,0,0,0,1,4,1,Dropout
2294,1,20,1,0,0,1,7,1,Graduate
2295,1,34,0,0,1,0,4,1,Dropout
2296,1,24,0,0,0,1,3,0,Dropout
2297,1,26,0,0,0,1,14,1,Dropout
2298,1,35,0,0,0,1,12,1,Dropout
2299,1,22,0,0,0,1,17,0,Graduate
2300,1,26,0,0,0,1,11,1,Enrolled
2301,1,19,0,0,0,1,9,1,Dropout
2302,1,19,0,0,0,0,11,1,Dropout
2303,1,20,0,0,1,1,2,1,Graduate
2304,1,21,0,0,1,1,14,1,Graduate
2305,0,19,0,1,0,1,15,1,Graduate
2306,0,18,0,0,0,1,15,1,Graduate
2307,0,23,0,1,0,1,4,1,Graduate
2308,0,18,0,1,0,1,9,1,Graduate
2309,0,18,0,0,0,1,12,1,Graduate
2310,0,19,0,0,0,1,12,1,Graduate
2311,0,21,0,0,0,1,9,1,Graduate
2312,0,18,0,1,0,1,6,1,Graduate
2313,0,24,0,1,0,1,15,1,Graduate
2314,0,18,0,0,0,1,12,1,Dropout
2315,0,18,0,0,0,1,14,1,Enrolled
2316,0,20,0,0,0,1,12,1,Graduate
2317,0,19,0,0,0,1,6,1,Enrolled
2318,0,18,0,1,0,0,15,1,Dropout
2319,0,19,0,1,0,1,11,1,Dropout
2320,0,19,0,0,0,1,16,1,Graduate
2321,0,18,0,0,1,1,10,1,Graduate
2322,0,20,0,0,0,1,16,1,Enrolled
2323,0,18,0,1,0,1,12,1,Graduate
2324,0,19,0,1,0,1,13,1,Graduate
2325,0,18,0,0,0,1,9,1,Enrolled
2326,0,18,0,0,0,1,12,1,Graduate
2327,0,21,0,0,0,1,6,1,Enrolled
2328,0,19,0,0,1,0,11,1,Dropout
2329,0,21,0,0,0,1,12,1,Graduate
2330,0,18,0,0,0,1,6,1,Enrolled
2331,0,18,0,1,0,1,13,1,Graduate
2332,0,18,0,0,0,1,12,1,Graduate
2333,0,23,0,0,0,0,8,1,Dropout
2334,0,20,0,0,0,1,10,1,Enrolled
2335,0,18,0,0,0,1,12,1,Graduate
2336,0,19,0,0,0,1,16,1,Enrolled
2337,0,27,0,1,0,1,12,1,Enrolled
2338,0,19,0,1,1,0,9,1,Enrolled
2339,0,21,0,0,0,1,8,1,Dropout
2340,0,19,0,1,0,1,12,1,Graduate
2341,0,21,0,1,0,1,10,1,Graduate
2342,0,18,0,0,0,1,15,1,Graduate
2343,0,20,0,1,0,1,6,1,Graduate
2344,0,18,0,1,0,1,16,1,Graduate
2345,0,18,0,1,1,0,5,1,Dropout
2346,0,18,0,0,0,1,6,1,Graduate
2347,0,18,0,1,0,1,15,1,Graduate
2348,0,19,0,1,0,1,12,1,Enrolled
2349,0,23,0,0,1,0,6,1,Enrolled
2350,0,24,0,1,0,1,6,1,Graduate
2351,0,19,0,0,0,1,2,1,Graduate
2352,0,18,0,0,0,1,12,1,Graduate
2353,0,19,0,0,0,1,5,1,Graduate
2354,0,19,0,0,0,1,16,1,Dropout
2355,0,20,0,1,0,1,10,1,Enrolled
2356,0,20,0,0,0,1,6,1,Enrolled
2357,0,26,0,0,0,1,15,1,Dropout
2358,1,36,0,0,1,0,11,1,Dropout
2359,1,19,0,0,0,0,2,1,Dropout
2360,1,27,0,0,0,0,7,1,Dropout
2361,1,18,0,0,0,1,7,1,Dropout
2362,1,18,0,1,0,1,12,1,Graduate
2363,1,28,0,0,0,1,5,1,Dropout
2364,1,21,0,0,0,1,2,1,Graduate
2365,1,19,0,0,0,1,12,1,Graduate
2366,1,26,0,0,1,0,14,1,Dropout
2367,1,20,0,0,0,1,7,1,Dropout
2368,1,19,0,0,0,1,12,1,Graduate
2369,1,21,0,0,0,1,9,1,Dropout
2370,1,23,0,1,0,1,14,1,Graduate
2371,1,29,0,0,0,1,3,0,Graduate
2372,1,20,0,0,0,1,12,1,Graduate
2373,1,18,0,0,0,1,10,1,Graduate
2374,1,19,0,0,0,1,15,1,Graduate
2375,1,23,0,0,0,0,13,1,Dropout
2376,1,21,0,0,0,1,2,1,Dropout
2377,1,18,0,0,0,1,9,1,Enrolled
2378,1,18,0,1,0,1,2,1,Graduate
2379,1,21,0,0,1,0,5,1,Dropout
2380,1,22,0,0,0,1,10,1,Dropout
2381,1,21,0,0,0,1,13,1,Graduate
2382,1,32,0,0,0,0,12,1,Dropout
2383,1,27,0,0,0,1,4,1,Graduate
2384,1,18,0,0,0,1,12,1,Graduate
2385,1,24,0,1,0,1,5,1,Graduate
2386,1,22,0,0,0,1,8,1,Dropout
2387,1,22,0,0,0,0,8,1,Dropout
2388,1,19,0,0,0,1,9,1,Graduate
2389,1,19,0,0,0,1,7,1,Dropout
2390,1,21,0,0,0,1,6,1,Enrolled
2391,0,18,0,1,0,1,12,1,Graduate
2392,0,18,0,0,0,1,11,1,Graduate
2393,0,20,0,0,1,1,2,1,Dropout
2394,0,19,0,0,0,1,10,1,Graduate
2395,0,19,0,0,1,1,15,1,Graduate
2396,0,18,0,1,0,1,11,1,Graduate
2397,0,20,0,0,0,1,8,1,Enrolled
2398,0,22,0,1,1,1,5,1,Graduate
2399,0,31,0,0,0,1,13,1,Graduate
2400,0,19,0,1,0,1,16,1,Graduate
2401,0,18,0,0,0,1,2,1,Enrolled
2402,0,18,0,1,0,1,11,1,Graduate
2403,0,21,0,0,0,1,6,1,Graduate
2404,0,18,0,1,0,1,12,1,Graduate
2405,1,25,1,0,1,0,9,1,Dropout
2406,1,21,1,0,1,1,7,1,Dropout
2407,0,19,0,1,0,1,12,1,Graduate
2408,0,19,0,0,0,1,15,1,Enrolled
2409,0,22,0,0,0,1,11,1,Dropout
2410,1,19,0,0,0,1,9,1,Graduate
2411,0,58,0,0,0,1,3,0,Dropout
2412,0,19,0,1,0,1,10,1,Graduate
2413,1,23,1,0,0,1,14,1,Graduate
2414,0,19,0,1,0,1,15,1,Enrolled
2415,0,18,0,0,0,1,12,1,Graduate
2416,0,20,0,0,0,1,6,1,Graduate
2417,0,18,0,0,0,0,6,1,Dropout
2418,0,18,0,0,0,1,14,1,Graduate
2419,0,18,0,1,1,1,9,1,Graduate
2420,0,24,0,0,0,1,8,1,Dropout
2421,0,18,0,0,0,1,16,1,Dropout
2422,0,19,0,1,0,1,9,1,Enrolled
2423,0,19,0,1,0,1,10,1,Graduate
2424,0,18,0,0,0,1,11,1,Graduate
2425,0,18,0,0,0,1,8,1,Enrolled
2426,0,19,0,1,0,1,2,1,Graduate
2427,0,22,0,0,0,1,6,1,Graduate
2428,0,19,0,0,0,1,11,1,Enrolled
2429,0,21,0,1,0,1,10,1,Enrolled
2430,0,21,0,1,0,1,15,1,Graduate
2431,0,18,0,1,0,1,12,1,Graduate
2432,0,20,0,0,0,1,16,1,Dropout
2433,0,18,0,1,0,1,11,1,Enrolled
2434,0,19,0,0,0,1,5,1,Graduate
2435,0,18,0,1,0,1,12,1,Enrolled
2436,1,26,1,0,1,0,9,1,Dropout
2437,0,19,1,0,1,1,7,1,Enrolled
2438,0,35,0,0,0,1,3,0,Graduate
2439,0,19,0,1,0,1,14,1,Graduate
2440,1,18,0,0,0,1,6,1,Graduate
2441,1,19,0,0,0,1,14,1,Graduate
2442,1,25,0,0,0,1,2,1,Graduate
2443,1,18,0,0,0,1,11,1,Graduate
2444,1,26,0,0,1,0,4,1,Dropout
2445,1,34,0,0,0,1,17,0,Graduate
2446,1,18,0,0,0,0,11,1,Dropout
2447,1,18,0,0,0,0,2,1,Dropout
2448,1,18,0,1,0,1,7,1,Dropout
2449,1,20,0,0,0,1,4,1,Dropout
2450,1,25,0,0,0,1,5,1,Graduate
2451,1,18,0,0,0,1,8,1,Dropout
2452,1,19,0,0,0,1,4,1,Graduate
2453,1,20,0,0,0,1,2,1,Dropout
2454,1,20,0,1,0,1,10,1,Graduate
2455,1,20,0,0,0,1,7,1,Enrolled
2456,1,19,0,1,0,1,9,1,Dropout
2457,1,20,0,0,0,1,9,1,Enrolled
2458,1,18,0,0,0,1,12,1,Enrolled
2459,1,19,0,0,0,1,14,1,Enrolled
2460,1,20,0,0,0,0,9,1,Dropout
2461,1,24,0,0,0,1,14,1,Dropout
2462,1,20,0,0,0,1,4,1,Graduate
2463,1,19,0,0,0,1,14,1,Enrolled
2464,1,23,0,0,0,1,7,1,Dropout
2465,1,20,0,0,0,1,11,1,Enrolled
2466,1,21,0,0,0,1,3,0,Graduate
2467,1,20,0,0,0,1,7,1,Dropout
2468,1,21,0,0,0,1,7,1,Enrolled
2469,1,18,0,1,0,1,15,1,Graduate
2470,1,18,0,0,0,1,11,1,Graduate
2471,1,18,0,0,0,1,9,1,Enrolled
2472,1,20,0,0,0,1,4,1,Enrolled
2473,1,18,0,1,0,1,15,1,Graduate
2474,1,19,0,0,0,1,15,1,Dropout
2475,1,20,0,0,0,1,7,1,Enrolled
2476,1,19,0,0,0,1,8,1,Graduate
2477,1,33,0,0,1,1,17,0,Dropout
2478,1,21,0,0,0,1,2,1,Graduate
2479,1,25,0,0,1,0,4,1,Dropout
2480,1,20,0,1,0,1,6,1,Dropout
2481,1,22,0,1,0,1,6,1,Dropout
2482,0,39,0,0,0,1,15,1,Graduate
2483,1,21,0,1,0,1,14,1,Graduate
2484,0,19,0,1,0,1,11,1,Graduate
2485,0,26,0,1,0,1,12,1,Graduate
2486,0,19,0,1,0,1,10,1,Graduate
2487,0,20,0,1,0,0,6,1,Graduate
2488,0,25,0,1,0,1,14,1,Enrolled
2489,1,24,0,0,0,1,3,0,Dropout
2490,1,20,0,0,0,1,7,1,Graduate
2491,1,29,0,0,0,1,4,1,Graduate
2492,1,20,0,0,0,1,15,1,Graduate
2493,1,20,0,0,0,1,8,1,Dropout
2494,1,24,0,1,0,1,14,1,Graduate
2495,1,24,0,0,1,1,12,1,Dropout
2496,1,23,0,0,0,1,7,1,Graduate
2497,1,20,0,0,0,1,13,1,Graduate
2498,1,19,0,0,0,1,14,1,Graduate
2499,1,28,0,0,0,1,4,1,Enrolled
2500,1,20,0,1,0,1,4,1,Graduate
2501,1,18,0,0,0,1,5,1,Graduate
2502,1,20,0,0,1,1,14,1,Dropout
2503,1,33,0,0,0,1,17,0,Graduate
2504,0,35,0,0,0,1,12,1,Enrolled
2505,0,27,0,0,0,1,12,1,Enrolled
2506,0,19,0,0,0,0,15,1,Dropout
2507,0,31,1,1,0,1,17,0,Enrolled
2508,1,19,0,0,0,1,2,1,Graduate
2509,1,22,0,0,0,1,5,1,Graduate
2510,0,39,1,0,0,1,12,1,Dropout
2511,1,22,0,0,0,0,11,1,Dropout
2512,1,47,0,0,0,1,17,0,Enrolled
2513,1,19,0,1,0,1,2,1,Graduate
2514,0,19,1,0,0,1,11,1,Graduate
2515,0,19,0,0,0,1,12,1,Dropout
2516,0,21,0,1,0,1,2,1,Graduate
2517,0,39,0,0,0,0,12,1,Dropout
2518,1,19,0,0,0,1,2,1,Graduate
2519,1,20,0,1,0,1,2,1,Enrolled
2520,1,24,0,0,1,0,9,1,Dropout
2521,1,27,0,0,0,1,17,0,Dropout
2522,1,29,0,0,0,1,17,0,Graduate
2523,1,20,0,0,0,1,6,1,Dropout
2524,1,21,0,0,0,1,14,1,Dropout
2525,1,18,0,0,0,1,2,1,Enrolled
2526,1,19,0,0,0,1,12,1,Graduate
2527,1,19,0,0,1,0,15,1,Dropout
2528,1,28,0,1,0,1,7,1,Graduate
2529,0,21,1,0,0,0,11,1,Graduate
2530,0,23,1,0,1,0,12,1,Dropout
2531,0,39,0,0,0,1,4,1,Enrolled
2532,0,18,0,0,0,1,12,1,Graduate
2533,0,59,1,0,0,1,15,1,Graduate
2534,1,30,0,0,1,1,7,1,Enrolled
2535,0,18,0,0,0,1,6,1,Graduate
2536,0,41,0,0,0,1,17,0,Enrolled
2537,0,27,0,0,0,1,12,1,Dropout
2538,0,18,0,1,0,1,10,1,Graduate
2539,0,20,0,0,1,0,16,1,Dropout
2540,0,32,0,0,0,0,7,1,Dropout
2541,0,19,0,0,0,1,9,1,Dropout
2542,0,41,0,0,0,1,16,1,Dropout
2543,0,38,0,0,0,1,3,0,Dropout
2544,1,35,1,0,0,1,8,1,Dropout
2545,0,27,0,0,0,1,3,0,Dropout
2546,0,19,0,0,0,1,5,1,Graduate
2547,0,18,0,0,0,0,15,1,Enrolled
2548,0,39,0,0,0,0,17,0,Dropout
2549,0,37,0,0,0,0,11,1,Dropout
2550,0,37,0,0,0,0,12,1,Dropout
2551,0,35,0,1,0,1,3,0,Graduate
2552,0,49,0,0,0,1,9,1,Graduate
2553,0,52,0,0,0,1,9,1,Graduate
2554,0,18,0,0,0,1,6,1,Graduate
2555,0,30,0,1,0,1,3,0,Graduate
2556,0,21,0,0,0,1,12,1,Graduate
2557,1,20,0,0,0,1,7,1,Dropout
2558,1,18,0,0,1,1,9,1,Enrolled
2559,1,19,0,0,0,1,2,1,Dropout
2560,1,18,0,0,0,1,12,1,Graduate
2561,1,20,1,0,0,1,1,1,Enrolled
2562,0,21,0,0,0,1,8,1,Enrolled
2563,0,22,0,1,0,1,9,1,Graduate
2564,0,20,0,0,1,0,8,1,Enrolled
2565,0,20,0,0,0,1,6,1,Enrolled
2566,0,19,0,1,0,1,10,1,Graduate
2567,0,18,0,1,0,1,12,1,Graduate
2568,1,21,0,0,0,1,9,1,Graduate
2569,0,19,1,0,1,1,13,1,Enrolled
2570,0,37,1,0,0,1,8,1,Dropout
2571,0,45,0,0,0,1,3,0,Enrolled
2572,1,38,0,0,1,0,4,1,Dropout
2573,1,55,0,0,0,0,17,0,Dropout
2574,0,28,0,0,1,0,4,1,Dropout
2575,0,46,0,0,0,1,17,0,Graduate
2576,0,22,0,0,0,1,2,1,Graduate
2577,0,46,0,0,0,1,14,1,Dropout
2578,0,28,0,0,0,1,17,0,Enrolled
2579,0,18,0,0,1,0,6,1,Dropout
2580,1,18,0,1,0,1,2,1,Enrolled
2581,1,21,0,1,0,1,15,1,Graduate
2582,0,18,0,0,0,1,5,1,Enrolled
2583,0,34,0,0,0,1,17,0,Dropout
2584,0,21,0,1,0,1,16,1,Dropout
2585,0,18,0,1,0,1,15,1,Graduate
2586,1,20,0,0,0,1,2,1,Graduate
2587,0,18,0,0,0,1,9,1,Enrolled
2588,1,21,0,0,0,1,7,1,Enrolled
2589,1,19,0,0,0,1,11,1,Dropout
2590,1,22,0,0,0,1,3,0,Graduate
2591,1,23,0,0,0,1,4,1,Dropout
2592,1,19,0,0,0,1,2,1,Dropout
2593,1,18,0,0,0,1,9,1,Enrolled
2594,1,19,0,1,1,0,2,1,Dropout
2595,1,19,0,0,0,1,9,1,Enrolled
2596,1,19,0,0,0,1,14,1,Enrolled
2597,1,22,0,0,0,1,12,1,Enrolled
2598,1,18,0,1,0,1,15,1,Graduate
2599,1,18,0,0,0,1,10,1,Dropout
2600,1,19,0,0,1,1,15,1,Dropout
2601,1,18,0,0,0,1,2,1,Graduate
2602,1,21,0,0,0,1,14,1,Enrolled
2603,1,18,0,0,0,1,11,1,Enrolled
2604,1,19,0,0,0,1,4,1,Graduate
2605,1,27,0,0,1,0,4,1,Dropout
2606,1,20,0,0,1,1,4,1,Enrolled
2607,1,20,0,0,0,1,11,1,Graduate
2608,1,18,0,0,0,1,12,1,Graduate
2609,1,18,0,0,0,1,15,1,Enrolled
2610,1,18,0,0,0,1,5,1,Graduate
2611,1,18,0,0,0,1,9,1,Dropout
2612,1,18,0,0,0,1,6,1,Enrolled
2613,0,18,0,0,0,1,12,1,Graduate
2614,0,37,0,0,0,0,3,0,Dropout
2615,0,36,0,1,0,1,3,0,Graduate
2616,0,26,0,0,0,1,6,1,Dropout
2617,0,19,0,0,0,1,6,1,Graduate
2618,0,24,0,0,0,1,3,0,Dropout
2619,0,19,1,1,0,1,15,1,Dropout
2620,0,20,0,1,0,1,14,1,Graduate
2621,0,19,0,0,0,1,14,1,Graduate
2622,0,21,0,0,0,1,6,1,Graduate
2623,0,50,0,0,0,0,13,1,Dropout
2624,0,47,0,0,0,1,13,1,Dropout
2625,0,24,0,0,0,1,16,1,Dropout
2626,0,48,0,0,0,0,17,0,Dropout
2627,0,18,0,1,0,1,6,1,Graduate
2628,1,32,0,0,0,1,17,0,Dropout
2629,1,20,0,0,0,0,14,1,Dropout
2630,1,24,0,0,1,1,7,1,Dropout
2631,1,53,0,0,0,1,8,1,Graduate
2632,1,42,0,0,1,0,15,1,Dropout
2633,1,52,0,0,0,1,17,0,Graduate
2634,1,54,0,0,0,1,3,0,Enrolled
2635,1,49,0,0,0,1,17,0,Graduate
2636,1,18,0,1,0,1,14,1,Graduate
2637,1,37,0,0,0,1,8,1,Graduate
2638,1,21,0,1,0,1,12,1,Graduate
2639,1,26,0,0,1,1,14,1,Dropout
2640,1,20,0,0,0,1,5,1,Graduate
2641,0,19,0,1,0,1,12,1,Graduate
2642,0,18,0,0,0,1,5,1,Graduate
2643,0,18,0,0,0,1,12,1,Graduate
2644,0,20,0,0,0,1,3,0,Graduate
2645,0,20,0,0,0,1,11,1,Dropout
2646,0,21,0,0,0,1,2,1,Dropout
2647,0,22,0,0,0,1,2,1,Graduate
2648,0,18,0,1,0,1,12,1,Graduate
2649,0,18,0,0,0,1,12,1,Dropout
2650,0,19,0,1,0,1,12,1,Graduate
2651,0,19,0,0,0,1,12,1,Enrolled
2652,0,18,0,0,0,1,12,1,Graduate
2653,0,27,0,0,0,1,17,0,Enrolled
2654,0,20,0,1,0,1,13,1,Graduate
2655,0,20,0,0,0,1,16,1,Dropout
2656,0,20,0,0,0,1,6,1,Graduate
2657,0,19,0,0,0,1,9,1,Graduate
2658,0,20,0,0,0,1,6,1,Enrolled
2659,0,20,0,1,0,1,2,1,Graduate
2660,0,20,0,0,0,1,2,1,Enrolled
2661,0,27,0,0,0,1,6,1,Graduate
2662,0,18,0,0,0,1,6,1,Graduate
2663,0,18,0,0,0,1,12,1,Graduate
2664,0,18,0,1,0,1,12,1,Graduate
2665,0,20,0,0,0,1,6,1,Graduate
2666,0,19,0,0,0,1,15,1,Enrolled
2667,0,20,0,1,0,1,10,1,Graduate
2668,0,18,0,0,0,1,12,1,Graduate
2669,0,22,0,0,1,0,5,1,Dropout
2670,0,22,0,1,1,1,3,0,Graduate
2671,0,25,0,0,0,1,17,0,Enrolled
2672,0,19,0,0,0,1,6,1,Graduate
2673,0,21,0,0,0,0,8,1,Dropout
2674,0,27,0,0,0,1,12,1,Graduate
2675,0,18,0,0,0,1,12,1,Graduate
2676,0,18,0,0,0,0,11,1,Dropout
2677,1,19,0,0,0,1,13,1,Dropout
2678,1,35,0,1,0,1,17,0,Graduate
2679,1,23,0,0,0,1,6,1,Graduate
2680,1,28,0,0,0,1,12,1,Dropout
2681,1,19,0,0,0,1,7,1,Enrolled
2682,1,19,0,0,0,1,15,1,Enrolled
2683,1,20,0,0,1,1,14,1,Dropout
2684,1,21,0,0,0,1,14,1,Dropout
2685,1,18,0,0,0,1,5,1,Graduate
2686,1,22,0,0,0,1,5,1,Graduate
2687,1,21,0,0,0,1,6,1,Graduate
2688,1,38,0,0,1,0,13,1,Dropout
2689,1,20,0,0,0,1,2,1,Enrolled
2690,1,19,0,0,0,1,2,1,Dropout
2691,1,24,0,0,0,1,7,1,Dropout
2692,1,19,0,0,0,0,5,1,Dropout
2693,1,19,0,1,0,1,12,1,Graduate
2694,1,19,0,0,0,1,9,1,Enrolled
2695,1,31,0,0,0,1,7,1,Dropout
2696,1,19,0,1,0,1,14,1,Graduate
2697,1,22,0,0,0,1,5,1,Graduate
2698,1,25,0,0,0,1,6,1,Dropout
2699,1,18,0,0,0,1,12,1,Dropout
2700,1,30,0,0,0,1,12,1,Dropout
2701,1,18,0,1,0,1,12,1,Graduate
2702,1,18,0,0,0,1,15,1,Graduate
2703,1,18,0,0,0,1,15,1,Dropout
2704,1,18,0,0,0,1,10,1,Graduate
2705,1,25,0,1,0,1,14,1,Graduate
2706,1,18,0,0,0,1,7,1,Enrolled
2707,1,18,0,0,0,1,2,1,Dropout
2708,1,19,0,0,0,1,9,1,Enrolled
2709,1,25,0,0,0,1,13,1,Dropout
2710,0,19,0,0,0,1,12,1,Graduate
2711,0,31,0,0,0,1,17,0,Enrolled
2712,0,20,0,1,0,1,12,1,Graduate
2713,0,33,1,0,0,0,12,1,Dropout
2714,0,24,0,0,1,0,6,1,Enrolled
2715,0,18,0,1,0,1,10,1,Graduate
2716,0,19,0,0,0,1,12,1,Graduate
2717,0,20,0,1,0,1,12,1,Graduate
2718,1,33,0,1,0,1,12,1,Enrolled
2719,1,24,0,0,0,1,7,1,Dropout
2720,1,24,0,0,0,1,17,0,Dropout
2721,1,18,0,0,0,1,6,1,Graduate
2722,0,18,0,1,0,1,11,1,Graduate
2723,0,22,0,0,0,1,6,1,Graduate
2724,0,18,0,1,0,1,15,1,Graduate
2725,0,21,0,0,0,1,2,1,Graduate
2726,0,38,0,0,0,1,17,0,Dropout
2727,0,29,0,1,0,1,10,1,Graduate
2728,0,20,0,1,0,1,8,1,Enrolled
2729,0,18,0,0,0,0,11,1,Dropout
2730,1,37,0,0,0,1,17,0,Graduate
2731,1,20,0,0,0,1,9,1,Graduate
2732,1,20,0,0,0,0,8,1,Dropout
2733,1,40,0,0,1,1,7,1,Dropout
2734,1,44,0,0,0,1,3,0,Enrolled
2735,1,21,0,0,0,0,9,1,Dropout
2736,1,21,0,0,0,1,5,1,Graduate
2737,1,18,0,0,0,1,12,1,Graduate
2738,1,18,0,0,0,1,12,1,Enrolled
2739,1,27,0,0,0,1,4,1,Graduate
2740,1,38,0,0,0,0,5,1,Dropout
2741,1,18,0,0,0,1,8,1,Dropout
2742,1,19,0,0,0,1,11,1,Enrolled
2743,1,18,0,0,0,1,8,1,Dropout
2744,1,19,0,0,1,0,15,1,Dropout
2745,1,44,0,0,1,0,14,1,Dropout
2746,1,26,0,0,0,1,6,1,Dropout
2747,1,24,0,0,1,0,8,1,Dropout
2748,1,27,0,0,0,0,4,1,Dropout
2749,1,27,0,0,1,0,4,1,Dropout
2750,1,25,0,0,0,1,5,1,Dropout
2751,1,21,0,0,0,1,4,1,Enrolled
2752,1,19,0,1,0,1,2,1,Graduate
2753,1,20,0,0,0,1,5,1,Enrolled
2754,1,20,0,0,0,1,7,1,Enrolled
2755,1,20,0,0,1,0,7,1,Dropout
2756,1,18,0,1,0,0,7,1,Enrolled
2757,1,19,0,0,1,1,2,1,Enrolled
2758,0,22,0,0,0,0,8,1,Dropout
2759,0,19,0,0,0,1,14,1,Graduate
2760,0,18,0,1,0,1,12,1,Graduate
2761,0,20,0,0,1,1,10,1,Graduate
2762,0,18,1,1,0,1,2,1,Dropout
2763,1,36,0,0,0,1,15,1,Graduate
2764,1,19,1,0,1,1,9,1,Graduate
2765,1,21,0,1,0,1,9,1,Graduate
2766,0,26,0,0,0,1,9,1,Dropout
2767,0,29,1,0,1,0,4,1,Dropout
2768,1,26,0,0,0,0,11,1,Enrolled
2769,1,27,0,0,0,1,12,1,Dropout
2770,1,32,0,0,1,1,9,1,Enrolled
2771,0,23,0,1,0,1,16,1,Enrolled
2772,0,24,1,0,0,1,9,1,Enrolled
2773,0,19,0,1,0,1,15,1,Graduate
2774,1,25,0,0,0,1,4,1,Enrolled
2775,1,19,0,0,0,1,11,1,Enrolled
2776,1,20,0,0,0,0,15,1,Dropout
2777,1,33,0,0,0,1,11,1,Graduate
2778,1,35,0,0,1,1,17,0,Dropout
2779,1,23,0,0,0,1,9,1,Graduate
2780,1,19,0,0,0,1,12,1,Graduate
2781,1,21,0,0,0,1,14,1,Enrolled
2782,1,21,0,1,0,1,5,1,Graduate
2783,1,27,0,0,0,1,12,1,Dropout
2784,1,19,0,0,1,1,9,1,Enrolled
2785,1,28,0,0,0,1,12,1,Dropout
2786,1,25,0,0,0,1,9,1,Enrolled
2787,1,42,0,0,0,1,10,1,Dropout
2788,1,27,0,0,0,1,17,0,Graduate
2789,1,23,0,0,0,1,5,1,Dropout
2790,1,18,0,1,0,1,11,1,Graduate
2791,1,26,0,0,0,1,12,1,Graduate
2792,1,18,0,0,0,1,9,1,Dropout
2793,1,29,0,0,1,1,17,0,Dropout
2794,1,22,0,0,0,1,6,1,Dropout
2795,0,21,0,0,0,1,12,1,Enrolled
2796,0,19,0,1,0,1,12,1,Graduate
2797,0,18,0,1,0,1,10,1,Graduate
2798,0,18,0,1,0,1,6,1,Dropout
2799,0,40,0,0,1,0,4,1,Dropout
2800,0,20,1,0,1,0,11,1,Dropout
2801,1,18,0,0,0,1,12,1,Dropout
2802,1,31,0,0,0,1,3,0,Graduate
2803,1,18,0,1,0,1,9,1,Graduate
2804,1,22,0,0,0,1,14,1,Dropout
2805,1,38,0,0,1,0,9,1,Dropout
2806,1,33,0,0,0,1,17,0,Dropout
2807,1,19,0,1,0,1,7,1,Enrolled
2808,1,18,0,0,0,1,14,1,Dropout
2809,1,18,0,1,0,0,7,1,Enrolled
2810,1,27,0,0,0,1,17,0,Graduate
2811,1,26,0,0,0,1,11,1,Graduate
2812,0,19,0,1,0,1,12,1,Graduate
2813,1,44,0,0,0,1,12,1,Dropout
2814,1,19,0,0,0,1,9,1,Graduate
2815,1,20,0,0,0,1,5,1,Dropout
2816,1,24,0,0,1,1,4,1,Enrolled
2817,0,31,0,0,0,1,17,0,Graduate
2818,0,25,0,0,0,1,5,1,Graduate
2819,0,19,0,0,1,0,15,1,Dropout
2820,0,18,0,0,0,1,12,1,Dropout
2821,0,19,0,0,0,0,6,1,Enrolled
2822,0,19,0,1,0,1,12,1,Enrolled
2823,0,19,0,0,0,1,9,1,Enrolled
2824,0,24,0,0,0,1,14,1,Dropout
2825,0,20,0,0,0,1,10,1,Graduate
2826,0,18,0,0,0,1,11,1,Graduate
2827,0,18,0,1,0,1,10,1,Graduate
2828,0,21,0,0,0,1,6,1,Enrolled
2829,0,28,0,0,1,0,12,1,Dropout
2830,0,18,0,1,0,1,9,1,Enrolled
2831,0,18,0,0,1,1,16,1,Dropout
2832,0,18,0,1,0,1,10,1,Graduate
2833,0,18,0,1,0,1,9,1,Graduate
2834,0,19,0,1,0,0,9,1,Dropout
2835,0,19,0,1,0,1,12,1,Graduate
2836,0,20,0,1,1,1,10,1,Graduate
2837,0,34,0,0,0,1,3,0,Graduate
2838,0,39,0,0,0,1,12,1,Enrolled
2839,0,19,0,0,0,1,12,1,Graduate
2840,0,24,0,0,0,1,5,1,Graduate
2841,0,18,1,0,0,1,15,1,Dropout
2842,1,19,0,0,0,1,8,1,Dropout
2843,1,18,0,1,0,1,9,1,Graduate
2844,1,20,0,0,1,1,9,1,Enrolled
2845,1,19,0,0,1,1,12,1,Graduate
2846,1,19,0,0,0,1,8,1,Dropout
2847,1,19,0,0,0,1,4,1,Dropout
2848,1,41,0,0,0,1,17,0,Dropout
2849,1,19,0,0,0,1,12,1,Graduate
2850,1,19,0,0,0,1,11,1,Enrolled
2851,1,23,0,0,0,0,12,1,Dropout
2852,1,18,0,0,0,1,7,1,Dropout
2853,1,19,0,0,0,1,9,1,Graduate
2854,1,20,0,0,0,1,4,1,Graduate
2855,1,35,0,0,1,0,6,1,Dropout
2856,1,34,0,0,0,0,14,1,Dropout
2857,0,19,0,1,1,0,5,1,Graduate
2858,1,22,1,0,1,0,10,1,Graduate
2859,1,20,0,0,0,1,5,1,Graduate
2860,1,27,0,0,0,1,17,0,Enrolled
2861,1,30,0,0,1,1,7,1,Dropout
2862,1,34,0,0,0,1,7,1,Enrolled
2863,1,20,0,0,0,0,11,1,Dropout
2864,1,18,0,0,0,1,5,1,Graduate
2865,1,26,0,1,0,1,8,1,Dropout
2866,1,26,0,0,0,1,17,0,Graduate
2867,1,26,0,0,0,0,9,1,Dropout
2868,1,31,0,0,1,0,17,0,Dropout
2869,1,20,0,1,0,1,2,1,Graduate
2870,1,19,0,0,0,1,15,1,Graduate
2871,1,23,0,0,1,0,14,1,Dropout
2872,1,20,0,1,0,1,12,1,Dropout
2873,1,20,0,0,0,1,12,1,Graduate
2874,1,29,0,0,0,1,3,0,Dropout
2875,1,20,0,1,0,1,15,1,Graduate
2876,1,24,0,0,0,1,12,1,Graduate
2877,1,37,0,0,0,1,13,1,Dropout
2878,1,18,0,0,0,1,12,1,Dropout
2879,1,18,0,1,1,0,2,1,Dropout
2880,1,18,0,0,0,1,12,1,Graduate
2881,1,41,0,0,1,1,7,1,Enrolled
2882,1,35,0,0,0,1,4,1,Dropout
2883,0,19,0,0,0,1,11,1,Dropout
2884,1,18,0,0,0,1,2,1,Graduate
2885,0,48,0,0,0,1,12,1,Enrolled
2886,0,19,0,0,0,1,12,1,Graduate
2887,1,30,0,0,0,0,4,1,Dropout
2888,1,51,0,0,1,0,15,1,Dropout
2889,0,18,1,0,0,1,6,1,Graduate
2890,0,18,0,0,0,1,2,1,Graduate
2891,0,18,0,0,0,1,2,1,Graduate
2892,0,18,0,1,0,1,12,1,Graduate
2893,0,18,0,0,0,1,8,1,Dropout
2894,0,18,0,0,0,1,2,1,Enrolled
2895,0,23,0,0,0,1,2,1,Graduate
2896,0,19,0,0,0,1,5,1,Enrolled
2897,0,21,0,0,0,1,6,1,Enrolled
2898,0,18,0,0,1,0,15,1,Dropout
2899,0,18,0,0,0,1,2,1,Graduate
2900,0,21,0,0,0,1,6,1,Graduate
2901,0,20,0,0,1,1,15,1,Graduate
2902,0,24,0,0,0,1,6,1,Graduate
2903,0,18,0,0,0,1,8,1,Graduate
2904,0,18,0,0,0,1,12,1,Graduate
2905,0,19,0,0,0,1,15,1,Graduate
2906,0,20,0,1,0,1,10,1,Graduate
2907,0,18,0,0,0,1,12,1,Graduate
2908,0,18,0,0,0,1,12,1,Graduate
2909,0,19,0,0,0,1,16,1,Enrolled
2910,0,19,0,0,0,1,12,1,Graduate
2911,0,18,0,0,0,1,14,1,Graduate
2912,0,20,0,0,0,1,12,1,Graduate
2913,0,18,0,0,0,1,13,1,Graduate
2914,0,18,0,0,1,0,3,0,Dropout
2915,0,18,0,0,0,1,16,1,Graduate
2916,0,18,0,0,0,1,12,1,Graduate
2917,0,18,0,1,0,1,12,1,Graduate
2918,0,20,0,0,0,1,12,1,Graduate
2919,0,22,0,1,0,1,5,1,Graduate
2920,0,20,0,0,1,1,14,1,Enrolled
2921,0,20,0,0,0,1,6,1,Enrolled
2922,0,18,0,0,0,1,10,1,Graduate
2923,0,18,0,0,0,1,16,1,Enrolled
2924,0,18,0,0,0,1,9,1,Graduate
2925,0,18,0,1,1,1,14,1,Dropout
2926,0,19,0,0,0,1,10,1,Graduate
2927,0,19,0,1,0,1,6,1,Graduate
2928,0,18,0,1,0,1,15,1,Graduate
2929,0,18,0,1,0,0,5,1,Enrolled
2930,0,18,0,1,0,1,12,1,Graduate
2931,0,18,0,0,0,1,12,1,Graduate
2932,0,19,0,0,0,1,14,1,Graduate
2933,0,18,0,0,0,1,10,1,Graduate
2934,0,25,0,1,0,1,12,1,Graduate
2935,0,19,0,1,0,1,12,1,Graduate
2936,0,18,0,0,0,1,12,1,Graduate
2937,0,19,0,0,0,1,8,1,Graduate
2938,0,18,0,0,0,1,12,1,Graduate
2939,0,24,0,0,0,1,6,1,Dropout
2940,0,21,0,0,0,1,15,1,Graduate
2941,0,18,0,1,0,1,11,1,Graduate
2942,0,18,0,0,0,1,10,1,Graduate
2943,0,20,0,1,0,1,5,1,Graduate
2944,0,19,0,0,0,1,5,1,Graduate
2945,0,19,0,1,0,1,15,1,Dropout
2946,0,30,0,0,0,1,12,1,Graduate
2947,0,18,0,0,0,1,12,1,Graduate
2948,0,18,0,0,0,1,6,1,Graduate
2949,0,18,0,1,0,1,15,1,Graduate
2950,0,20,0,0,0,1,12,1,Graduate
2951,0,19,0,0,0,1,11,1,Dropout
2952,0,19,0,0,0,1,11,1,Dropout
2953,0,19,0,0,0,0,2,1,Dropout
2954,0,18,0,1,0,1,11,1,Graduate
2955,0,17,0,0,0,1,12,1,Enrolled
2956,0,19,0,0,0,1,16,1,Graduate
2957,0,18,0,0,0,1,10,1,Enrolled
2958,0,25,0,0,0,1,12,1,Graduate
2959,0,19,0,0,0,1,10,1,Dropout
2960,0,24,0,0,1,0,6,1,Enrolled
2961,0,19,0,1,1,1,10,1,Graduate
2962,0,20,0,1,0,1,12,1,Enrolled
2963,0,20,0,1,0,1,14,1,Graduate
2964,0,20,0,1,0,1,12,1,Graduate
2965,0,19,0,0,0,1,6,1,Graduate
2966,0,31,0,0,0,1,4,1,Graduate
2967,0,20,0,0,0,1,6,1,Graduate
2968,0,18,0,0,0,1,6,1,Enrolled
2969,0,18,0,0,1,1,16,1,Enrolled
2970,0,18,0,0,0,1,14,1,Graduate
2971,0,20,0,0,1,1,10,1,Enrolled
2972,0,20,0,1,0,1,6,1,Graduate
2973,0,19,0,1,0,1,14,1,Dropout
2974,0,21,0,1,0,1,9,1,Graduate
2975,0,18,0,0,0,1,12,1,Graduate
2976,0,21,0,0,0,1,5,1,Dropout
2977,0,19,0,0,0,1,12,1,Enrolled
2978,0,20,0,0,0,1,10,1,Graduate
2979,0,20,0,0,0,1,6,1,Enrolled
2980,0,18,0,1,0,1,14,1,Graduate
2981,0,18,0,1,0,1,9,1,Graduate
2982,0,18,0,1,0,1,10,1,Graduate
2983,0,21,0,1,0,1,6,1,Graduate
2984,0,18,0,0,0,1,12,1,Graduate
2985,0,18,0,1,0,1,12,1,Graduate
2986,0,20,0,1,0,1,11,1,Graduate
2987,0,32,0,1,0,1,12,1,Graduate
2988,0,34,0,0,0,1,17,0,Enrolled
2989,0,23,0,1,0,1,12,1,Graduate
2990,0,18,0,0,0,1,14,1,Enrolled
2991,0,18,0,0,0,1,3,0,Graduate
2992,0,34,0,0,0,1,2,1,Dropout
2993,0,25,1,0,1,1,3,0,Enrolled
2994,0,21,0,0,0,1,9,1,Graduate
2995,0,20,0,1,0,1,11,1,Dropout
2996,0,18,0,0,0,1,10,1,Graduate
2997,0,18,0,0,0,1,6,1,Graduate
2998,0,18,0,0,0,1,15,1,Graduate
2999,0,24,0,0,0,1,3,0,Dropout
3000,0,32,0,0,1,0,9,1,Graduate
3001,0,24,0,0,1,0,11,1,Dropout
3002,0,18,0,1,0,1,10,1,Dropout
3003,0,28,0,0,0,1,11,1,Graduate
3004,0,18,0,1,0,1,16,1,Dropout
3005,0,24,0,0,0,0,16,1,Dropout
3006,0,19,0,0,0,1,6,1,Graduate
3007,0,44,0,0,0,1,3,0,Graduate
3008,0,18,0,1,0,1,6,1,Graduate
3009,0,18,0,0,0,1,2,1,Graduate
3010,0,22,0,0,0,1,15,1,Dropout
3011,0,18,0,1,0,1,16,1,Graduate
3012,0,44,0,0,0,1,17,0,Graduate
3013,0,33,0,0,1,1,16,1,Dropout
3014,0,32,0,0,1,0,16,1,Dropout
3015,0,35,0,0,0,0,4,1,Dropout
3016,0,20,0,0,0,1,10,1,Graduate
3017,0,24,0,0,0,1,11,1,Graduate
3018,0,19,0,0,0,1,12,1,Graduate
3019,0,21,0,0,0,1,11,1,Enrolled
3020,1,19,0,1,0,1,15,1,Graduate
3021,1,27,0,0,0,0,4,1,Dropout
3022,0,30,0,0,0,0,16,1,Dropout
3023,1,21,0,0,0,1,2,1,Dropout
3024,1,19,0,0,0,1,5,1,Graduate
3025,0,34,0,0,0,1,17,0,Enrolled
3026,1,18,0,0,0,1,12,1,Graduate
3027,1,21,0,0,0,1,2,1,Graduate
3028,1,17,0,0,0,1,2,1,Enrolled
3029,0,19,0,1,0,1,12,1,Graduate
3030,1,18,0,0,0,1,15,1,Graduate
3031,0,19,0,0,0,1,12,1,Graduate
3032,0,45,0,0,1,1,11,1,Dropout
3033,0,26,0,0,0,1,6,1,Graduate
3034,1,51,0,0,0,1,17,0,Dropout
3035,1,49,0,1,1,1,15,1,Graduate
3036,1,22,0,0,0,1,12,1,Enrolled
3037,1,22,0,0,0,1,9,1,Dropout
3038,0,33,0,0,0,1,8,1,Dropout
3039,0,20,1,0,0,1,14,1,Graduate
3040,0,18,0,1,0,1,10,1,Graduate
3041,0,20,0,0,1,0,16,1,Dropout
3042,0,37,1,0,0,1,17,0,Graduate
3043,1,18,1,0,0,1,11,1,Graduate
3044,0,19,0,0,0,1,11,1,Graduate
3045,0,21,0,0,0,1,6,1,Graduate
3046,0,20,0,0,0,1,12,1,Graduate
3047,0,19,0,0,0,1,12,1,Dropout
3048,0,20,0,0,0,1,13,1,Dropout
3049,0,18,0,0,0,1,12,1,Graduate
3050,0,19,0,0,0,1,12,1,Graduate
3051,0,18,0,0,0,1,10,1,Graduate
3052,0,18,0,1,0,1,10,1,Graduate
3053,0,18,0,0,0,1,15,1,Dropout
3054,0,19,0,0,0,1,12,1,Enrolled
3055,0,18,0,1,0,1,13,1,Graduate
3056,0,19,1,1,0,1,5,1,Graduate
3057,0,24,0,1,1,1,4,1,Graduate
3058,0,20,0,0,0,1,6,1,Enrolled
3059,0,21,0,1,0,1,9,1,Graduate
3060,0,20,0,0,1,0,6,1,Dropout
3061,0,19,0,1,0,1,12,1,Graduate
3062,0,19,0,1,0,1,13,1,Graduate
3063,0,18,0,0,0,1,12,1,Graduate
3064,0,19,0,0,0,1,6,1,Graduate
3065,0,21,0,0,0,1,9,1,Graduate
3066,0,19,0,1,0,1,16,1,Graduate
3067,0,18,0,1,0,1,11,1,Graduate
3068,0,17,0,1,0,1,5,1,Graduate
3069,0,19,0,0,0,1,16,1,Enrolled
3070,1,23,0,0,0,0,9,1,Dropout
3071,0,19,0,0,0,1,14,1,Graduate
3072,0,18,0,0,0,1,12,1,Graduate
3073,0,20,0,0,0,1,14,1,Graduate
3074,0,19,0,1,0,1,6,1,Graduate
3075,0,18,0,1,0,1,10,1,Graduate
3076,0,19,0,1,0,1,10,1,Graduate
3077,0,19,0,0,0,1,10,1,Graduate
3078,0,18,0,0,0,1,12,1,Graduate
3079,0,18,0,0,0,1,12,1,Graduate
3080,0,19,0,1,0,1,12,1,Graduate
3081,0,19,0,1,0,1,12,1,Graduate
3082,0,19,0,0,0,1,12,1,Graduate
3083,0,21,0,0,0,1,12,1,Graduate
3084,0,18,0,0,0,1,15,1,Graduate
3085,0,19,0,1,0,1,15,1,Graduate
3086,0,18,0,0,0,0,15,1,Dropout
3087,0,30,0,0,0,1,3,0,Dropout
3088,0,18,0,0,0,1,8,1,Dropout
3089,0,20,0,1,0,1,12,1,Graduate
3090,0,25,0,0,1,0,14,1,Dropout
3091,0,18,0,0,0,1,12,1,Graduate
3092,0,21,0,0,0,1,6,1,Enrolled
3093,0,18,0,0,0,1,12,1,Graduate
3094,0,18,0,0,0,1,12,1,Graduate
3095,0,29,0,0,0,0,16,1,Dropout
3096,0,20,0,0,0,1,8,1,Graduate
3097,0,26,0,0,0,1,12,1,Dropout
3098,0,21,0,0,0,1,10,1,Graduate
3099,0,19,0,1,0,1,12,1,Graduate
3100,0,19,0,0,1,1,11,1,Dropout
3101,0,21,0,0,0,1,15,1,Enrolled
3102,0,20,0,0,1,1,3,0,Graduate
3103,0,18,0,1,0,1,12,1,Graduate
3104,0,20,0,0,0,0,15,1,Dropout
3105,0,20,0,1,0,1,10,1,Graduate
3106,0,18,0,1,0,1,12,1,Enrolled
3107,0,18,0,0,0,1,5,1,Enrolled
3108,0,18,0,0,0,1,15,1,Graduate
3109,0,18,0,0,0,1,6,1,Enrolled
3110,0,22,0,0,0,1,6,1,Graduate
3111,0,19,0,0,0,1,6,1,Enrolled
3112,0,19,0,1,0,1,4,1,Graduate
3113,0,18,0,0,0,1,13,1,Graduate
3114,0,20,0,0,1,1,10,1,Graduate
3115,0,18,0,0,0,1,16,1,Dropout
3116,0,21,0,0,0,1,14,1,Dropout
3117,0,19,0,0,0,1,10,1,Graduate
3118,0,18,0,0,0,1,12,1,Dropout
3119,0,18,1,0,0,1,15,1,Graduate
3120,0,18,0,0,0,1,2,1,Enrolled
3121,0,21,0,1,1,0,6,1,Dropout
3122,0,19,0,0,1,1,9,1,Graduate
3123,0,19,0,1,0,1,9,1,Graduate
3124,0,19,0,0,0,1,10,1,Dropout
3125,0,18,0,0,0,1,2,1,Graduate
3126,0,19,0,1,0,1,11,1,Dropout
3127,0,20,0,1,0,1,12,1,Dropout
3128,0,18,0,0,0,0,12,1,Dropout
3129,0,19,0,1,0,1,2,1,Dropout
3130,0,18,0,0,0,1,5,1,Graduate
3131,0,18,0,0,0,1,6,1,Enrolled
3132,0,19,0,1,0,1,10,1,Graduate
3133,0,20,0,0,0,1,9,1,Graduate
3134,0,19,0,1,0,1,12,1,Graduate
3135,0,18,0,0,0,1,12,1,Graduate
3136,0,25,0,0,1,1,11,1,Dropout
3137,0,18,0,0,0,0,5,1,Graduate
3138,0,19,0,0,0,1,15,1,Graduate
3139,0,19,0,1,0,1,13,1,Graduate
3140,0,20,0,1,1,0,9,1,Dropout
3141,0,18,0,0,0,1,12,1,Enrolled
3142,0,20,0,0,0,1,6,1,Graduate
3143,0,21,0,0,0,1,10,1,Graduate
3144,0,19,0,0,0,1,2,1,Graduate
3145,0,42,0,0,0,1,3,0,Graduate
3146,0,18,0,0,1,0,8,1,Enrolled
3147,0,19,0,1,0,1,5,1,Graduate
3148,0,18,0,0,0,1,11,1,Graduate
3149,0,21,0,0,0,1,6,1,Graduate
3150,0,20,0,1,0,1,10,1,Graduate
3151,0,20,0,0,0,1,16,1,Graduate
3152,0,21,0,0,0,1,6,1,Enrolled
3153,0,19,0,0,0,1,12,1,Graduate
3154,0,21,0,0,0,1,10,1,Graduate
3155,0,19,0,0,0,1,5,1,Graduate
3156,0,19,0,1,0,1,12,1,Graduate
3157,0,18,0,0,0,1,2,1,Enrolled
3158,0,22,0,0,0,1,6,1,Graduate
3159,0,21,0,0,0,1,16,1,Graduate
3160,0,18,0,1,0,1,11,1,Dropout
3161,0,20,0,1,0,1,12,1,Graduate
3162,0,18,0,0,1,0,14,1,Dropout
3163,0,20,0,0,0,1,10,1,Dropout
3164,0,23,0,0,0,1,12,1,Graduate
3165,0,18,0,0,0,1,15,1,Graduate
3166,0,20,0,0,0,1,10,1,Graduate
3167,0,18,0,1,0,1,12,1,Graduate
3168,0,20,0,0,0,1,9,1,Graduate
3169,0,18,0,0,0,1,12,1,Graduate
3170,0,20,0,0,0,1,14,1,Graduate
3171,0,19,0,0,0,1,12,1,Graduate
3172,0,21,0,0,0,1,6,1,Graduate
3173,0,33,0,0,0,1,5,1,Graduate
3174,0,24,0,0,1,0,6,1,Dropout
3175,0,20,0,1,0,1,10,1,Graduate
3176,0,18,0,0,0,1,2,1,Graduate
3177,0,18,0,0,0,1,5,1,Graduate
3178,0,29,0,0,1,1,3,0,Dropout
3179,0,18,0,0,0,1,12,1,Graduate
3180,0,19,0,0,0,1,15,1,Graduate
3181,0,19,0,0,0,1,2,1,Dropout
3182,0,18,0,1,0,1,10,1,Graduate
3183,0,19,0,1,0,1,12,1,Graduate
3184,0,20,0,0,0,1,16,1,Dropout
3185,0,19,0,0,0,1,10,1,Enrolled
3186,0,19,0,1,0,1,11,1,Graduate
3187,0,18,0,1,0,1,5,1,Enrolled
3188,0,18,0,1,0,1,12,1,Graduate
3189,0,19,0,1,0,1,11,1,Graduate
3190,1,20,0,0,1,1,15,1,Dropout
3191,1,18,0,1,0,1,2,1,Enrolled
3192,1,18,0,0,0,1,12,1,Dropout
3193,1,35,0,0,1,0,4,1,Dropout
3194,1,18,0,0,0,1,7,1,Enrolled
3195,1,19,0,1,0,1,2,1,Graduate
3196,1,19,0,1,0,1,15,1,Enrolled
3197,1,20,0,0,0,1,9,1,Enrolled
3198,1,19,0,0,0,1,5,1,Enrolled
3199,1,19,0,0,0,1,9,1,Dropout
3200,1,24,0,0,0,1,13,1,Dropout
3201,1,29,0,0,1,0,3,0,Dropout
3202,1,24,0,0,0,1,12,1,Graduate
3203,1,19,0,0,0,1,11,1,Graduate
3204,1,37,0,0,0,1,2,1,Dropout
3205,1,18,0,0,0,1,5,1,Graduate
3206,1,20,0,1,0,1,7,1,Enrolled
3207,1,18,0,0,0,0,9,1,Dropout
3208,1,22,0,0,0,1,9,1,Enrolled
3209,1,22,0,1,0,1,9,1,Enrolled
3210,1,18,0,0,1,0,15,1,Dropout
3211,1,18,0,0,0,1,12,1,Graduate
3212,1,19,0,0,0,1,5,1,Graduate
3213,1,19,0,0,0,1,7,1,Enrolled
3214,1,19,0,0,0,1,10,1,Dropout
3215,1,21,0,0,1,1,4,1,Graduate
3216,1,19,0,0,0,1,15,1,Enrolled
3217,1,18,0,0,0,1,13,1,Graduate
3218,1,19,0,0,0,1,9,1,Dropout
3219,1,25,0,0,0,1,15,1,Graduate
3220,1,22,0,0,0,1,5,1,Graduate
3221,1,24,0,0,0,1,12,1,Graduate
3222,1,19,0,0,0,1,12,1,Graduate
3223,1,18,0,0,0,1,7,1,Enrolled
3224,1,20,0,0,0,0,2,1,Dropout
3225,1,19,0,1,0,1,12,1,Graduate
3226,1,19,0,0,0,1,11,1,Dropout
3227,1,19,0,0,0,1,14,1,Graduate
3228,1,23,0,0,1,1,4,1,Dropout
3229,1,47,0,0,0,1,15,1,Dropout
3230,1,19,0,0,0,1,5,1,Graduate
3231,1,19,0,0,0,1,2,1,Graduate
3232,1,18,0,0,0,1,2,1,Dropout
3233,1,28,0,0,0,1,9,1,Dropout
3234,1,20,0,0,0,1,11,1,Dropout
3235,1,18,0,1,0,1,11,1,Enrolled
3236,1,21,0,1,0,1,2,1,Graduate
3237,1,19,0,0,0,1,11,1,Enrolled
3238,1,24,0,0,1,0,11,1,Dropout
3239,1,24,0,0,0,1,8,1,Enrolled
3240,1,25,0,0,1,0,6,1,Enrolled
3241,1,28,0,0,0,1,11,1,Graduate
3242,1,37,0,0,0,1,17,0,Enrolled
3243,1,19,0,0,0,1,7,1,Enrolled
3244,1,18,0,1,0,1,12,1,Graduate
3245,1,48,0,0,0,1,11,1,Dropout
3246,1,21,0,0,0,1,10,1,Graduate
3247,1,19,0,1,0,1,12,1,Enrolled
3248,1,21,0,1,0,1,12,1,Enrolled
3249,1,23,0,0,1,0,7,1,Dropout
3250,1,18,0,0,0,1,8,1,Graduate
3251,1,22,0,0,0,1,10,1,Dropout
3252,1,25,0,0,0,1,2,1,Dropout
3253,1,27,0,0,1,1,6,1,Dropout
3254,1,49,0,0,0,0,7,1,Dropout
3255,1,31,0,0,0,0,17,0,Dropout
3256,1,54,0,0,0,1,11,1,Dropout
3257,1,25,0,0,1,0,1,1,Dropout
3258,1,20,0,0,0,1,4,1,Enrolled
3259,1,28,0,0,0,1,5,1,Dropout
3260,1,41,0,0,0,1,3,0,Graduate
3261,1,19,0,1,0,1,14,1,Enrolled
3262,1,22,0,0,0,1,9,1,Dropout
3263,1,34,0,0,0,1,11,1,Dropout
3264,1,28,0,0,1,0,4,1,Dropout
3265,1,42,0,0,0,1,16,1,Enrolled
3266,1,21,0,0,0,0,6,1,Enrolled
3267,1,50,0,0,0,1,4,1,Dropout
3268,1,19,0,0,0,1,9,1,Dropout
3269,1,18,0,0,0,1,12,1,Dropout
3270,1,59,0,0,0,1,17,0,Dropout
3271,1,33,0,0,0,0,17,0,Dropout
3272,1,23,0,1,0,1,5,1,Graduate
3273,1,44,0,0,0,1,17,0,Dropout
3274,1,37,0,0,0,1,3,0,Dropout
3275,1,36,0,0,0,1,2,1,Dropout
3276,1,22,0,0,0,0,17,0,Dropout
3277,1,49,0,0,0,1,3,0,Graduate
3278,1,23,0,0,0,1,15,1,Graduate
3279,1,19,0,0,0,1,5,1,Enrolled
3280,1,47,0,0,0,1,3,0,Dropout
3281,1,28,0,0,0,1,4,1,Graduate
3282,1,21,0,0,0,1,4,1,Enrolled
3283,1,21,0,0,1,0,11,1,Dropout
3284,1,21,0,0,0,1,10,1,Graduate
3285,1,20,0,0,0,1,5,1,Enrolled
3286,1,49,0,0,0,0,9,1,Dropout
3287,1,40,0,0,0,1,17,0,Graduate
3288,1,22,0,1,0,1,11,1,Graduate
3289,1,19,0,0,0,1,7,1,Enrolled
3290,1,31,0,0,0,1,17,0,Dropout
3291,1,30,0,0,0,1,7,1,Dropout
3292,1,19,0,0,0,1,10,1,Graduate
3293,1,22,0,0,0,1,9,1,Dropout
3294,1,19,0,0,0,1,15,1,Graduate
3295,1,21,0,0,0,0,2,1,Dropout
3296,1,19,0,0,0,1,14,1,Graduate
3297,1,22,0,0,0,1,9,1,Dropout
3298,1,22,0,0,0,1,10,1,Graduate
3299,1,19,0,0,0,1,10,1,Graduate
3300,1,26,0,0,0,0,11,1,Dropout
3301,1,23,0,0,0,1,7,1,Enrolled
3302,1,18,0,0,0,1,5,1,Enrolled
3303,1,22,0,1,1,1,9,1,Enrolled
3304,1,19,0,0,0,1,7,1,Enrolled
3305,1,20,0,0,0,1,9,1,Dropout
3306,1,22,0,1,0,1,5,1,Enrolled
3307,1,18,0,0,0,0,8,1,Dropout
3308,1,39,0,0,0,1,17,0,Dropout
3309,1,18,0,0,0,1,12,1,Dropout
3310,1,18,0,1,0,1,7,1,Graduate
3311,1,19,0,1,0,1,10,1,Graduate
3312,1,18,0,0,0,1,12,1,Graduate
3313,1,18,0,1,0,1,9,1,Dropout
3314,1,22,0,0,0,1,8,1,Graduate
3315,1,19,0,0,0,1,10,1,Graduate
3316,1,18,0,0,0,1,8,1,Dropout
3317,1,31,0,0,1,0,7,1,Dropout
3318,1,28,0,0,0,1,17,0,Dropout
3319,1,19,0,0,0,1,5,1,Dropout
3320,1,20,0,0,0,1,11,1,Graduate
3321,1,50,0,0,0,1,10,1,Dropout
3322,1,38,0,0,0,1,5,1,Enrolled
3323,1,31,0,0,0,1,17,0,Dropout
3324,1,27,0,0,0,1,12,1,Enrolled
3325,1,21,0,0,0,1,10,1,Graduate
3326,1,34,0,0,0,1,7,1,Dropout
3327,1,19,0,0,0,1,7,1,Enrolled
3328,1,40,0,0,0,0,17,0,Dropout
3329,1,18,0,1,0,1,2,1,Graduate
3330,1,46,0,1,1,0,5,1,Dropout
3331,1,37,0,0,0,1,3,0,Dropout
3332,1,31,0,0,0,1,4,1,Dropout
3333,1,34,0,0,0,1,4,1,Graduate
3334,1,18,0,1,0,1,2,1,Dropout
3335,1,18,0,1,0,1,14,1,Graduate
3336,1,19,0,1,0,1,5,1,Graduate
3337,1,40,0,0,0,1,17,0,Dropout
3338,1,25,0,0,0,1,8,1,Dropout
3339,1,20,0,0,1,1,7,1,Dropout
3340,1,20,0,0,0,1,7,1,Enrolled
3341,1,43,0,0,0,0,4,1,Dropout
3342,1,18,0,0,0,1,7,1,Enrolled
3343,1,35,0,0,0,1,4,1,Graduate
3344,1,23,0,0,0,1,17,0,Graduate
3345,1,19,0,0,0,1,12,1,Graduate
3346,1,21,0,1,0,1,6,1,Graduate
3347,1,19,0,0,0,1,14,1,Enrolled
3348,1,20,0,0,0,1,7,1,Graduate
3349,1,30,0,1,0,1,14,1,Dropout
3350,1,44,0,0,0,1,11,1,Graduate
3351,1,19,0,0,0,1,12,1,Graduate
3352,1,22,0,0,0,1,8,1,Graduate
3353,1,18,0,0,0,1,8,1,Graduate
3354,1,21,0,1,0,1,14,1,Graduate
3355,1,18,0,0,0,1,6,1,Dropout
3356,1,18,0,0,0,1,14,1,Graduate
3357,1,19,0,0,0,1,2,1,Graduate
3358,1,21,0,0,0,1,4,1,Dropout
3359,1,31,0,0,0,1,4,1,Graduate
3360,1,21,0,0,0,1,11,1,Dropout
3361,1,24,0,0,1,1,7,1,Enrolled
3362,1,27,0,0,0,1,15,1,Dropout
3363,1,20,0,0,0,1,9,1,Graduate
3364,1,22,0,0,0,1,7,1,Enrolled
3365,1,19,0,1,0,1,4,1,Enrolled
3366,1,19,0,0,0,1,15,1,Graduate
3367,1,23,0,0,1,1,2,1,Enrolled
3368,1,18,0,0,0,1,8,1,Graduate
3369,1,29,0,0,0,0,15,1,Enrolled
3370,1,29,0,0,0,1,8,1,Dropout
3371,1,20,0,0,0,1,4,1,Enrolled
3372,1,19,0,1,0,1,2,1,Graduate
3373,1,22,0,0,0,1,2,1,Enrolled
3374,1,20,0,0,0,1,14,1,Enrolled
3375,1,24,0,0,0,1,8,1,Enrolled
3376,1,21,0,0,0,0,14,1,Dropout
3377,1,25,0,1,0,1,9,1,Graduate
3378,1,32,0,0,0,0,9,1,Dropout
3379,1,26,0,0,0,0,17,0,Dropout
3380,1,18,0,1,0,1,8,1,Graduate
3381,1,19,0,1,0,1,11,1,Graduate
3382,1,19,0,1,0,1,5,1,Graduate
3383,1,27,0,0,0,1,7,1,Dropout
3384,1,21,0,0,1,1,4,1,Enrolled
3385,1,20,0,0,0,1,7,1,Enrolled
3386,1,21,0,0,0,1,5,1,Graduate
3387,1,22,0,0,0,1,15,1,Enrolled
3388,1,19,0,0,1,0,2,1,Graduate
3389,1,18,0,1,0,1,9,1,Dropout
3390,1,28,0,0,0,1,10,1,Dropout
3391,1,25,0,0,1,0,4,1,Dropout
3392,1,25,0,0,0,1,4,1,Dropout
3393,1,18,0,0,0,1,9,1,Enrolled
3394,1,26,0,0,0,1,11,1,Dropout
3395,1,18,0,1,0,1,9,1,Graduate
3396,1,22,0,0,0,1,15,1,Enrolled
3397,1,25,0,0,0,1,4,1,Dropout
3398,1,19,0,0,0,1,15,1,Enrolled
3399,1,19,0,0,0,1,15,1,Graduate
3400,1,19,0,0,0,1,12,1,Graduate
3401,1,45,0,0,0,1,3,0,Dropout
3402,1,52,0,0,0,1,17,0,Graduate
3403,1,20,0,0,0,0,9,1,Dropout
3404,1,19,0,0,0,1,12,1,Graduate
3405,1,21,0,0,1,0,12,1,Dropout
3406,1,35,0,0,0,0,3,0,Graduate
3407,1,36,0,0,0,1,2,1,Graduate
3408,1,47,0,0,1,0,12,1,Dropout
3409,1,22,0,0,0,1,17,0,Dropout
3410,1,41,0,0,0,1,17,0,Dropout
3411,1,26,0,0,0,1,7,1,Dropout
3412,0,51,0,0,0,0,3,0,Dropout
3413,0,43,0,0,0,1,17,0,Enrolled
3414,0,41,0,0,0,1,3,0,Graduate
3415,1,23,0,0,0,1,9,1,Graduate
3416,1,22,0,0,0,1,10,1,Dropout
3417,1,25,0,1,0,1,5,1,Dropout
3418,1,25,0,0,0,1,17,0,Graduate
3419,1,22,0,1,0,0,2,1,Graduate
3420,1,24,1,0,0,1,4,1,Enrolled
3421,1,47,0,0,0,1,6,1,Dropout
3422,1,41,0,0,0,1,17,0,Dropout
3423,1,43,0,0,0,1,4,1,Graduate
3424,1,29,0,0,0,1,4,1,Dropout
3425,1,30,0,0,0,1,7,1,Dropout
3426,1,26,0,0,0,0,9,1,Dropout
3427,1,27,0,0,0,0,17,0,Dropout
3428,1,36,0,1,0,1,14,1,Graduate
3429,1,29,0,0,0,1,4,1,Dropout
3430,1,35,0,0,0,1,7,1,Dropout
3431,1,18,0,1,0,1,15,1,Graduate
3432,1,24,0,1,0,1,17,0,Graduate
3433,1,18,0,1,0,1,15,1,Dropout
3434,1,18,0,0,0,1,7,1,Enrolled
3435,1,21,0,0,0,1,6,1,Enrolled
3436,1,21,0,0,0,1,7,1,Graduate
3437,1,32,0,0,0,1,4,1,Graduate
3438,1,22,0,1,0,1,7,1,Dropout
3439,1,32,0,0,0,0,4,1,Dropout
3440,1,35,0,0,0,1,14,1,Dropout
3441,1,23,0,0,0,0,9,1,Dropout
3442,1,39,0,0,0,1,3,0,Enrolled
3443,1,35,0,0,0,1,14,1,Dropout
3444,1,32,0,0,0,1,4,1,Graduate
3445,1,20,0,0,0,1,16,1,Dropout
3446,1,34,0,0,0,1,12,1,Enrolled
3447,1,44,0,0,0,1,17,0,Dropout
3448,1,53,0,0,0,1,11,1,Graduate
3449,1,28,0,0,1,0,7,1,Dropout
3450,1,31,0,0,0,1,17,0,Dropout
3451,1,18,0,0,1,0,2,1,Enrolled
3452,1,44,0,0,1,0,4,1,Dropout
3453,1,19,0,0,0,1,6,1,Graduate
3454,1,21,1,0,0,1,2,1,Enrolled
3455,1,18,0,1,0,1,7,1,Dropout
3456,1,20,0,0,0,1,4,1,Graduate
3457,1,55,0,0,0,1,5,1,Graduate
3458,1,27,0,0,0,1,9,1,Enrolled
3459,1,19,0,0,0,1,7,1,Dropout
3460,1,18,0,0,0,1,9,1,Graduate
3461,1,43,0,0,0,1,15,1,Dropout
3462,1,18,0,0,0,1,11,1,Dropout
3463,1,18,0,0,0,1,2,1,Dropout
3464,1,20,0,1,1,1,11,1,Dropout
3465,1,29,0,0,1,0,17,0,Dropout
3466,1,44,0,0,1,1,8,1,Dropout
3467,1,18,0,0,0,1,7,1,Enrolled
3468,1,20,0,1,0,1,4,1,Enrolled
3469,1,20,0,0,0,1,5,1,Dropout
3470,1,36,0,0,0,1,9,1,Dropout
3471,1,19,0,0,0,1,8,1,Enrolled
3472,1,29,0,0,0,0,6,1,Dropout
3473,1,18,0,0,0,1,14,1,Dropout
3474,1,24,0,0,0,0,4,1,Dropout
3475,1,20,0,0,0,1,15,1,Graduate
3476,1,45,0,0,1,0,3,0,Dropout
3477,1,28,0,1,0,1,12,1,Graduate
3478,1,23,0,0,0,1,11,1,Enrolled
3479,1,18,0,0,0,1,12,1,Graduate
3480,1,23,0,0,0,1,9,1,Dropout
3481,1,22,0,0,0,1,2,1,Enrolled
3482,1,22,0,1,0,1,5,1,Graduate
3483,1,33,0,0,0,1,17,0,Graduate
3484,1,21,0,0,0,1,4,1,Graduate
3485,1,45,0,0,0,1,9,1,Graduate
3486,1,44,0,0,0,0,4,1,Dropout
3487,1,42,0,0,0,1,14,1,Dropout
3488,1,20,0,0,0,1,9,1,Dropout
3489,1,20,0,0,0,1,9,1,Enrolled
3490,1,20,0,1,0,1,11,1,Graduate
3491,1,20,0,0,0,1,15,1,Enrolled
3492,1,19,0,0,0,1,9,1,Enrolled
3493,1,26,0,0,1,0,3,0,Dropout
3494,1,31,0,0,0,1,4,1,Graduate
3495,1,19,0,1,1,1,15,1,Graduate
3496,1,28,0,0,0,1,15,1,Graduate
3497,1,20,0,1,0,1,2,1,Graduate
3498,0,43,0,0,0,1,3,0,Graduate
3499,1,25,1,1,0,1,2,1,Dropout
3500,0,40,0,0,1,1,10,1,Dropout
3501,0,20,1,0,0,1,6,1,Graduate
3502,0,46,0,0,0,1,3,0,Graduate
3503,0,26,0,0,0,1,1,1,Graduate
3504,0,34,0,1,0,1,12,1,Graduate
3505,0,19,0,0,0,1,16,1,Dropout
3506,0,18,0,1,0,1,12,1,Graduate
3507,0,18,0,0,0,1,13,1,Graduate
3508,1,37,0,1,0,1,3,0,Graduate
3509,1,23,0,1,0,1,2,1,Graduate
3510,1,26,0,0,0,1,5,1,Graduate
3511,0,18,1,0,0,0,15,1,Dropout
3512,0,18,1,0,0,1,12,1,Enrolled
3513,0,19,0,0,0,1,12,1,Graduate
3514,0,18,1,0,0,1,6,1,Graduate
3515,0,19,0,0,0,1,14,1,Dropout
3516,1,20,1,0,0,1,7,1,Enrolled
3517,0,22,0,1,0,1,5,1,Graduate
3518,0,18,0,1,0,1,12,1,Graduate
3519,0,18,0,1,0,1,11,1,Graduate
3520,0,18,0,1,0,1,15,1,Graduate
3521,0,18,0,1,0,1,11,1,Graduate
3522,0,18,0,0,0,1,11,1,Graduate
3523,0,19,0,1,0,1,12,1,Graduate
3524,0,20,0,0,0,1,16,1,Dropout
3525,0,19,0,1,0,1,10,1,Dropout
3526,0,18,0,0,0,1,6,1,Graduate
3527,0,18,0,1,0,1,5,1,Dropout
3528,0,18,0,1,0,1,12,1,Graduate
3529,0,18,0,0,0,1,15,1,Graduate
3530,0,18,0,1,0,1,9,1,Graduate
3531,0,18,0,0,1,1,15,1,Graduate
3532,0,20,0,1,0,1,4,1,Graduate
3533,0,19,0,1,0,1,10,1,Graduate
3534,0,18,0,1,0,1,8,1,Enrolled
3535,0,19,0,1,0,1,10,1,Graduate
3536,0,19,0,0,0,1,16,1,Enrolled
3537,0,19,1,0,0,1,8,1,Enrolled
3538,0,19,0,0,0,1,14,1,Graduate
3539,0,20,1,0,1,1,14,1,Graduate
3540,0,18,0,1,0,1,8,1,Graduate
3541,0,33,0,0,0,1,9,1,Dropout
3542,0,19,0,1,0,1,16,1,Dropout
3543,0,18,0,1,0,1,13,1,Graduate
3544,0,19,0,0,0,1,5,1,Dropout
3545,0,19,0,0,0,1,4,1,Enrolled
3546,0,18,0,0,0,1,15,1,Graduate
3547,0,20,0,0,0,1,10,1,Graduate
3548,0,19,0,0,0,1,12,1,Graduate
3549,1,18,0,1,0,1,15,1,Graduate
3550,1,19,0,1,1,1,11,1,Dropout
3551,0,25,1,0,0,1,3,0,Graduate
3552,0,20,0,1,0,1,5,1,Enrolled
3553,0,19,0,0,0,1,3,0,Graduate
3554,1,33,0,0,1,1,17,0,Dropout
3555,1,18,0,0,1,1,7,1,Enrolled
3556,1,18,0,0,0,1,7,1,Enrolled
3557,0,19,1,0,0,1,9,1,Graduate
3558,0,18,0,0,0,1,2,1,Enrolled
3559,0,19,0,0,0,1,9,1,Enrolled
3560,0,18,0,0,0,1,15,1,Dropout
3561,0,18,0,0,0,1,16,1,Graduate
3562,0,18,0,0,0,1,12,1,Graduate
3563,0,37,0,0,0,1,12,1,Dropout
3564,0,20,0,0,0,1,10,1,Enrolled
3565,0,20,1,1,0,1,11,1,Graduate
3566,1,21,1,0,0,1,10,1,Graduate
3567,0,18,0,1,0,1,12,1,Graduate
3568,0,26,0,0,0,1,3,0,Enrolled
3569,0,41,0,0,1,1,9,1,Enrolled
3570,0,18,0,1,0,1,15,1,Graduate
3571,0,18,0,0,1,1,12,1,Graduate
3572,0,31,0,0,0,1,12,1,Graduate
3573,0,23,0,0,1,1,10,1,Graduate
3574,0,19,0,0,0,1,12,1,Graduate
3575,0,20,0,1,0,1,15,1,Graduate
3576,0,40,0,0,0,1,3,0,Graduate
3577,0,32,0,0,1,1,6,1,Dropout
3578,0,24,0,0,0,1,11,1,Dropout
3579,0,18,0,0,0,1,12,1,Graduate
3580,0,18,0,0,0,1,10,1,Graduate
3581,0,18,0,1,0,1,10,1,Graduate
3582,0,27,0,0,0,0,4,1,Dropout
3583,0,18,0,0,0,1,9,1,Graduate
3584,0,26,0,0,0,1,17,0,Enrolled
3585,0,19,0,0,0,1,16,1,Graduate
3586,0,19,0,0,0,1,3,0,Graduate
3587,0,21,0,0,0,1,9,1,Enrolled
3588,0,24,0,0,0,1,9,1,Enrolled
3589,0,20,0,0,0,1,16,1,Dropout
3590,0,18,0,0,0,1,16,1,Enrolled
3591,0,30,0,0,0,1,4,1,Dropout
3592,0,22,0,0,1,0,16,1,Enrolled
3593,0,21,0,0,0,1,9,1,Graduate
3594,0,26,0,0,0,1,13,1,Dropout
3595,0,23,0,0,0,1,9,1,Enrolled
3596,0,18,0,1,0,1,5,1,Graduate
3597,0,21,0,0,1,1,5,1,Dropout
3598,0,18,0,1,0,1,2,1,Dropout
3599,0,21,0,0,0,1,6,1,Enrolled
3600,0,18,0,0,0,1,16,1,Enrolled
3601,0,19,0,1,0,1,16,1,Dropout
3602,0,22,0,0,0,1,11,1,Enrolled
3603,0,19,0,0,0,1,10,1,Graduate
3604,0,19,0,0,0,0,6,1,Dropout
3605,0,19,0,0,0,1,10,1,Dropout
3606,0,27,0,0,0,1,6,1,Graduate
3607,0,22,0,0,0,1,6,1,Graduate
3608,0,18,0,0,0,1,15,1,Dropout
3609,0,20,0,0,0,1,11,1,Graduate
3610,0,34,0,0,0,1,17,0,Dropout
3611,0,18,0,0,0,1,12,1,Graduate
3612,1,20,0,0,0,1,15,1,Graduate
3613,0,20,1,0,0,1,8,1,Graduate
3614,1,25,0,0,0,1,17,0,Dropout
3615,1,18,0,0,0,1,7,1,Dropout
3616,1,18,0,0,0,0,8,1,Dropout
3617,0,18,0,1,0,1,16,1,Dropout
3618,0,19,0,1,0,1,11,1,Graduate
3619,0,19,0,1,0,1,16,1,Dropout
3620,0,21,0,1,0,1,10,1,Graduate
3621,0,29,0,0,0,1,5,1,Enrolled
3622,0,20,0,1,0,1,5,1,Graduate
3623,0,21,0,1,1,1,3,0,Graduate
3624,0,34,1,0,0,1,17,0,Dropout
3625,0,20,1,0,0,1,15,1,Graduate
3626,1,24,0,0,0,1,17,0,Dropout
3627,1,18,0,0,0,1,12,1,Graduate
3628,1,19,0,0,0,1,12,1,Enrolled
3629,1,18,0,1,0,1,9,1,Enrolled
3630,1,28,0,0,0,1,17,0,Enrolled
3631,1,28,0,0,0,1,17,0,Dropout
3632,1,20,0,0,0,1,11,1,Dropout
3633,1,22,0,0,0,1,12,1,Graduate
3634,1,19,0,0,0,1,12,1,Graduate
3635,1,20,0,0,0,1,14,1,Enrolled
3636,1,26,0,0,0,1,13,1,Dropout
3637,1,21,0,0,0,0,11,1,Dropout
3638,1,18,0,0,0,1,2,1,Graduate
3639,1,18,0,0,0,1,9,1,Graduate
3640,1,22,0,0,0,1,2,1,Graduate
3641,1,36,0,0,0,1,7,1,Dropout
3642,1,20,0,1,0,1,15,1,Graduate
3643,1,20,0,0,0,1,14,1,Dropout
3644,1,25,0,0,0,1,17,0,Dropout
3645,1,35,0,0,0,1,4,1,Graduate
3646,1,22,0,0,0,1,2,1,Dropout
3647,1,26,0,0,0,1,5,1,Enrolled
3648,1,20,0,0,1,0,4,1,Dropout
3649,1,50,0,0,0,1,3,0,Dropout
3650,1,20,0,0,0,1,12,1,Dropout
3651,1,20,0,0,0,1,12,1,Enrolled
3652,1,35,0,0,0,0,4,1,Dropout
3653,1,19,0,1,0,1,14,1,Graduate
3654,1,43,0,0,0,1,9,1,Dropout
3655,1,19,0,0,0,1,12,1,Graduate
3656,1,25,0,0,0,1,12,1,Graduate
3657,1,19,0,0,0,1,2,1,Graduate
3658,1,20,0,1,0,1,16,1,Enrolled
3659,1,22,0,0,0,1,2,1,Dropout
3660,1,19,0,1,0,1,11,1,Dropout
3661,1,32,0,0,0,1,17,0,Dropout
3662,1,57,0,0,0,1,15,1,Graduate
3663,1,20,0,0,0,0,12,1,Dropout
3664,1,38,0,0,0,0,17,0,Dropout
3665,1,45,0,0,0,1,17,0,Graduate
3666,1,43,0,0,1,0,15,1,Dropout
3667,1,19,0,0,0,1,5,1,Graduate
3668,1,49,0,0,0,0,17,0,Dropout
3669,1,43,0,0,0,1,12,1,Enrolled
3670,1,34,0,0,0,1,3,0,Dropout
3671,1,18,0,0,1,1,7,1,Enrolled
3672,1,43,0,0,0,1,17,0,Graduate
3673,1,21,0,0,0,1,11,1,Dropout
3674,1,40,0,0,0,1,17,0,Enrolled
3675,1,19,0,1,0,1,14,1,Graduate
3676,1,27,0,0,0,1,11,1,Enrolled
3677,1,43,0,0,0,1,13,1,Dropout
3678,1,31,0,0,0,1,17,0,Graduate
3679,1,26,0,0,1,1,4,1,Enrolled
3680,1,34,0,0,0,1,17,0,Graduate
3681,1,30,0,0,0,1,12,1,Graduate
3682,1,36,0,0,0,1,12,1,Dropout
3683,1,46,0,0,1,0,17,0,Dropout
3684,1,22,0,0,0,1,6,1,Graduate
3685,1,27,0,0,0,1,4,1,Dropout
3686,1,20,0,0,0,1,7,1,Enrolled
3687,1,20,0,0,0,1,9,1,Enrolled
3688,1,31,0,0,1,0,7,1,Dropout
3689,1,20,0,0,1,1,7,1,Enrolled
3690,1,21,0,0,0,0,15,1,Dropout
3691,1,21,0,0,0,1,9,1,Dropout
3692,1,19,0,0,0,1,9,1,Graduate
3693,1,20,0,1,0,1,9,1,Graduate
3694,1,18,0,0,0,1,4,1,Graduate
3695,1,18,0,1,0,1,15,1,Graduate
3696,1,30,0,0,1,1,12,1,Enrolled
3697,1,34,0,0,1,0,11,1,Dropout
3698,1,21,0,0,1,0,14,1,Enrolled
3699,1,20,0,0,0,1,5,1,Dropout
3700,1,18,0,0,0,1,12,1,Graduate
3701,1,21,0,0,1,1,2,1,Dropout
3702,1,26,0,0,0,1,4,1,Dropout
3703,1,20,0,0,1,1,7,1,Dropout
3704,1,25,0,0,0,1,4,1,Dropout
3705,1,19,0,0,0,1,14,1,Enrolled
3706,1,24,0,0,0,1,9,1,Dropout
3707,1,20,0,0,0,1,8,1,Graduate
3708,1,20,0,0,0,1,9,1,Dropout
3709,0,18,0,0,0,1,5,1,Graduate
3710,0,25,0,0,0,1,13,1,Enrolled
3711,0,22,0,0,0,1,11,1,Graduate
3712,0,41,0,0,0,0,3,0,Dropout
3713,0,19,0,1,1,1,9,1,Dropout
3714,0,21,0,0,0,1,8,1,Graduate
3715,0,30,0,0,1,1,6,1,Dropout
3716,0,21,0,1,0,1,12,1,Graduate
3717,0,26,0,1,0,1,13,1,Enrolled
3718,0,21,1,0,0,1,14,1,Graduate
3719,0,18,0,0,0,1,12,1,Graduate
3720,0,19,0,1,0,1,6,1,Graduate
3721,0,18,0,1,0,1,6,1,Graduate
3722,0,19,0,0,0,1,9,1,Enrolled
3723,0,21,0,0,0,1,6,1,Enrolled
3724,0,18,0,1,0,1,9,1,Dropout
3725,0,24,0,1,0,1,12,1,Graduate
3726,0,21,0,0,0,1,8,1,Enrolled
3727,0,23,0,0,0,1,6,1,Graduate
3728,0,18,0,1,0,1,12,1,Graduate
3729,0,26,0,0,0,0,6,1,Enrolled
3730,0,20,0,0,0,1,8,1,Graduate
3731,0,18,0,0,0,1,10,1,Graduate
3732,0,20,0,0,0,1,10,1,Graduate
3733,0,20,0,0,0,1,12,1,Enrolled
3734,0,18,0,0,0,1,10,1,Enrolled
3735,0,22,0,1,0,1,15,1,Graduate
3736,0,20,0,0,1,1,12,1,Graduate
3737,0,19,0,1,0,1,12,1,Graduate
3738,0,18,0,0,1,1,8,1,Dropout
3739,0,18,0,0,0,1,9,1,Graduate
3740,0,19,0,1,0,1,6,1,Graduate
3741,0,19,0,1,0,1,5,1,Graduate
3742,0,24,0,0,0,1,3,0,Graduate
3743,0,21,0,0,0,1,10,1,Graduate
3744,0,20,0,1,0,1,10,1,Graduate
3745,0,28,0,1,1,0,11,1,Dropout
3746,0,21,0,0,0,1,16,1,Graduate
3747,1,20,0,0,1,1,12,1,Enrolled
3748,1,36,0,0,0,0,4,1,Dropout
3749,1,42,0,0,0,0,17,0,Dropout
3750,1,47,0,0,0,1,17,0,Dropout
3751,1,25,0,0,0,0,7,1,Dropout
3752,1,25,0,1,0,1,14,1,Graduate
3753,1,48,0,0,0,1,3,0,Dropout
3754,1,32,0,1,0,1,17,0,Graduate
3755,1,38,0,0,0,1,17,0,Dropout
3756,1,37,0,0,0,1,10,1,Graduate
3757,1,26,0,0,0,0,9,1,Dropout
3758,1,23,0,0,0,1,6,1,Dropout
3759,1,23,0,0,0,1,4,1,Enrolled
3760,1,20,0,0,0,1,4,1,Enrolled
3761,1,26,0,0,0,1,12,1,Dropout
3762,0,45,0,0,0,1,3,0,Enrolled
3763,0,26,0,1,0,1,3,0,Enrolled
3764,0,26,0,0,0,1,3,0,Graduate
3765,0,25,0,0,0,1,17,0,Enrolled
3766,0,18,0,0,0,1,12,1,Graduate
3767,0,27,0,0,0,1,12,1,Graduate
3768,0,24,0,0,0,0,3,0,Dropout
3769,0,20,0,0,0,1,9,1,Graduate
3770,0,18,0,1,0,1,12,1,Dropout
3771,0,18,0,1,0,1,13,1,Graduate
3772,0,18,0,0,0,1,12,1,Graduate
3773,1,19,0,0,0,1,12,1,Enrolled
3774,0,19,0,1,0,1,12,1,Graduate
3775,0,19,0,1,0,1,12,1,Enrolled
3776,0,18,0,0,0,1,12,1,Graduate
3777,0,18,0,1,0,1,2,1,Enrolled
3778,0,19,0,0,0,1,14,1,Enrolled
3779,0,23,0,0,0,1,4,1,Graduate
3780,0,21,0,1,0,1,10,1,Graduate
3781,0,18,0,1,0,1,12,1,Graduate
3782,0,20,0,0,1,0,16,1,Dropout
3783,0,23,0,0,0,1,15,1,Enrolled
3784,0,20,0,0,0,1,10,1,Enrolled
3785,0,18,0,1,0,1,5,1,Graduate
3786,0,29,0,0,0,1,3,0,Graduate
3787,1,28,0,0,0,1,15,1,Dropout
3788,1,19,0,0,0,1,14,1,Enrolled
3789,1,24,0,0,1,0,14,1,Dropout
3790,1,33,0,1,1,1,2,1,Dropout
3791,1,19,0,0,0,0,9,1,Dropout
3792,1,19,0,0,0,1,6,1,Graduate
3793,1,37,0,0,0,1,3,0,Graduate
3794,1,18,0,1,1,0,2,1,Graduate
3795,1,29,0,0,0,1,17,0,Enrolled
3796,1,37,0,0,0,1,12,1,Graduate
3797,1,36,0,0,0,1,12,1,Dropout
3798,1,19,0,0,0,1,14,1,Graduate
3799,1,33,0,1,0,1,12,1,Graduate
3800,1,34,0,0,0,0,7,1,Dropout
3801,0,18,0,0,0,1,11,1,Graduate
3802,0,20,0,0,0,1,8,1,Dropout
3803,0,19,0,1,0,1,15,1,Graduate
3804,0,20,0,0,0,1,6,1,Graduate
3805,0,19,0,1,0,1,10,1,Graduate
3806,0,19,0,0,0,1,12,1,Graduate
3807,0,22,1,1,0,1,15,1,Graduate
3808,0,18,0,0,0,1,14,1,Enrolled
3809,0,18,0,1,0,1,15,1,Graduate
3810,0,19,0,0,0,1,12,1,Enrolled
3811,0,19,0,1,0,1,16,1,Graduate
3812,0,31,0,0,1,0,12,1,Dropout
3813,0,18,0,0,0,1,12,1,Graduate
3814,0,19,0,1,1,1,10,1,Graduate
3815,0,18,0,0,0,1,2,1,Graduate
3816,0,19,0,1,0,1,10,1,Graduate
3817,0,19,0,0,0,1,12,1,Graduate
3818,0,19,0,1,0,1,9,1,Enrolled
3819,0,30,0,0,0,1,3,0,Graduate
3820,0,18,0,0,0,1,15,1,Enrolled
3821,0,18,0,0,0,1,12,1,Graduate
3822,0,21,0,0,0,1,6,1,Dropout
3823,0,19,0,1,0,1,10,1,Graduate
3824,0,19,0,1,0,1,14,1,Enrolled
3825,0,19,0,0,0,1,12,1,Enrolled
3826,0,19,0,0,0,1,8,1,Dropout
3827,0,19,0,1,0,1,14,1,Graduate
3828,0,39,0,1,0,1,17,0,Graduate
3829,0,18,0,0,0,1,5,1,Enrolled
3830,0,20,0,0,0,1,2,1,Dropout
3831,0,19,0,0,0,1,9,1,Graduate
3832,0,18,0,0,0,1,9,1,Enrolled
3833,0,34,0,0,1,0,4,1,Enrolled
3834,0,22,0,0,0,1,14,1,Enrolled
3835,0,24,0,0,0,1,6,1,Graduate
3836,0,34,0,0,0,1,9,1,Graduate
3837,0,46,0,0,0,1,17,0,Dropout
3838,0,50,0,0,0,1,9,1,Enrolled
3839,0,37,0,0,0,0,17,0,Dropout
3840,0,18,0,0,0,1,6,1,Graduate
3841,0,25,0,1,0,1,6,1,Enrolled
3842,0,46,0,0,0,1,4,1,Graduate
3843,0,30,0,1,0,1,5,1,Graduate
3844,0,37,0,0,1,0,17,0,Dropout
3845,0,50,0,0,0,1,17,0,Enrolled
3846,0,20,0,0,0,1,4,1,Graduate
3847,0,39,0,0,0,1,13,1,Dropout
3848,0,53,0,0,0,0,15,1,Dropout
3849,0,54,0,0,0,1,9,1,Dropout
3850,0,19,0,0,0,1,6,1,Graduate
3851,0,20,0,0,0,0,15,1,Dropout
3852,0,18,0,0,1,1,15,1,Graduate
3853,0,21,0,0,1,1,4,1,Graduate
3854,0,18,0,0,0,1,5,1,Graduate
3855,0,19,0,0,1,1,12,1,Dropout
3856,0,18,0,1,0,1,12,1,Dropout
3857,0,19,0,0,0,1,15,1,Graduate
3858,0,18,0,1,0,1,2,1,Dropout
3859,0,19,0,0,0,1,14,1,Graduate
3860,0,48,0,0,0,1,3,0,Enrolled
3861,0,34,0,0,1,1,10,1,Graduate
3862,0,18,0,0,0,1,6,1,Graduate
3863,0,50,0,0,0,1,3,0,Graduate
3864,0,41,0,0,1,1,16,1,Graduate
3865,0,22,0,1,0,1,15,1,Dropout
3866,0,43,0,0,0,1,9,1,Graduate
3867,0,50,0,0,0,1,3,0,Dropout
3868,0,60,0,0,0,1,4,1,Graduate
3869,0,41,0,0,0,1,9,1,Enrolled
3870,0,47,0,0,0,1,17,0,Graduate
3871,0,22,0,0,0,1,2,1,Graduate
3872,0,41,0,0,0,1,12,1,Dropout
3873,0,28,0,0,0,1,17,0,Enrolled
3874,0,32,0,0,0,1,11,1,Graduate
3875,0,50,0,0,0,1,17,0,Dropout
3876,0,53,0,0,0,1,9,1,Enrolled
3877,0,54,1,0,1,0,13,1,Dropout
3878,0,49,0,0,0,1,3,0,Enrolled
3879,0,34,0,0,0,1,16,1,Dropout
3880,0,45,0,0,0,1,3,0,Dropout
3881,0,47,0,1,0,1,3,0,Graduate
3882,0,22,0,0,0,1,10,1,Enrolled
3883,0,33,0,0,0,1,17,0,Dropout
3884,0,43,0,1,0,1,3,0,Graduate
3885,0,54,0,0,0,1,4,1,Graduate
3886,0,39,0,0,0,1,3,0,Graduate
3887,0,39,0,0,0,1,17,0,Graduate
3888,0,18,0,1,0,1,16,1,Graduate
3889,0,19,0,1,0,1,10,1,Graduate
3890,0,18,0,1,0,1,14,1,Graduate
3891,0,44,0,0,0,1,3,0,Graduate
3892,0,27,0,0,0,1,17,0,Dropout
3893,0,18,0,1,0,1,14,1,Graduate
3894,0,45,0,0,0,1,3,0,Dropout
3895,0,20,0,0,0,1,16,1,Graduate
3896,0,40,0,0,0,1,3,0,Graduate
3897,0,40,0,0,0,1,17,0,Enrolled
3898,0,18,0,0,0,1,12,1,Graduate
3899,0,21,0,0,0,1,12,1,Graduate
3900,0,20,0,0,0,1,2,1,Graduate
3901,0,36,0,0,0,1,17,0,Enrolled
3902,0,27,0,0,0,1,3,0,Dropout
3903,0,32,1,0,0,1,13,1,Graduate
3904,0,18,0,1,0,1,10,1,Graduate
3905,0,37,0,0,0,1,3,0,Dropout
3906,0,19,0,0,0,1,15,1,Graduate
3907,0,41,0,1,0,1,3,0,Graduate
3908,0,18,0,1,0,1,12,1,Graduate
3909,0,21,0,0,0,1,6,1,Graduate
3910,0,23,0,0,1,0,4,1,Dropout
3911,0,18,0,0,0,1,15,1,Dropout
3912,0,18,0,0,0,1,12,1,Graduate
3913,0,21,0,0,0,1,6,1,Dropout
3914,0,19,0,0,0,1,10,1,Graduate
3915,0,47,0,0,0,1,9,1,Dropout
3916,0,48,0,1,0,1,3,0,Enrolled
3917,0,39,0,0,0,1,3,0,Graduate
3918,0,19,0,0,0,1,12,1,Graduate
3919,0,38,0,0,0,1,17,0,Dropout
3920,0,27,0,0,1,0,4,1,Dropout
3921,0,18,0,1,0,1,2,1,Graduate
3922,0,34,0,0,0,1,3,0,Enrolled
3923,0,48,0,0,0,1,10,1,Dropout
3924,0,25,0,0,0,1,14,1,Dropout
3925,0,32,0,1,0,1,12,1,Graduate
3926,0,18,0,1,0,1,15,1,Graduate
3927,0,20,0,0,1,1,3,0,Graduate
3928,0,20,0,0,0,1,9,1,Graduate
3929,0,20,0,0,0,1,2,1,Dropout
3930,0,19,0,0,0,1,12,1,Enrolled
3931,0,39,0,0,0,1,17,0,Dropout
3932,0,29,0,0,1,1,8,1,Dropout
3933,0,36,0,0,1,1,17,0,Dropout
3934,0,18,0,0,0,1,12,1,Graduate
3935,0,51,0,0,0,1,3,0,Dropout
3936,0,23,1,0,1,1,15,1,Dropout
3937,0,21,0,0,0,1,6,1,Dropout
3938,0,28,0,0,0,0,16,1,Dropout
3939,0,34,0,0,0,1,17,0,Enrolled
3940,0,41,0,0,0,1,3,0,Dropout
3941,0,43,0,1,0,1,3,0,Graduate
3942,0,28,1,0,0,1,13,1,Enrolled
3943,0,19,0,1,0,1,2,1,Graduate
3944,0,26,0,0,0,1,4,1,Graduate
3945,0,18,0,0,0,1,12,1,Graduate
3946,0,45,0,0,0,1,16,1,Dropout
3947,0,19,0,0,0,1,16,1,Dropout
3948,0,20,0,0,0,1,14,1,Graduate
3949,0,18,0,0,0,1,16,1,Graduate
3950,0,27,0,0,0,1,6,1,Dropout
3951,0,20,0,0,0,1,4,1,Graduate
3952,0,18,0,0,0,1,6,1,Graduate
3953,0,35,0,0,0,1,14,1,Enrolled
3954,0,26,0,0,0,1,2,1,Dropout
3955,0,39,0,1,0,1,10,1,Graduate
3956,0,18,0,0,0,1,2,1,Graduate
3957,0,36,0,0,0,1,12,1,Dropout
3958,0,38,0,0,0,1,3,0,Graduate
3959,0,45,0,0,0,1,16,1,Dropout
3960,0,62,0,0,0,1,11,1,Graduate
3961,0,20,0,1,0,1,14,1,Graduate
3962,0,18,0,0,0,1,12,1,Graduate
3963,0,18,0,0,0,1,5,1,Dropout
3964,0,23,0,0,0,1,17,0,Graduate
3965,0,19,0,1,1,1,5,1,Dropout
3966,0,19,0,1,1,1,9,1,Graduate
3967,0,18,0,0,0,1,12,1,Graduate
3968,0,18,0,0,0,1,12,1,Enrolled
3969,0,41,0,0,0,1,3,0,Graduate
3970,0,51,0,1,0,1,14,1,Graduate
3971,0,24,0,0,0,1,10,1,Graduate
3972,0,25,0,0,0,1,17,0,Dropout
3973,0,18,0,0,0,1,6,1,Enrolled
3974,0,20,0,0,0,1,9,1,Graduate
3975,0,19,0,0,0,1,2,1,Dropout
3976,0,41,0,0,0,1,17,0,Graduate
3977,0,19,0,1,0,1,11,1,Graduate
3978,0,28,0,0,0,1,16,1,Dropout
3979,0,21,0,0,0,1,5,1,Graduate
3980,0,22,0,0,0,0,6,1,Dropout
3981,0,18,0,0,0,0,15,1,Graduate
3982,0,19,0,1,0,1,5,1,Graduate
3983,0,19,0,1,0,1,12,1,Graduate
3984,0,25,0,0,1,0,16,1,Graduate
3985,0,18,0,1,0,1,12,1,Graduate
3986,0,19,0,0,0,1,5,1,Graduate
3987,0,20,0,0,0,1,16,1,Enrolled
3988,0,46,0,0,0,1,3,0,Graduate
3989,0,19,0,0,0,0,2,1,Graduate
3990,0,18,0,0,0,1,11,1,Enrolled
3991,0,18,0,1,0,1,8,1,Graduate
3992,0,19,0,1,0,1,12,1,Graduate
3993,0,20,0,0,0,1,15,1,Dropout
3994,0,38,0,1,0,1,3,0,Graduate
3995,0,18,0,0,0,1,15,1,Graduate
3996,0,18,0,1,0,1,12,1,Graduate
3997,0,18,0,0,0,1,10,1,Graduate
3998,0,20,0,0,0,1,9,1,Enrolled
3999,0,19,0,0,0,1,8,1,Graduate
4000,0,37,0,0,0,0,3,0,Dropout
4001,0,24,0,0,0,1,12,1,Enrolled
4002,0,19,0,0,0,1,12,1,Graduate
4003,0,19,0,1,0,1,15,1,Dropout
4004,0,19,0,1,0,1,13,1,Dropout
4005,0,18,0,1,1,1,9,1,Graduate
4006,0,18,0,1,0,1,12,1,Graduate
4007,0,18,0,0,0,1,9,1,Graduate
4008,0,19,0,1,0,1,9,1,Enrolled
4009,0,18,0,0,0,1,8,1,Dropout
4010,0,20,0,0,0,1,12,1,Graduate
4011,0,20,0,0,0,1,6,1,Graduate
4012,0,18,0,0,0,1,6,1,Dropout
4013,0,20,0,0,0,1,12,1,Graduate
4014,0,18,0,1,0,1,14,1,Graduate
4015,0,19,0,0,0,1,12,1,Dropout
4016,0,18,0,0,0,1,12,1,Graduate
4017,0,20,0,0,0,1,6,1,Graduate
4018,0,18,0,0,0,1,12,1,Graduate
4019,0,19,0,1,0,1,6,1,Graduate
4020,0,19,0,0,0,1,10,1,Graduate
4021,0,19,0,0,0,1,8,1,Graduate
4022,0,18,0,0,0,1,12,1,Graduate
4023,0,19,0,0,0,1,16,1,Dropout
4024,0,24,0,1,0,1,2,1,Graduate
4025,0,18,0,1,0,1,2,1,Graduate
4026,0,18,0,1,0,1,12,1,Graduate
4027,0,18,0,0,0,1,15,1,Enrolled
4028,0,19,0,0,0,1,15,1,Dropout
4029,0,35,0,1,0,1,3,0,Graduate
4030,0,19,0,0,0,1,9,1,Graduate
4031,0,28,0,0,0,1,16,1,Dropout
4032,0,21,0,0,0,1,12,1,Graduate
4033,0,19,0,1,0,1,12,1,Graduate
4034,0,19,0,0,0,1,10,1,Graduate
4035,0,18,0,0,0,1,6,1,Graduate
4036,0,18,0,0,0,1,11,1,Graduate
4037,0,19,0,0,0,0,12,1,Dropout
4038,0,20,0,1,0,1,14,1,Graduate
4039,0,18,0,0,0,1,15,1,Graduate
4040,0,19,0,0,1,0,16,1,Dropout
4041,0,20,0,1,0,1,15,1,Dropout
4042,0,18,0,0,0,1,12,1,Enrolled
4043,0,18,0,0,0,0,14,1,Graduate
4044,0,21,0,1,0,1,5,1,Graduate
4045,0,19,0,1,0,1,11,1,Graduate
4046,0,19,0,0,0,1,16,1,Graduate
4047,0,19,0,0,0,1,6,1,Enrolled
4048,0,18,0,0,0,1,15,1,Dropout
4049,0,18,0,1,0,1,9,1,Graduate
4050,0,18,0,0,0,1,6,1,Graduate
4051,0,31,0,0,0,1,13,1,Dropout
4052,0,19,0,0,0,1,9,1,Enrolled
4053,0,20,0,1,0,1,6,1,Graduate
4054,0,19,0,1,0,1,6,1,Dropout
4055,0,19,0,1,0,1,10,1,Graduate
4056,0,27,0,0,0,0,8,1,Dropout
4057,0,18,0,1,0,1,15,1,Graduate
4058,0,32,0,0,0,1,3,0,Dropout
4059,0,18,0,0,0,1,12,1,Graduate
4060,0,19,0,1,0,1,12,1,Graduate
4061,0,19,0,0,0,1,15,1,Enrolled
4062,0,18,0,0,0,1,11,1,Dropout
4063,0,18,0,1,0,1,14,1,Dropout
4064,0,24,0,1,1,0,15,1,Graduate
4065,0,19,0,1,0,1,10,1,Graduate
4066,0,21,0,0,1,1,11,1,Dropout
4067,0,19,0,0,0,1,5,1,Graduate
4068,0,19,1,0,0,1,12,1,Enrolled
4069,0,36,0,1,0,1,13,1,Graduate
4070,1,51,0,0,0,1,6,1,Dropout
4071,1,20,0,1,0,1,14,1,Enrolled
4072,1,29,0,0,1,0,3,0,Dropout
4073,1,27,0,0,1,0,10,1,Dropout
4074,1,33,0,0,0,1,7,1,Enrolled
4075,1,57,0,0,0,0,9,1,Dropout
4076,1,20,0,0,0,1,14,1,Enrolled
4077,1,26,0,0,0,1,14,1,Dropout
4078,1,27,0,0,1,0,7,1,Enrolled
4079,1,19,0,0,0,1,14,1,Graduate
4080,1,23,0,0,0,1,6,1,Dropout
4081,1,27,0,0,0,1,17,0,Graduate
4082,1,20,0,1,1,1,12,1,Graduate
4083,0,19,0,1,0,1,5,1,Graduate
4084,0,19,0,0,1,0,8,1,Dropout
4085,0,20,0,0,0,1,5,1,Graduate
4086,0,33,0,0,0,1,9,1,Enrolled
4087,0,22,0,0,0,1,17,0,Graduate
4088,0,18,0,0,0,1,9,1,Graduate
4089,0,27,0,0,0,1,12,1,Graduate
4090,0,27,0,0,0,1,17,0,Dropout
4091,0,19,0,0,0,1,10,1,Graduate
4092,0,20,0,1,0,1,16,1,Enrolled
4093,0,23,0,1,0,1,3,0,Graduate
4094,0,22,0,1,0,1,12,1,Graduate
4095,0,18,0,1,0,1,11,1,Dropout
4096,0,18,0,1,0,1,10,1,Graduate
4097,0,31,0,1,0,1,3,0,Graduate
4098,0,19,0,0,0,1,15,1,Dropout
4099,0,19,0,0,0,1,10,1,Enrolled
4100,0,24,0,0,0,1,3,0,Dropout
4101,0,19,0,0,0,1,12,1,Graduate
4102,0,19,0,0,0,1,9,1,Graduate
4103,0,26,0,0,0,0,14,1,Dropout
4104,1,27,1,0,1,0,2,1,Dropout
4105,0,19,0,0,0,1,10,1,Graduate
4106,0,29,0,0,0,1,6,1,Dropout
4107,0,18,0,1,0,1,12,1,Graduate
4108,0,19,0,0,0,1,12,1,Graduate
4109,0,18,0,0,0,1,15,1,Enrolled
4110,0,18,0,1,0,1,9,1,Graduate
4111,0,19,0,0,0,1,2,1,Dropout
4112,0,19,0,0,0,1,12,1,Graduate
4113,0,19,0,0,0,1,11,1,Dropout
4114,0,19,0,0,0,1,14,1,Enrolled
4115,0,19,0,0,0,1,15,1,Graduate
4116,0,19,0,1,0,1,10,1,Graduate
4117,0,18,0,0,1,0,12,1,Dropout
4118,0,20,0,0,0,1,15,1,Graduate
4119,0,20,0,0,0,1,11,1,Graduate
4120,0,21,0,0,0,1,6,1,Enrolled
4121,0,31,0,0,0,1,17,0,Dropout
4122,0,20,0,1,0,1,13,1,Graduate
4123,0,19,0,1,0,1,14,1,Enrolled
4124,0,18,0,0,0,1,12,1,Graduate
4125,0,19,0,1,0,1,12,1,Graduate
4126,0,30,0,0,0,1,10,1,Graduate
4127,0,21,0,0,0,1,10,1,Enrolled
4128,0,19,0,0,0,1,9,1,Graduate
4129,0,22,0,0,1,1,9,1,Graduate
4130,0,18,0,1,0,1,15,1,Graduate
4131,0,18,0,0,0,1,10,1,Graduate
4132,0,19,0,1,0,1,12,1,Graduate
4133,0,18,0,0,0,1,8,1,Graduate
4134,0,21,0,0,0,1,12,1,Enrolled
4135,0,18,0,0,0,1,12,1,Enrolled
4136,0,20,0,0,0,1,2,1,Graduate
4137,0,18,0,0,0,1,6,1,Graduate
4138,0,25,0,0,0,1,6,1,Graduate
4139,0,19,0,0,0,1,15,1,Graduate
4140,0,19,0,1,0,1,16,1,Enrolled
4141,0,26,0,0,0,1,6,1,Graduate
4142,0,21,0,0,0,1,9,1,Graduate
4143,0,19,0,0,0,1,9,1,Dropout
4144,0,19,0,1,0,1,12,1,Graduate
4145,0,18,0,1,0,1,10,1,Graduate
4146,0,32,0,1,0,1,17,0,Graduate
4147,0,18,0,1,0,1,10,1,Graduate
4148,0,20,0,0,0,1,12,1,Enrolled
4149,0,20,0,0,0,1,9,1,Enrolled
4150,0,39,0,1,1,1,14,1,Graduate
4151,0,20,0,0,0,1,8,1,Enrolled
4152,0,18,0,0,1,0,2,1,Dropout
4153,0,18,0,1,1,1,15,1,Graduate
4154,0,21,0,0,0,1,2,1,Graduate
4155,0,18,0,0,0,1,12,1,Enrolled
4156,0,18,0,0,0,1,9,1,Enrolled
4157,0,21,0,0,0,1,4,1,Graduate
4158,0,22,0,0,0,1,9,1,Dropout
4159,1,21,0,0,0,1,11,1,Enrolled
4160,1,20,0,1,0,1,5,1,Enrolled
4161,1,21,0,1,0,1,2,1,Graduate
4162,0,20,1,1,0,1,11,1,Graduate
4163,0,19,0,0,0,1,12,1,Graduate
4164,0,20,0,1,0,1,10,1,Graduate
4165,0,19,0,0,0,1,6,1,Graduate
4166,0,18,0,1,0,1,6,1,Graduate
4167,0,18,0,0,0,1,16,1,Dropout
4168,0,24,0,0,0,1,17,0,Dropout
4169,0,21,0,1,1,0,11,1,Dropout
4170,1,18,0,1,0,1,12,1,Graduate
4171,1,20,0,1,0,1,9,1,Graduate
4172,0,20,0,0,1,0,16,1,Dropout
4173,0,18,0,0,1,1,11,1,Dropout
4174,0,25,0,1,0,1,13,1,Graduate
4175,0,19,0,1,0,1,10,1,Enrolled
4176,1,35,0,0,1,1,1,1,Dropout
4177,0,19,0,1,0,1,12,1,Graduate
4178,1,18,0,1,0,1,14,1,Dropout
4179,1,19,0,0,0,1,12,1,Graduate
4180,1,19,0,1,0,1,12,1,Enrolled
4181,1,18,0,0,0,1,5,1,Graduate
4182,1,24,0,0,1,1,8,1,Dropout
4183,1,25,1,0,0,1,3,0,Graduate
4184,1,28,0,0,0,1,7,1,Enrolled
4185,1,19,0,1,0,1,6,1,Graduate
4186,1,19,0,0,0,1,7,1,Dropout
4187,1,30,0,1,0,0,8,1,Dropout
4188,1,19,0,0,0,1,12,1,Dropout
4189,1,21,0,0,0,1,9,1,Dropout
4190,1,19,0,0,0,1,2,1,Dropout
4191,1,29,0,0,0,0,4,1,Dropout
4192,1,18,0,0,0,1,14,1,Dropout
4193,1,21,0,0,0,1,9,1,Enrolled
4194,1,20,0,0,0,1,5,1,Dropout
4195,1,24,0,0,1,1,17,0,Enrolled
4196,1,18,0,0,0,0,15,1,Dropout
4197,1,23,0,0,0,1,4,1,Enrolled
4198,1,19,0,0,0,1,9,1,Graduate
4199,1,35,0,0,0,1,11,1,Dropout
4200,1,20,0,0,0,1,12,1,Graduate
4201,1,33,0,0,0,1,10,1,Dropout
4202,1,18,0,0,0,1,15,1,Graduate
4203,1,20,0,0,0,1,15,1,Enrolled
4204,1,19,0,0,0,1,15,1,Dropout
4205,1,18,0,0,0,1,15,1,Dropout
4206,1,28,0,0,0,0,17,0,Dropout
4207,1,18,0,0,0,1,9,1,Graduate
4208,1,25,0,0,1,1,15,1,Dropout
4209,1,19,0,0,1,0,10,1,Dropout
4210,1,18,0,0,0,1,5,1,Graduate
4211,1,29,0,0,0,1,4,1,Graduate
4212,1,18,0,0,0,1,2,1,Enrolled
4213,1,20,0,1,0,1,11,1,Graduate
4214,1,20,0,0,0,1,4,1,Dropout
4215,1,18,0,0,0,1,5,1,Graduate
4216,1,21,0,1,0,1,11,1,Graduate
4217,1,18,0,0,0,0,11,1,Dropout
4218,1,20,0,0,0,1,7,1,Graduate
4219,0,23,0,0,0,1,3,0,Enrolled
4220,0,26,0,0,0,1,17,0,Dropout
4221,0,19,0,0,1,1,14,1,Dropout
4222,0,24,0,1,1,0,13,1,Dropout
4223,0,20,0,1,0,1,14,1,Graduate
4224,0,26,0,0,1,0,17,0,Dropout
4225,0,31,0,0,0,1,9,1,Dropout
4226,0,27,0,0,0,1,12,1,Graduate
4227,0,24,0,0,1,1,6,1,Graduate
4228,0,23,0,0,0,1,6,1,Enrolled
4229,0,20,0,1,0,1,12,1,Graduate
4230,0,20,0,0,0,1,12,1,Graduate
4231,0,24,0,0,0,1,12,1,Graduate
4232,0,39,0,0,0,1,9,1,Enrolled
4233,0,18,0,0,0,1,15,1,Graduate
4234,0,20,0,0,0,1,6,1,Dropout
4235,0,18,0,0,0,1,12,1,Graduate
4236,0,19,0,0,0,1,12,1,Graduate
4237,0,18,0,0,0,1,6,1,Graduate
4238,0,22,0,0,0,1,14,1,Enrolled
4239,0,18,0,0,0,1,12,1,Graduate
4240,0,18,0,1,0,1,10,1,Graduate
4241,0,30,0,0,0,1,17,0,Enrolled
4242,0,34,0,0,0,1,10,1,Graduate
4243,0,38,0,0,0,1,3,0,Dropout
4244,0,19,0,1,0,1,12,1,Graduate
4245,0,19,0,0,0,1,16,1,Dropout
4246,0,21,0,0,0,0,15,1,Dropout
4247,0,18,0,1,0,1,15,1,Graduate
4248,0,20,0,1,0,1,6,1,Graduate
4249,0,18,0,1,0,1,9,1,Graduate
4250,0,18,0,0,0,1,5,1,Graduate
4251,0,36,0,1,0,1,13,1,Dropout
4252,0,18,0,1,0,1,9,1,Graduate
4253,0,21,0,1,0,1,8,1,Dropout
4254,0,21,0,1,1,1,8,1,Dropout
4255,0,18,1,0,0,1,6,1,Graduate
4256,0,18,0,0,0,1,14,1,Graduate
4257,0,19,0,0,0,1,12,1,Graduate
4258,0,29,0,0,1,1,4,1,Graduate
4259,0,20,0,1,0,1,9,1,Graduate
4260,0,18,0,0,0,1,12,1,Graduate
4261,0,19,0,0,0,1,6,1,Graduate
4262,0,19,0,1,0,1,9,1,Graduate
4263,0,37,0,0,1,0,3,0,Dropout
4264,0,18,0,1,0,1,6,1,Graduate
4265,0,21,0,0,0,1,16,1,Dropout
4266,0,19,0,1,0,1,10,1,Graduate
4267,0,19,0,0,0,1,14,1,Graduate
4268,0,35,0,1,0,1,17,0,Enrolled
4269,0,30,0,0,0,1,12,1,Dropout
4270,0,27,0,0,0,1,15,1,Dropout
4271,0,45,0,1,0,1,11,1,Dropout
4272,0,50,0,1,0,1,3,0,Graduate
4273,0,41,0,0,0,1,9,1,Graduate
4274,0,26,0,0,0,1,12,1,Enrolled
4275,0,44,0,0,0,1,4,1,Dropout
4276,0,23,0,0,0,1,9,1,Graduate
4277,0,34,0,0,0,1,1,1,Dropout
4278,0,21,0,1,0,1,9,1,Graduate
4279,0,22,1,0,0,1,9,1,Dropout
4280,0,32,0,1,0,1,3,0,Graduate
4281,0,20,1,0,0,1,13,1,Graduate
4282,0,59,0,0,0,0,3,0,Dropout
4283,0,30,0,0,0,1,9,1,Enrolled
4284,0,18,0,1,0,1,11,1,Graduate
4285,1,25,0,0,1,1,17,0,Enrolled
4286,1,36,0,0,0,1,17,0,Graduate
4287,1,36,0,0,0,1,13,1,Dropout
4288,1,19,0,0,0,0,14,1,Dropout
4289,1,25,0,0,0,1,17,0,Graduate
4290,1,35,0,0,0,1,4,1,Graduate
4291,1,20,0,0,0,1,10,1,Dropout
4292,1,35,0,0,0,0,4,1,Dropout
4293,0,27,0,0,0,1,10,1,Dropout
4294,0,18,0,0,0,1,12,1,Enrolled
4295,0,23,0,0,0,1,12,1,Enrolled
4296,0,19,0,0,0,1,3,0,Graduate
4297,0,18,0,1,0,1,12,1,Enrolled
4298,0,26,0,0,1,0,12,1,Dropout
4299,0,19,0,0,0,1,10,1,Graduate
4300,0,19,0,0,0,0,12,1,Dropout
4301,0,18,0,0,0,1,2,1,Dropout
4302,0,19,0,1,0,1,12,1,Graduate
4303,0,19,0,1,0,1,12,1,Graduate
4304,0,19,0,1,0,1,6,1,Graduate
4305,0,21,0,1,0,1,3,0,Graduate
4306,0,18,0,0,0,1,15,1,Graduate
4307,0,33,0,0,0,1,11,1,Graduate
4308,0,32,0,0,0,1,3,0,Graduate
4309,0,17,0,1,0,1,12,1,Graduate
4310,0,31,0,0,0,1,12,1,Dropout
4311,0,32,0,1,0,1,3,0,Graduate
4312,0,18,0,0,0,1,6,1,Dropout
4313,0,31,0,0,1,1,5,1,Enrolled
4314,1,20,0,0,0,1,11,1,Enrolled
4315,1,40,0,0,0,0,17,0,Dropout
4316,1,32,0,0,0,1,17,0,Graduate
4317,1,40,0,0,0,0,7,1,Dropout
4318,1,18,0,1,0,1,2,1,Graduate
4319,1,28,0,0,1,0,17,0,Dropout
4320,1,19,0,0,1,1,5,1,Graduate
4321,1,19,0,1,0,1,15,1,Graduate
4322,1,21,0,0,0,1,9,1,Dropout
4323,1,22,0,0,0,1,9,1,Dropout
4324,1,18,0,0,0,0,7,1,Dropout
4325,1,27,0,0,0,1,2,1,Dropout
4326,1,19,0,0,0,1,2,1,Enrolled
4327,1,30,0,0,0,1,17,0,Graduate
4328,1,28,0,0,0,1,8,1,Dropout
4329,1,34,0,1,1,1,7,1,Enrolled
4330,1,21,0,0,0,1,9,1,Enrolled
4331,1,20,0,1,0,1,10,1,Graduate
4332,1,31,0,0,0,0,11,1,Dropout
4333,1,21,0,0,1,0,7,1,Dropout
4334,1,27,0,0,0,0,14,1,Dropout
4335,1,19,0,0,0,1,15,1,Graduate
4336,1,21,0,0,0,1,15,1,Enrolled
4337,1,21,0,0,0,0,4,1,Dropout
4338,1,35,0,0,0,0,14,1,Dropout
4339,1,28,0,0,0,1,6,1,Dropout
4340,1,24,0,0,0,1,14,1,Enrolled
4341,1,19,0,0,0,0,15,1,Dropout
4342,1,20,0,0,1,0,14,1,Enrolled
4343,1,20,0,1,0,1,5,1,Graduate
4344,1,19,0,0,0,1,7,1,Enrolled
4345,1,37,0,0,1,0,6,1,Dropout
4346,1,19,0,0,0,1,11,1,Dropout
4347,1,36,0,0,0,1,12,1,Dropout
4348,1,29,0,0,0,1,9,1,Dropout
4349,1,30,0,0,0,1,4,1,Graduate
4350,1,32,0,0,1,1,14,1,Dropout
4351,1,26,0,0,0,1,3,0,Enrolled
4352,1,37,0,0,0,1,4,1,Dropout
4353,1,27,0,0,0,1,7,1,Dropout
4354,1,18,0,1,0,1,15,1,Graduate
4355,1,18,0,1,0,1,12,1,Graduate
4356,1,32,0,0,0,0,4,1,Dropout
4357,1,20,0,0,0,1,7,1,Enrolled
4358,1,22,0,0,0,1,4,1,Dropout
4359,0,32,0,0,0,1,12,1,Dropout
4360,0,21,0,0,0,1,9,1,Enrolled
4361,0,19,0,0,0,0,14,1,Dropout
4362,0,18,0,1,0,1,15,1,Graduate
4363,0,18,0,1,0,1,9,1,Graduate
4364,0,38,0,0,1,0,9,1,Dropout
4365,0,21,0,0,0,1,16,1,Dropout
4366,0,21,0,0,0,0,10,1,Dropout
4367,1,26,0,0,0,1,17,0,Enrolled
4368,0,19,0,0,0,1,12,1,Graduate
4369,0,19,0,1,0,1,12,1,Enrolled
4370,0,18,0,0,1,1,11,1,Dropout
4371,0,25,0,0,0,1,9,1,Dropout
4372,0,19,0,0,0,1,12,1,Graduate
4373,0,18,0,1,0,1,11,1,Graduate
4374,0,19,0,1,0,1,9,1,Graduate
4375,0,22,0,1,0,1,10,1,Graduate
4376,0,21,0,0,0,1,4,1,Graduate
4377,0,21,0,1,0,1,6,1,Graduate
4378,0,20,0,1,0,1,16,1,Graduate
4379,0,19,0,0,0,1,9,1,Enrolled
4380,0,18,0,0,0,1,12,1,Graduate
4381,0,26,0,0,0,1,12,1,Dropout
4382,0,31,0,0,0,1,9,1,Dropout
4383,0,18,0,1,0,1,10,1,Graduate
4384,0,35,0,0,0,1,9,1,Dropout
4385,0,19,0,0,0,1,6,1,Enrolled
4386,0,19,0,1,0,1,10,1,Graduate
4387,0,18,0,0,0,1,12,1,Graduate
4388,0,20,0,0,0,1,6,1,Graduate
4389,0,19,0,1,0,1,2,1,Graduate
4390,0,21,0,1,0,1,10,1,Enrolled
4391,0,18,0,1,1,1,16,1,Graduate
4392,0,23,0,0,0,1,12,1,Graduate
4393,0,21,0,1,0,1,5,1,Graduate
4394,0,19,0,1,0,1,9,1,Graduate
4395,0,19,0,0,0,1,9,1,Enrolled
4396,0,20,0,0,0,1,6,1,Graduate
4397,0,18,0,0,0,1,9,1,Enrolled
4398,0,18,0,1,0,1,12,1,Graduate
4399,0,19,0,0,0,1,12,1,Graduate
4400,0,21,0,1,0,1,5,1,Graduate
4401,0,18,0,1,0,1,10,1,Graduate
4402,0,20,0,0,0,1,14,1,Enrolled
4403,0,18,0,0,0,1,15,1,Graduate
4404,0,18,0,1,0,1,12,1,Graduate
4405,0,32,0,0,0,1,17,0,Enrolled
4406,0,18,0,0,0,1,2,1,Graduate
4407,0,19,0,0,0,1,16,1,Enrolled
4408,0,18,0,1,0,1,12,1,Graduate
4409,0,18,0,0,0,0,12,1,Dropout
4410,0,20,0,0,0,1,15,1,Graduate
4411,0,19,0,0,0,1,14,1,Enrolled
4412,0,19,0,0,0,1,12,1,Graduate
4413,0,18,0,0,0,1,9,1,Enrolled
4414,0,18,0,0,0,1,12,1,Dropout
4415,0,18,0,1,0,1,12,1,Graduate
4416,0,20,0,0,0,1,12,1,Enrolled
4417,0,19,0,0,0,1,15,1,Enrolled
4418,0,21,0,0,0,1,11,1,Dropout
4419,0,19,0,1,0,1,16,1,Graduate
4420,0,20,0,1,0,1,10,1,Graduate
4421,0,21,0,1,0,1,12,1,Graduate
4422,0,23,0,0,0,1,6,1,Dropout
4423,0,18,0,1,0,0,10,1,Dropout
4424,0,30,0,0,0,1,17,0,Dropout
4425,0,20,0,0,0,1,6,1,Dropout
4426,0,29,0,0,0,0,9,1,Dropout
4427,0,24,0,0,0,1,9,1,Enrolled
4428,0,20,0,0,0,1,10,1,Graduate
4429,0,27,0,0,0,1,3,0,Dropout
4430,0,23,0,0,0,1,9,1,Dropout
4431,0,23,0,1,0,1,5,1,Graduate
4432,0,18,0,0,0,1,12,1,Graduate
4433,0,19,0,1,0,1,15,1,Graduate
4434,0,19,0,0,0,1,12,1,Dropout
4435,0,18,0,1,0,1,15,1,Dropout
4436,0,19,0,0,0,1,5,1,Graduate
4437,0,18,0,1,0,1,15,1,Graduate
4438,0,29,0,0,0,1,17,0,Enrolled
4439,0,24,0,0,0,1,13,1,Graduate
4440,0,19,0,0,0,1,13,1,Dropout
4441,0,19,0,0,0,1,13,1,Enrolled
4442,0,19,0,0,0,1,14,1,Enrolled
4443,0,20,0,0,0,1,11,1,Graduate
4444,0,18,0,0,0,1,15,1,Graduate
4445,0,18,0,0,0,0,5,1,Dropout
4446,0,19,0,1,0,1,12,1,Graduate
4447,0,19,0,0,0,1,6,1,Dropout
4448,0,18,0,1,0,1,2,1,Graduate
4449,0,19,0,1,0,1,15,1,Graduate
4450,0,18,0,1,0,1,12,1,Graduate
4451,0,24,0,0,0,1,17,0,Enrolled
4452,0,28,0,0,1,1,12,1,Enrolled
4453,0,20,0,0,0,1,12,1,Graduate
4454,0,19,0,1,0,1,12,1,Graduate
4455,0,22,0,0,0,0,9,1,Dropout
4456,0,19,0,0,0,1,10,1,Graduate
4457,0,36,0,0,0,1,10,1,Graduate
4458,0,19,0,1,0,1,4,1,Graduate
4459,0,18,0,0,0,1,10,1,Graduate
4460,0,40,0,0,0,0,17,0,Dropout
4461,0,19,0,1,0,1,12,1,Graduate
4462,0,38,0,0,0,1,12,1,Enrolled
4463,0,32,0,0,0,1,6,1,Dropout
4464,0,19,0,0,0,1,16,1,Enrolled
4465,0,19,0,0,0,1,5,1,Graduate
4466,0,35,0,0,0,1,9,1,Dropout
4467,0,20,0,0,0,1,9,1,Enrolled
4468,0,29,0,0,0,1,16,1,Graduate
4469,0,29,0,0,0,1,17,0,Enrolled
4470,0,19,0,1,0,1,12,1,Enrolled
4471,0,18,0,1,0,1,12,1,Graduate
4472,0,25,0,0,1,0,3,0,Graduate
4473,0,50,0,0,1,0,3,0,Dropout
4474,0,24,0,0,0,1,9,1,Dropout
4475,0,18,0,0,0,1,7,1,Dropout
4476,0,20,0,0,0,1,6,1,Graduate
4477,0,20,0,1,1,1,4,1,Graduate
4478,0,21,0,0,0,1,17,0,Dropout
4479,1,28,0,0,1,1,10,1,Enrolled
4480,1,19,0,1,0,1,11,1,Graduate
4481,1,18,0,1,0,1,12,1,Graduate
4482,1,22,0,0,0,1,2,1,Graduate
4483,1,25,0,0,0,1,4,1,Dropout
4484,1,37,0,0,0,0,12,1,Dropout
4485,1,38,0,0,0,0,12,1,Dropout
4486,1,36,0,0,0,1,14,1,Dropout
4487,1,18,0,0,0,1,12,1,Graduate
4488,1,19,0,0,0,0,14,1,Dropout
4489,1,24,0,0,1,1,8,1,Dropout
4490,1,20,0,0,0,1,10,1,Graduate
4491,1,21,0,0,0,1,2,1,Dropout
4492,1,32,0,0,0,1,17,0,Dropout
4493,1,39,0,0,0,1,17,0,Dropout
4494,1,33,0,0,0,0,7,1,Dropout
4495,1,20,0,1,0,1,14,1,Graduate
4496,1,19,0,0,0,1,4,1,Graduate
4497,1,43,0,0,0,0,17,0,Dropout
4498,1,49,0,0,0,1,17,0,Dropout
4499,1,18,0,1,0,1,15,1,Graduate
4500,1,27,0,0,0,1,4,1,Enrolled
4501,1,19,0,1,0,1,9,1,Dropout
4502,1,45,0,1,1,1,5,1,Dropout
4503,1,19,0,0,0,0,14,1,Graduate
4504,1,21,0,1,0,1,4,1,Graduate
4505,1,18,0,1,0,1,14,1,Graduate
4506,1,18,0,0,0,1,9,1,Dropout
4507,1,29,0,0,0,0,11,1,Dropout
4508,1,19,0,0,0,1,14,1,Graduate
4509,1,18,0,1,0,1,9,1,Enrolled
4510,1,22,0,1,0,1,5,1,Graduate
4511,1,18,0,1,0,1,12,1,Dropout
4512,1,20,0,0,0,1,8,1,Enrolled
4513,1,20,0,0,0,1,2,1,Dropout
4514,1,29,0,1,1,1,14,1,Dropout
4515,1,29,0,0,0,1,14,1,Dropout
4516,1,23,0,0,0,1,15,1,Enrolled
4517,1,19,0,0,1,1,2,1,Dropout
4518,1,18,0,0,0,1,7,1,Dropout
4519,1,22,0,0,0,1,11,1,Dropout
4520,1,34,0,0,1,1,17,0,Dropout
4521,1,26,0,0,0,1,17,0,Graduate
4522,1,24,0,0,0,1,2,1,Dropout
4523,1,17,0,1,0,1,14,1,Graduate
4524,1,21,0,0,0,1,14,1,Enrolled
4525,1,34,0,0,0,1,17,0,Enrolled
4526,1,19,0,0,0,1,4,1,Graduate
4527,1,49,0,0,1,0,4,1,Dropout
4528,1,23,0,0,0,1,12,1,Dropout
4529,1,18,0,0,0,1,7,1,Dropout
4530,1,20,0,0,0,1,12,1,Enrolled
4531,1,19,0,0,0,1,14,1,Graduate
4532,1,24,0,0,0,1,4,1,Enrolled
4533,1,18,0,0,0,1,9,1,Graduate
4534,1,45,0,0,1,0,11,1,Dropout
4535,1,30,0,0,0,1,17,0,Dropout
4536,1,28,0,0,0,1,17,0,Dropout
4537,1,40,0,0,0,1,17,0,Dropout
4538,1,32,0,0,0,0,9,1,Dropout
4539,1,19,0,0,0,1,11,1,Dropout
4540,1,20,0,0,0,1,5,1,Graduate
4541,1,18,0,0,0,1,7,1,Dropout
4542,1,20,0,0,0,0,14,1,Dropout
4543,1,39,0,0,0,1,17,0,Enrolled
4544,1,19,0,0,0,0,6,1,Enrolled
4545,1,38,0,0,0,1,17,0,Enrolled
4546,1,18,0,1,0,1,12,1,Graduate
4547,1,18,0,1,0,1,12,1,Graduate
4548,1,28,0,0,0,1,8,1,Dropout
4549,1,31,0,0,0,0,14,1,Dropout
4550,1,23,0,0,0,1,12,1,Graduate
4551,1,21,0,0,0,1,12,1,Enrolled
4552,1,33,0,0,1,0,10,1,Dropout
4553,1,22,0,0,0,1,9,1,Dropout
4554,1,20,0,0,1,1,7,1,Dropout
4555,1,19,0,0,1,1,14,1,Enrolled
4556,1,20,0,0,0,1,6,1,Graduate
4557,1,25,0,0,0,1,11,1,Enrolled
4558,1,25,0,0,0,0,4,1,Dropout
4559,1,19,0,0,0,1,5,1,Enrolled
4560,1,20,0,0,0,1,14,1,Graduate
4561,1,33,0,0,0,1,12,1,Enrolled
4562,1,19,0,0,0,1,15,1,Graduate
4563,1,31,0,0,0,1,8,1,Dropout
4564,1,24,0,0,1,0,7,1,Dropout
4565,1,23,0,0,1,0,7,1,Dropout
4566,1,26,0,1,0,0,17,0,Dropout
4567,1,38,0,0,0,1,5,1,Graduate
4568,1,20,0,1,0,1,7,1,Graduate
4569,1,20,0,0,0,1,7,1,Graduate
4570,1,25,0,0,0,1,6,1,Dropout
4571,1,19,0,0,0,1,5,1,Graduate
4572,1,18,0,0,0,1,7,1,Graduate
4573,1,28,0,0,0,1,17,0,Dropout
4574,1,18,0,0,0,1,7,1,Enrolled
4575,1,20,0,1,0,1,11,1,Graduate
4576,1,18,0,0,0,1,8,1,Graduate
4577,1,19,0,0,0,1,9,1,Graduate
4578,1,24,0,0,1,1,12,1,Dropout
4579,1,21,0,0,0,1,6,1,Dropout
4580,1,20,0,1,0,1,14,1,Graduate
4581,1,21,0,0,0,1,4,1,Graduate
4582,1,24,0,0,1,1,13,1,Graduate
4583,1,27,0,0,0,1,17,0,Dropout
4584,1,19,0,0,1,0,9,1,Enrolled
4585,1,39,0,0,0,1,3,0,Graduate
4586,1,25,0,0,0,1,1,1,Dropout
4587,1,18,0,0,0,0,2,1,Dropout
4588,1,19,0,0,0,1,5,1,Graduate
4589,1,21,0,1,0,1,15,1,Graduate
4590,1,27,0,0,0,1,17,0,Dropout
4591,1,19,0,0,0,1,9,1,Enrolled
4592,1,18,0,0,0,1,12,1,Enrolled
4593,1,27,0,0,0,1,14,1,Dropout
4594,1,18,0,0,1,1,15,1,Dropout
4595,1,19,0,0,0,1,8,1,Enrolled
4596,1,19,0,0,0,1,4,1,Dropout
4597,1,22,0,0,0,1,4,1,Enrolled
4598,0,18,0,0,0,1,10,1,Graduate
4599,0,18,0,1,0,1,15,1,Graduate
4600,0,23,0,0,0,1,9,1,Dropout
4601,1,20,0,0,1,0,2,1,Dropout
4602,1,18,0,0,0,1,15,1,Graduate
4603,1,18,0,0,0,1,15,1,Graduate
4604,1,18,0,0,0,1,7,1,Enrolled
4605,1,20,0,0,0,1,15,1,Graduate
4606,1,20,0,0,0,1,15,1,Graduate
4607,1,21,0,0,0,1,5,1,Dropout
4608,1,22,0,0,0,1,2,1,Enrolled
4609,1,20,0,0,0,1,7,1,Dropout
4610,1,19,0,0,1,1,2,1,Enrolled
4611,1,19,0,0,0,1,7,1,Enrolled
4612,1,20,0,0,0,1,14,1,Graduate
4613,1,19,0,0,0,1,6,1,Dropout
4614,1,19,0,0,0,1,7,1,Dropout
4615,1,24,1,0,1,1,7,1,Enrolled
4616,1,18,0,0,1,1,14,1,Dropout
4617,1,18,0,1,0,0,7,1,Enrolled
4618,0,18,0,0,1,1,10,1,Dropout
4619,0,18,0,0,0,1,15,1,Graduate
4620,0,21,0,1,0,1,10,1,Graduate
4621,0,18,1,0,0,1,6,1,Dropout
4622,0,18,0,1,0,1,12,1,Graduate
4623,0,18,0,1,0,1,10,1,Graduate
4624,0,23,0,0,0,1,3,0,Dropout
4625,0,21,0,0,0,1,9,1,Graduate
4626,0,20,0,0,0,1,10,1,Enrolled
4627,0,26,0,0,0,1,3,0,Dropout
4628,0,18,0,1,0,1,15,1,Enrolled
4629,0,18,0,0,0,1,2,1,Dropout
4630,0,19,0,1,0,0,14,1,Graduate
4631,0,20,0,1,0,1,12,1,Graduate
4632,0,19,0,0,1,0,15,1,Dropout
4633,0,21,0,0,1,1,10,1,Enrolled
4634,0,33,0,0,0,1,11,1,Graduate
4635,0,18,0,0,0,1,6,1,Graduate
4636,0,21,0,0,0,1,12,1,Graduate
4637,0,19,0,0,0,1,15,1,Graduate
4638,0,33,0,0,1,0,16,1,Enrolled
4639,0,18,0,0,0,1,12,1,Graduate
4640,0,18,0,1,0,1,14,1,Graduate
4641,0,20,0,1,0,1,15,1,Graduate
4642,0,20,0,0,0,0,11,1,Dropout
4643,0,20,0,1,0,1,3,0,Graduate
4644,0,19,0,1,0,1,6,1,Graduate
4645,0,19,0,1,0,1,10,1,Graduate
4646,0,21,0,0,0,1,10,1,Graduate
4647,0,26,0,0,0,1,6,1,Enrolled
4648,0,21,0,0,0,1,10,1,Dropout
4649,0,18,0,0,0,1,12,1,Graduate
4650,0,27,0,0,0,1,16,1,Dropout
4651,0,20,0,1,0,1,5,1,Graduate
4652,0,21,0,0,0,1,14,1,Enrolled
4653,0,18,0,1,0,1,13,1,Graduate
4654,0,20,0,0,0,1,6,1,Enrolled
4655,0,18,0,0,0,1,15,1,Graduate
4656,0,20,0,1,0,1,10,1,Graduate
4657,0,19,0,1,0,1,6,1,Graduate
4658,0,20,0,0,0,1,12,1,Graduate
4659,0,20,0,1,0,1,17,0,Graduate
4660,0,20,0,0,0,1,6,1,Enrolled
4661,0,19,0,0,1,1,10,1,Dropout
4662,0,18,0,0,0,1,15,1,Graduate
4663,0,18,0,0,0,1,6,1,Graduate
4664,0,19,0,1,0,1,12,1,Graduate
4665,0,19,0,0,0,1,12,1,Dropout
4666,1,43,0,0,0,1,4,1,Enrolled
4667,1,47,0,0,0,1,5,1,Dropout
4668,1,23,0,0,0,0,9,1,Dropout
4669,0,19,1,1,1,1,10,1,Graduate
4670,0,20,0,0,0,1,12,1,Graduate
4671,0,19,0,1,0,1,2,1,Graduate
4672,0,19,1,0,0,1,6,1,Graduate
4673,0,19,0,0,0,1,6,1,Graduate
4674,0,39,0,1,1,1,3,0,Graduate
4675,0,20,0,1,0,1,5,1,Graduate
4676,0,21,0,0,0,1,5,1,Graduate
4677,0,22,1,0,1,0,10,1,Graduate
4678,0,19,0,0,0,1,15,1,Dropout
4679,0,22,0,0,0,1,14,1,Graduate
4680,0,19,0,1,0,1,16,1,Graduate
4681,1,18,0,0,1,1,2,1,Dropout
4682,1,26,0,0,0,1,9,1,Enrolled
4683,1,36,0,0,0,0,17,0,Dropout
4684,1,20,0,1,1,1,2,1,Graduate
4685,1,30,0,0,0,1,9,1,Dropout
4686,1,24,0,0,0,1,4,1,Dropout
4687,1,26,0,0,0,1,9,1,Dropout
4688,1,19,0,0,0,0,9,1,Dropout
4689,1,34,0,0,0,1,10,1,Graduate
4690,1,33,0,0,0,1,8,1,Enrolled
4691,1,19,0,0,0,1,9,1,Graduate
4692,1,26,0,0,1,0,7,1,Dropout
4693,1,29,0,0,0,1,14,1,Dropout
4694,1,19,0,1,0,1,7,1,Dropout
4695,1,18,0,0,0,1,2,1,Dropout
4696,1,29,0,0,0,0,17,0,Dropout
4697,1,21,0,0,0,1,11,1,Graduate
4698,1,19,0,0,0,1,11,1,Enrolled
4699,1,20,0,0,0,1,12,1,Graduate
4700,1,18,0,0,0,1,6,1,Dropout
4701,1,18,0,0,0,1,5,1,Enrolled
4702,1,21,0,1,1,1,9,1,Enrolled
4703,1,20,0,0,0,1,9,1,Dropout
4704,1,30,0,1,0,1,7,1,Dropout
4705,1,19,0,0,0,1,14,1,Graduate
4706,1,30,0,0,0,1,9,1,Dropout
4707,1,22,0,1,0,1,9,1,Graduate
4708,1,22,0,0,0,1,2,1,Graduate
4709,1,19,0,0,1,0,5,1,Dropout
4710,1,21,0,0,0,1,14,1,Dropout
4711,1,21,0,0,0,1,6,1,Graduate
4712,1,21,0,1,1,1,2,1,Dropout
4713,1,27,0,0,0,1,9,1,Dropout
4714,1,32,0,0,0,1,1,1,Dropout
4715,1,40,0,0,1,0,14,1,Dropout
4716,1,20,0,0,0,1,9,1,Enrolled
4717,1,20,0,0,0,1,8,1,Dropout
4718,1,18,0,0,0,1,2,1,Graduate
4719,1,21,0,0,0,1,9,1,Dropout
4720,1,18,0,0,0,1,14,1,Dropout
4721,1,19,0,0,0,1,4,1,Enrolled
4722,1,30,0,0,0,0,5,1,Dropout
4723,1,29,0,0,0,1,4,1,Dropout
4724,1,18,0,0,1,1,7,1,Dropout
4725,1,18,0,1,0,1,14,1,Dropout
4726,1,22,0,0,0,1,4,1,Dropout
4727,1,27,0,0,0,0,17,0,Dropout
4728,1,20,0,0,0,1,14,1,Graduate
4729,1,42,0,0,0,1,3,0,Graduate
4730,1,21,0,0,1,1,4,1,Graduate
4731,1,23,0,0,0,1,12,1,Graduate
4732,1,21,0,0,0,1,5,1,Dropout
4733,1,19,0,0,0,1,2,1,Graduate
4734,1,40,0,1,0,1,10,1,Dropout
4735,1,22,0,0,0,1,9,1,Dropout
4736,1,19,0,0,0,1,12,1,Graduate
4737,1,24,0,1,0,1,7,1,Enrolled
4738,1,21,0,0,0,1,11,1,Enrolled
4739,1,18,0,0,0,1,7,1,Graduate
4740,1,18,0,0,0,1,7,1,Dropout
4741,1,24,0,0,0,1,14,1,Dropout
4742,1,28,0,1,0,1,7,1,Enrolled
4743,0,19,0,1,0,1,14,1,Graduate
4744,0,28,0,0,0,1,6,1,Enrolled
4745,0,18,0,0,0,1,16,1,Dropout
4746,0,19,0,0,0,0,2,1,Graduate
4747,0,19,0,1,0,1,12,1,Graduate
4748,0,21,0,0,0,1,8,1,Graduate
4749,0,18,0,0,1,1,12,1,Dropout
4750,0,19,0,0,0,1,5,1,Graduate
4751,0,19,0,0,0,1,12,1,Graduate
4752,0,20,0,0,0,1,5,1,Graduate
4753,0,18,0,0,0,1,15,1,Graduate
4754,0,20,0,0,0,1,12,1,Graduate
4755,0,26,0,0,0,1,6,1,Dropout
4756,0,18,0,0,0,1,12,1,Dropout
4757,0,58,0,0,0,1,3,0,Graduate
4758,0,18,0,0,0,1,12,1,Graduate
4759,0,20,0,0,0,1,6,1,Enrolled
4760,0,20,0,0,0,1,17,0,Dropout
4761,0,29,0,0,0,1,9,1,Graduate
4762,0,27,0,0,1,0,10,1,Dropout
4763,0,21,0,1,0,1,6,1,Graduate
4764,0,20,0,1,0,1,10,1,Graduate
4765,0,19,0,1,0,1,10,1,Graduate
4766,0,22,0,1,0,1,12,1,Graduate
4767,0,19,0,1,0,1,5,1,Graduate
4768,0,19,0,0,1,0,15,1,Dropout
4769,0,23,0,0,0,1,16,1,Enrolled
4770,0,18,0,1,0,1,15,1,Dropout
4771,0,19,0,0,0,1,8,1,Dropout
4772,0,20,0,0,0,1,4,1,Graduate
4773,0,19,0,1,0,1,10,1,Graduate
4774,0,26,0,1,1,0,6,1,Dropout
4775,0,18,0,1,0,1,10,1,Graduate
4776,0,29,0,0,1,1,6,1,Dropout
4777,0,20,0,0,0,0,4,1,Graduate
4778,0,19,0,0,0,1,5,1,Graduate
4779,0,23,0,0,0,1,6,1,Enrolled
4780,0,25,0,0,0,1,13,1,Enrolled
4781,0,18,0,0,0,1,12,1,Graduate
4782,0,19,0,1,0,1,5,1,Graduate
4783,0,18,0,0,0,1,16,1,Graduate
4784,0,19,0,1,0,1,12,1,Enrolled
4785,0,36,0,0,0,1,3,0,Dropout
4786,1,20,0,1,0,1,4,1,Enrolled
4787,1,20,1,0,0,1,2,1,Dropout
4788,1,18,0,0,0,1,10,1,Dropout
4789,1,19,0,0,0,1,4,1,Enrolled
4790,1,20,0,0,1,0,10,1,Dropout
4791,1,18,0,0,0,1,12,1,Graduate
4792,1,20,0,0,1,1,8,1,Dropout
4793,1,24,0,0,1,0,7,1,Dropout
4794,1,19,0,0,0,1,15,1,Dropout
4795,1,18,0,0,0,1,7,1,Dropout
4796,1,18,0,0,0,1,7,1,Graduate
4797,1,18,0,0,0,1,11,1,Graduate
4798,1,22,0,0,0,1,14,1,Dropout
4799,1,19,0,0,0,1,14,1,Graduate
4800,0,32,0,0,1,0,6,1,Dropout
4801,0,21,0,1,0,1,16,1,Dropout
4802,0,19,0,1,0,1,12,1,Graduate
4803,0,39,0,1,0,1,3,0,Graduate
4804,0,30,0,0,0,1,3,0,Graduate
4805,0,18,0,0,0,1,9,1,Dropout
4806,0,38,0,0,0,1,17,0,Dropout
4807,0,20,0,0,0,1,5,1,Graduate
4808,0,55,0,0,0,1,3,0,Graduate
4809,0,53,0,0,0,1,5,1,Dropout
4810,0,54,0,0,0,1,3,0,Dropout
4811,0,18,0,1,0,1,12,1,Enrolled
4812,0,44,0,0,1,0,3,0,Dropout
4813,0,28,0,0,0,1,10,1,Graduate
4814,0,37,0,0,0,1,3,0,Graduate
4815,0,20,0,0,0,1,10,1,Graduate
4816,0,18,0,0,0,1,12,1,Enrolled
4817,1,19,0,0,0,1,10,1,Dropout
4818,1,23,0,1,0,1,4,1,Graduate
4819,1,22,0,0,0,1,10,1,Dropout
4820,1,24,0,0,0,0,11,1,Dropout
4821,1,22,0,0,0,1,4,1,Enrolled
4822,1,26,0,0,0,1,4,1,Dropout
4823,1,18,0,0,0,1,15,1,Graduate
4824,1,24,0,0,0,1,8,1,Dropout
4825,1,18,0,0,0,1,7,1,Enrolled
4826,1,26,0,0,0,1,2,1,Dropout
4827,1,27,0,0,0,1,11,1,Dropout
4828,1,20,0,1,0,1,4,1,Graduate
4829,1,19,0,0,0,1,7,1,Dropout
4830,1,18,0,1,0,1,6,1,Dropout
4831,1,18,0,0,0,1,12,1,Graduate
4832,1,19,0,0,0,1,14,1,Enrolled
4833,1,34,0,0,0,1,5,1,Enrolled
4834,1,19,0,0,0,1,10,1,Dropout
4835,1,19,0,1,0,1,15,1,Graduate
4836,1,30,0,0,0,1,4,1,Dropout
4837,1,22,0,0,0,0,15,1,Dropout
4838,1,19,0,0,0,0,9,1,Dropout
4839,1,21,0,0,0,1,9,1,Dropout
4840,1,22,0,0,0,0,2,1,Dropout
4841,1,19,0,1,0,1,11,1,Enrolled
4842,1,20,0,0,0,1,10,1,Enrolled
4843,1,35,0,0,0,1,4,1,Dropout
4844,1,20,0,0,0,1,9,1,Dropout
4845,1,21,0,0,0,1,8,1,Graduate
4846,1,27,0,0,1,0,6,1,Dropout
4847,1,26,0,0,0,0,15,1,Dropout
4848,1,20,0,0,0,0,15,1,Dropout
4849,1,28,0,0,1,0,4,1,Dropout
4850,1,19,0,0,0,1,15,1,Graduate
4851,1,47,0,0,0,0,17,0,Dropout
4852,1,55,0,0,0,0,15,1,Dropout
4853,1,39,0,0,0,1,4,1,Dropout
4854,1,35,0,0,1,1,4,1,Dropout
4855,1,32,0,0,0,0,10,1,Dropout
4856,1,20,0,0,0,1,15,1,Graduate
4857,1,36,0,0,0,1,11,1,Graduate
4858,1,34,0,1,1,1,17,0,Graduate
4859,1,21,0,0,0,1,14,1,Dropout
4860,1,42,0,1,0,1,17,0,Dropout
4861,1,25,0,0,0,1,4,1,Dropout
4862,1,18,0,1,0,1,15,1,Dropout
4863,1,18,0,1,0,1,15,1,Graduate
4864,1,19,0,0,0,1,10,1,Graduate
4865,1,34,0,0,1,0,6,1,Dropout
4866,1,20,0,0,0,1,15,1,Dropout
4867,1,20,0,0,0,1,12,1,Dropout
4868,1,21,0,0,0,1,12,1,Graduate
4869,1,19,0,0,0,1,4,1,Graduate
4870,1,31,0,0,1,0,6,1,Dropout
4871,1,21,0,0,0,1,14,1,Graduate
4872,1,20,0,1,0,1,9,1,Graduate
4873,1,22,0,0,0,1,12,1,Graduate
4874,1,19,0,0,0,0,5,1,Dropout
4875,1,41,0,0,1,0,8,1,Dropout
4876,1,27,0,0,0,1,12,1,Dropout
4877,0,19,0,0,0,1,12,1,Dropout
4878,0,20,1,1,0,1,12,1,Graduate
4879,0,19,0,1,0,1,12,1,Graduate
4880,0,35,0,0,0,1,17,0,Graduate
4881,0,22,0,0,0,1,15,1,Graduate
4882,0,20,0,1,0,1,11,1,Graduate
4883,0,18,0,0,1,0,14,1,Dropout
4884,0,18,0,1,0,1,10,1,Graduate
4885,0,30,0,0,0,1,12,1,Graduate
4886,0,18,0,1,1,1,10,1,Graduate
4887,0,20,0,1,0,1,11,1,Enrolled
4888,0,19,0,1,0,1,10,1,Enrolled
4889,0,19,0,0,0,1,6,1,Graduate
4890,0,21,0,1,0,1,13,1,Graduate
4891,0,21,0,0,1,1,16,1,Enrolled
4892,0,18,0,0,0,1,14,1,Enrolled
4893,0,18,0,1,0,1,9,1,Graduate
4894,0,35,0,0,0,0,6,1,Dropout
4895,0,21,1,0,0,1,12,1,Enrolled
4896,1,18,0,1,0,1,12,1,Graduate
4897,1,22,0,0,0,1,5,1,Enrolled
4898,1,20,0,1,0,1,12,1,Graduate
4899,0,34,0,0,0,1,11,1,Graduate
4900,0,33,0,0,0,1,9,1,Enrolled
4901,0,22,0,1,0,1,12,1,Graduate
4902,0,20,0,1,0,1,11,1,Enrolled
4903,0,35,0,0,0,1,9,1,Enrolled
4904,0,39,0,0,0,0,9,1,Dropout
4905,0,19,0,0,0,0,12,1,Dropout
4906,0,36,0,1,0,1,11,1,Graduate
4907,0,21,0,1,0,1,12,1,Graduate
4908,0,22,0,0,0,1,10,1,Enrolled
4909,0,42,0,1,1,1,10,1,Graduate
4910,0,34,0,0,0,1,7,1,Dropout
4911,0,20,0,0,0,1,15,1,Enrolled
4912,0,33,0,0,0,1,3,0,Graduate
4913,0,20,0,0,0,1,11,1,Graduate
4914,0,19,0,0,1,1,14,1,Graduate
4915,0,34,0,0,1,1,17,0,Dropout
4916,0,18,0,0,0,1,9,1,Graduate
4917,0,24,0,1,0,1,3,0,Graduate
4918,0,18,0,0,0,1,16,1,Graduate
4919,0,20,0,0,0,1,14,1,Enrolled
4920,0,21,0,0,0,1,12,1,Graduate
4921,0,19,0,1,0,1,10,1,Graduate
4922,0,19,0,1,0,1,12,1,Graduate
4923,0,18,0,1,0,1,10,1,Graduate
4924,0,38,0,1,0,1,3,0,Graduate
4925,1,21,0,0,1,1,2,1,Enrolled
4926,1,23,1,0,0,1,9,1,Enrolled
4927,0,19,0,0,0,1,12,1,Graduate
4928,0,18,0,0,1,0,15,1,Dropout
4929,0,18,0,1,0,1,2,1,Graduate
4930,0,24,0,0,0,1,4,1,Enrolled
4931,0,18,1,1,0,1,15,1,Graduate
4932,0,18,0,0,0,1,8,1,Graduate
4933,0,26,0,0,0,1,17,0,Graduate
4934,0,19,0,0,1,1,9,1,Enrolled
4935,0,19,0,1,0,1,14,1,Dropout
4936,0,19,0,0,0,1,11,1,Enrolled
4937,0,20,0,0,1,1,8,1,Dropout
4938,0,22,0,0,0,1,11,1,Enrolled
4939,0,19,0,0,0,1,12,1,Graduate
4940,0,20,0,0,0,1,12,1,Graduate
4941,0,36,0,0,0,1,9,1,Enrolled
4942,0,29,0,0,0,1,16,1,Dropout
4943,0,19,0,0,0,1,10,1,Graduate
4944,0,24,0,0,1,0,9,1,Dropout
4945,0,27,0,0,1,0,4,1,Dropout
4946,0,18,0,1,0,1,15,1,Graduate
4947,0,18,0,1,0,1,2,1,Graduate
4948,0,21,0,0,0,1,13,1,Dropout
4949,0,43,0,1,0,1,14,1,Graduate
4950,0,18,0,1,0,1,9,1,Graduate
4951,0,21,0,1,0,1,6,1,Dropout
4952,0,26,0,0,0,1,9,1,Dropout
4953,0,19,0,1,0,1,12,1,Graduate
4954,0,18,0,0,0,1,6,1,Graduate
4955,0,22,0,0,0,1,15,1,Dropout
4956,0,27,0,0,0,1,12,1,Dropout
4957,0,18,0,0,0,1,9,1,Graduate
4958,0,19,0,0,0,1,6,1,Graduate
4959,0,18,0,0,0,1,12,1,Graduate
4960,0,19,0,1,0,1,6,1,Graduate
4961,0,32,0,0,0,0,6,1,Dropout
4962,0,23,0,0,0,1,12,1,Graduate
4963,0,20,0,0,0,1,12,1,Graduate
4964,0,20,0,0,1,1,2,1,Graduate
4965,0,19,0,0,1,0,10,1,Dropout
4966,0,18,0,1,0,1,12,1,Graduate
4967,0,21,0,0,0,1,4,1,Dropout
4968,0,20,0,1,0,1,12,1,Enrolled
4969,0,22,0,0,0,1,6,1,Graduate
4970,0,26,0,0,0,1,17,0,Graduate
4971,0,20,0,0,0,1,5,1,Graduate
4972,0,19,0,0,0,1,12,1,Graduate
4973,0,31,0,0,0,1,17,0,Graduate
4974,0,20,0,1,1,1,12,1,Graduate
4975,0,20,0,0,0,1,6,1,Graduate
4976,0,21,0,0,0,1,12,1,Graduate
4977,0,18,0,0,0,1,12,1,Graduate
4978,0,19,0,1,0,1,12,1,Graduate
4979,0,18,0,1,0,1,16,1,Graduate
4980,0,40,0,0,0,1,15,1,Enrolled
4981,0,18,0,1,0,1,10,1,Graduate
4982,0,18,0,0,0,1,6,1,Graduate
4983,0,19,0,0,0,1,12,1,Graduate
4984,0,19,0,1,0,1,10,1,Graduate
4985,0,28,0,0,1,0,4,1,Dropout
4986,0,20,0,0,0,1,5,1,Graduate
4987,0,18,0,0,0,1,15,1,Graduate
4988,0,18,0,0,0,1,12,1,Graduate
4989,0,20,0,1,0,1,6,1,Graduate
4990,0,28,0,0,1,1,10,1,Graduate
4991,0,23,1,0,0,1,16,1,Graduate
4992,0,19,0,0,0,1,16,1,Dropout
4993,0,18,0,1,0,1,10,1,Graduate
4994,0,20,1,1,1,0,15,1,Graduate
4995,0,20,0,0,0,1,2,1,Graduate
4996,0,27,0,0,0,1,17,0,Dropout
4997,0,18,0,0,0,1,16,1,Dropout
4998,0,37,0,1,0,1,13,1,Graduate
4999,0,42,0,0,0,0,12,1,Dropout
5000,0,20,0,0,0,1,12,1,Dropout
5001,1,34,0,0,0,0,7,1,Dropout
5002,1,22,0,0,0,1,7,1,Dropout
5003,1,39,0,0,0,1,11,1,Graduate
5004,1,18,0,1,0,1,12,1,Graduate
5005,1,21,0,1,0,1,5,1,Graduate
5006,1,34,0,0,0,1,6,1,Dropout
5007,1,22,0,1,0,1,4,1,Graduate
5008,1,31,0,0,0,1,4,1,Dropout
5009,1,19,0,0,0,0,16,1,Dropout
5010,1,19,0,0,0,1,11,1,Dropout
5011,1,31,0,0,0,1,13,1,Dropout
5012,0,19,0,0,0,1,9,1,Enrolled
5013,0,30,1,0,0,1,14,1,Dropout
5014,0,20,0,1,0,1,12,1,Graduate
5015,0,18,0,1,0,1,12,1,Graduate
5016,0,31,0,0,0,1,17,0,Dropout
5017,0,19,0,0,0,1,11,1,Dropout
5018,0,43,0,1,0,1,3,0,Dropout
5019,0,20,0,1,0,1,11,1,Graduate
5020,0,19,0,1,0,1,12,1,Graduate
5021,0,22,0,0,0,1,14,1,Dropout
5022,0,26,0,0,0,1,3,0,Graduate
5023,0,19,0,1,0,1,9,1,Graduate
5024,0,29,0,0,0,1,12,1,Dropout
5025,0,20,1,0,0,1,13,1,Enrolled
5026,0,38,0,1,0,1,17,0,Enrolled
5027,0,41,0,0,0,1,4,1,Graduate
5028,0,19,0,0,0,1,12,1,Dropout
5029,0,19,0,0,1,1,5,1,Graduate
5030,0,43,0,0,0,1,12,1,Dropout
5031,0,19,0,0,0,1,8,1,Graduate
5032,1,19,0,1,0,1,2,1,Enrolled
5033,1,18,0,0,0,1,12,1,Graduate
5034,1,19,0,0,0,1,2,1,Dropout
5035,1,38,0,0,0,1,3,0,Dropout
5036,1,37,0,0,0,1,8,1,Dropout
5037,0,26,0,1,0,1,14,1,Graduate
5038,0,21,0,1,0,1,10,1,Enrolled
5039,0,18,0,1,0,1,6,1,Graduate
5040,0,18,0,0,0,1,16,1,Graduate
5041,0,18,0,0,0,1,6,1,Graduate
5042,0,19,0,0,0,1,10,1,Graduate
5043,0,18,0,0,0,1,15,1,Graduate
5044,0,18,0,0,0,1,12,1,Enrolled
5045,0,19,0,1,1,1,10,1,Graduate
5046,0,19,0,0,0,1,12,1,Dropout
5047,0,18,0,1,0,1,11,1,Graduate
5048,0,18,0,0,0,1,12,1,Graduate
5049,0,20,0,1,0,1,12,1,Graduate
5050,0,22,0,1,0,1,13,1,Graduate
5051,0,18,0,0,0,1,8,1,Dropout
5052,0,19,0,1,0,1,11,1,Graduate
5053,0,20,0,1,0,0,11,1,Dropout
5054,0,19,0,0,0,1,5,1,Enrolled
5055,0,20,0,1,0,1,15,1,Graduate
5056,0,28,0,0,0,1,6,1,Dropout
5057,0,19,0,0,0,1,6,1,Graduate
5058,0,22,0,0,0,1,4,1,Enrolled
5059,0,19,0,0,0,1,6,1,Graduate
5060,0,18,0,0,0,0,15,1,Dropout
5061,0,18,0,0,0,1,8,1,Graduate
5062,0,22,0,0,0,1,8,1,Graduate
5063,0,20,0,0,0,1,6,1,Graduate
5064,0,24,0,1,0,1,17,0,Graduate
5065,0,22,0,0,1,1,2,1,Enrolled
5066,0,20,0,0,0,1,3,0,Enrolled
5067,0,20,0,1,0,1,13,1,Graduate
5068,0,35,0,0,0,0,3,0,Dropout
5069,0,18,0,1,0,1,14,1,Graduate
5070,0,19,0,0,0,1,10,1,Graduate
5071,0,18,0,0,0,1,12,1,Graduate
5072,0,18,0,0,0,1,11,1,Dropout
5073,0,31,0,0,0,1,10,1,Enrolled
5074,0,19,0,1,0,1,10,1,Graduate
5075,0,20,0,1,0,1,12,1,Graduate
5076,0,21,0,0,0,1,6,1,Dropout
5077,0,18,0,1,0,1,12,1,Graduate
5078,0,18,0,0,0,1,5,1,Dropout
5079,0,33,0,0,0,1,17,0,Graduate
5080,0,18,0,1,0,1,14,1,Enrolled
5081,0,18,0,1,0,0,2,1,Dropout
5082,0,21,0,0,1,1,6,1,Enrolled
5083,0,19,0,0,0,1,11,1,Enrolled
5084,0,28,0,0,0,1,17,0,Graduate
5085,0,29,0,0,0,0,9,1,Dropout
5086,0,36,0,0,1,0,8,1,Dropout
5087,0,32,0,1,0,1,3,0,Graduate
5088,0,25,0,1,0,1,12,1,Enrolled
5089,0,33,0,0,0,1,17,0,Enrolled
5090,0,34,0,0,0,0,3,0,Dropout
5091,0,33,0,0,0,1,3,0,Graduate
5092,0,29,0,0,1,0,17,0,Dropout
5093,0,18,0,0,0,1,12,1,Dropout
5094,0,18,0,1,0,1,15,1,Graduate
5095,0,38,0,0,0,1,10,1,Graduate
5096,0,19,0,1,0,1,12,1,Graduate
5097,0,39,0,1,0,1,3,0,Graduate
5098,0,37,0,0,0,1,17,0,Graduate
5099,0,32,0,0,0,1,13,1,Dropout
5100,0,18,0,0,0,1,10,1,Dropout
5101,0,20,0,0,0,1,13,1,Enrolled
5102,0,20,0,0,0,1,5,1,Graduate
5103,0,23,0,1,0,1,6,1,Graduate
5104,0,19,0,0,0,1,9,1,Enrolled
5105,0,18,0,0,0,1,10,1,Graduate
5106,1,19,0,0,0,1,9,1,Graduate
5107,0,20,0,0,0,1,15,1,Graduate
5108,0,19,0,0,0,1,12,1,Dropout
5109,0,19,0,0,0,1,12,1,Graduate
5110,0,18,0,0,0,1,10,1,Graduate
5111,0,20,0,1,0,1,12,1,Graduate
5112,0,20,0,0,0,1,12,1,Graduate
5113,0,24,0,0,0,1,12,1,Graduate
5114,0,24,0,0,0,1,13,1,Dropout
5115,0,20,0,0,0,1,15,1,Graduate
5116,0,20,0,0,0,1,5,1,Enrolled
5117,0,18,0,0,0,0,6,1,Enrolled
5118,0,18,0,0,0,1,12,1,Graduate
5119,0,21,0,0,0,1,6,1,Graduate
5120,0,18,0,0,0,1,16,1,Graduate
5121,0,19,0,1,0,1,12,1,Graduate
5122,0,22,0,0,0,1,6,1,Graduate
5123,0,19,0,0,0,1,10,1,Graduate
5124,0,18,1,0,0,1,12,1,Graduate
5125,0,19,0,1,0,1,6,1,Enrolled
5126,0,24,0,1,0,1,12,1,Enrolled
5127,0,19,0,0,0,1,6,1,Enrolled
5128,0,34,0,0,0,1,3,0,Graduate
5129,0,19,0,0,0,1,6,1,Graduate
5130,0,18,0,1,0,1,12,1,Graduate
5131,0,19,0,1,0,1,12,1,Graduate
5132,0,25,0,0,0,1,12,1,Graduate
5133,0,21,0,0,0,1,6,1,Enrolled
5134,0,18,0,0,0,1,11,1,Enrolled
5135,0,18,0,1,0,1,10,1,Graduate
5136,0,28,0,0,0,1,3,0,Graduate
5137,0,18,0,1,0,1,12,1,Graduate
5138,0,41,0,0,0,1,11,1,Graduate
5139,0,18,0,0,0,1,16,1,Dropout
5140,0,21,0,1,0,1,10,1,Graduate
5141,0,41,0,0,1,1,10,1,Dropout
5142,0,32,0,0,0,1,5,1,Dropout
5143,0,29,0,0,0,1,3,0,Graduate
5144,0,24,0,0,0,1,13,1,Enrolled
5145,0,22,0,0,0,1,13,1,Enrolled
5146,0,21,0,0,0,1,10,1,Dropout
5147,0,39,0,0,0,1,12,1,Dropout
5148,0,44,0,1,0,0,6,1,Enrolled
5149,0,20,0,0,0,1,9,1,Enrolled
5150,0,21,0,0,0,1,12,1,Graduate
5151,0,18,0,0,0,1,15,1,Graduate
5152,0,34,0,0,1,1,4,1,Graduate
5153,0,18,0,0,0,1,6,1,Graduate
5154,0,19,0,0,1,1,2,1,Enrolled
5155,0,18,0,0,0,1,16,1,Dropout
5156,0,19,0,0,0,1,6,1,Graduate
5157,0,18,0,1,0,1,12,1,Enrolled
5158,0,19,0,0,0,1,8,1,Dropout
5159,0,19,0,1,0,1,12,1,Graduate
5160,0,18,0,1,0,1,14,1,Graduate
5161,0,23,0,1,0,1,17,0,Graduate
5162,0,18,1,0,0,0,11,1,Enrolled
5163,0,33,1,0,0,1,16,1,Dropout
5164,0,19,0,0,0,1,10,1,Graduate
5165,0,21,0,0,0,1,2,1,Dropout
5166,0,18,0,0,0,1,12,1,Graduate
5167,0,21,0,1,0,1,17,0,Enrolled
5168,0,19,0,0,0,1,5,1,Graduate
5169,0,20,0,0,0,1,15,1,Graduate
5170,0,20,0,0,0,1,15,1,Dropout
5171,0,20,0,0,0,1,16,1,Enrolled
5172,0,18,0,1,0,1,10,1,Enrolled
5173,0,18,0,0,0,1,9,1,Enrolled
5174,0,20,0,1,0,1,12,1,Graduate
5175,0,21,0,1,0,1,10,1,Graduate
5176,0,19,0,0,0,1,12,1,Graduate
5177,0,18,0,1,0,1,11,1,Graduate
5178,0,27,0,0,1,1,6,1,Enrolled
5179,0,21,0,1,0,1,12,1,Graduate
5180,0,18,0,1,0,1,12,1,Graduate
5181,0,18,0,0,1,1,16,1,Enrolled
5182,0,28,0,0,1,0,16,1,Dropout
5183,0,36,0,0,0,1,13,1,Dropout
5184,0,20,0,0,0,1,6,1,Graduate
5185,0,19,0,0,0,1,10,1,Graduate
5186,0,20,0,0,0,1,17,0,Enrolled
5187,0,19,0,0,0,1,6,1,Enrolled
5188,0,28,0,0,0,1,3,0,Graduate
5189,0,20,0,0,0,1,14,1,Graduate
5190,0,28,0,0,0,1,11,1,Graduate
5191,0,24,0,0,0,1,17,0,Dropout
5192,0,20,0,0,0,1,6,1,Enrolled
5193,0,22,0,0,0,1,16,1,Enrolled
5194,0,18,0,1,0,1,11,1,Graduate
5195,0,22,0,0,1,0,9,1,Dropout
5196,0,18,0,1,0,1,11,1,Graduate
5197,0,21,0,1,0,1,12,1,Graduate
5198,0,19,0,0,0,1,15,1,Graduate
5199,0,22,0,0,0,1,16,1,Enrolled
5200,0,20,0,1,0,1,12,1,Graduate
5201,0,20,0,0,0,1,9,1,Graduate
5202,0,19,0,0,1,1,3,0,Graduate
5203,0,20,0,0,0,1,2,1,Enrolled
5204,0,20,0,1,0,1,5,1,Graduate
5205,0,20,0,0,0,1,10,1,Dropout
5206,0,19,0,0,0,1,12,1,Graduate
5207,0,18,0,1,0,1,11,1,Graduate
5208,0,18,0,1,0,1,12,1,Graduate
5209,0,19,0,0,0,0,2,1,Dropout
5210,1,20,1,0,0,1,9,1,Graduate
5211,0,22,0,1,0,1,11,1,Graduate
5212,0,18,0,1,0,1,10,1,Graduate
5213,0,19,0,0,0,1,15,1,Graduate
5214,0,20,0,1,0,0,10,1,Graduate
5215,0,19,0,1,0,1,12,1,Graduate
5216,0,18,0,0,1,0,2,1,Dropout
5217,0,20,0,0,1,0,15,1,Dropout
5218,0,19,0,1,0,1,15,1,Graduate
5219,0,18,0,0,0,1,15,1,Enrolled
5220,0,18,0,0,0,1,10,1,Graduate
5221,0,22,0,0,0,1,14,1,Dropout
5222,0,18,0,0,0,1,10,1,Graduate
5223,0,20,0,0,0,1,10,1,Graduate
5224,0,19,0,0,0,1,11,1,Graduate
5225,0,19,0,1,0,1,12,1,Graduate
5226,0,21,0,0,0,1,10,1,Graduate
5227,0,19,0,1,0,1,3,0,Dropout
5228,0,19,0,1,0,1,10,1,Graduate
5229,0,45,0,0,0,1,3,0,Enrolled
5230,0,28,0,1,0,0,6,1,Dropout
5231,0,28,0,0,0,1,12,1,Graduate
5232,0,25,0,0,1,1,17,0,Enrolled
5233,0,19,0,0,1,0,14,1,Dropout
5234,0,19,0,0,0,1,12,1,Graduate
5235,1,20,0,0,0,1,9,1,Enrolled
5236,1,22,0,0,0,1,10,1,Enrolled
5237,1,20,0,1,0,1,15,1,Graduate
5238,1,20,0,0,0,1,12,1,Enrolled
5239,1,20,0,0,1,0,6,1,Dropout
5240,0,27,0,0,0,1,6,1,Graduate
5241,0,22,0,0,0,1,6,1,Graduate
5242,0,19,0,0,1,0,12,1,Dropout
5243,0,19,0,0,0,0,10,1,Dropout
5244,0,18,0,0,0,1,5,1,Enrolled
5245,0,19,0,0,0,1,2,1,Dropout
5246,0,20,0,0,1,0,16,1,Dropout
5247,0,39,0,0,0,0,17,0,Dropout
5248,0,37,0,0,1,1,3,0,Graduate
5249,0,30,0,0,1,0,12,1,Dropout
5250,0,41,0,0,0,1,17,0,Graduate
5251,0,40,0,0,0,0,12,1,Dropout
5252,0,20,0,0,0,1,9,1,Dropout
5253,0,28,0,0,0,1,17,0,Graduate
5254,0,19,0,0,1,0,16,1,Dropout
5255,0,23,0,0,0,1,14,1,Dropout
5256,0,18,0,0,0,1,3,0,Dropout
5257,0,24,0,0,0,1,12,1,Graduate
5258,0,21,0,0,0,1,14,1,Enrolled
5259,0,19,0,0,0,1,12,1,Graduate
5260,0,19,0,0,0,1,15,1,Dropout
5261,0,48,0,0,1,0,4,1,Dropout
5262,0,38,0,0,0,0,17,0,Dropout
5263,0,19,0,0,0,1,9,1,Graduate
5264,1,30,0,0,0,1,17,0,Dropout
5265,1,24,0,1,0,1,4,1,Graduate
5266,1,19,0,0,0,1,15,1,Graduate
5267,1,21,0,0,0,1,2,1,Enrolled
5268,1,21,0,1,0,1,11,1,Graduate
5269,1,19,0,0,0,1,17,0,Dropout
5270,1,18,0,0,0,1,5,1,Enrolled
5271,1,18,0,1,0,1,5,1,Graduate
5272,1,19,0,0,0,1,7,1,Dropout
5273,1,19,0,1,0,1,12,1,Graduate
5274,1,18,0,0,0,1,6,1,Enrolled
5275,1,25,0,0,0,1,11,1,Enrolled
5276,1,18,0,0,0,1,7,1,Enrolled
5277,1,29,0,0,0,0,9,1,Dropout
5278,1,21,0,0,0,1,7,1,Dropout
5279,1,18,0,1,1,1,15,1,Graduate
5280,1,20,0,1,0,1,11,1,Dropout
5281,1,27,0,0,0,1,17,0,Dropout
5282,1,21,0,0,0,1,6,1,Enrolled
5283,1,20,0,0,0,1,9,1,Dropout
5284,1,28,0,0,1,0,9,1,Dropout
5285,1,24,0,1,0,1,13,1,Enrolled
5286,1,22,0,0,0,1,9,1,Enrolled
5287,1,20,0,0,0,1,6,1,Graduate
5288,1,21,0,0,0,1,6,1,Graduate
5289,1,23,0,0,1,0,4,1,Dropout
5290,1,18,0,0,0,1,10,1,Graduate
5291,1,20,0,1,0,1,2,1,Graduate
5292,1,19,0,0,0,1,2,1,Graduate
5293,1,32,0,0,0,1,12,1,Graduate
5294,1,20,0,0,0,1,11,1,Dropout
5295,1,32,0,0,0,1,4,1,Graduate
5296,1,28,0,0,0,1,4,1,Enrolled
5297,1,21,0,1,0,1,5,1,Graduate
5298,1,19,0,1,0,1,15,1,Graduate
5299,1,24,0,0,0,1,17,0,Dropout
5300,1,18,0,0,0,1,9,1,Dropout
5301,1,20,0,0,0,1,4,1,Graduate
5302,1,25,0,0,0,0,2,1,Dropout
5303,1,25,0,0,0,1,9,1,Dropout
5304,1,18,0,0,0,1,15,1,Dropout
5305,1,19,0,0,0,1,9,1,Dropout
5306,1,18,0,0,0,1,9,1,Dropout
5307,1,25,0,0,0,0,9,1,Dropout
5308,1,38,0,0,0,1,2,1,Dropout
5309,1,19,0,0,0,1,2,1,Dropout
5310,1,19,0,0,0,1,15,1,Graduate
5311,1,22,0,1,0,1,6,1,Graduate
5312,1,18,0,0,0,1,7,1,Enrolled
5313,1,32,0,0,0,0,17,0,Dropout
5314,1,37,0,0,0,1,16,1,Graduate
5315,1,21,0,0,0,1,7,1,Dropout
5316,1,18,0,0,0,1,11,1,Dropout
5317,1,19,0,0,1,1,5,1,Graduate
5318,1,19,0,1,0,1,14,1,Graduate
5319,0,19,1,0,0,0,2,1,Graduate
5320,1,19,0,1,0,1,15,1,Graduate
5321,1,21,1,0,1,1,9,1,Enrolled
5322,0,28,0,0,0,1,17,0,Enrolled
5323,0,19,1,0,1,0,15,1,Dropout
5324,0,28,0,0,1,1,17,0,Dropout
5325,0,19,0,1,0,1,12,1,Graduate
5326,0,32,0,0,0,1,3,0,Graduate
5327,0,26,0,0,1,0,3,0,Dropout
5328,0,25,0,0,0,1,9,1,Dropout
5329,0,31,0,0,0,1,16,1,Dropout
5330,0,20,0,1,0,1,10,1,Graduate
5331,0,19,0,0,0,1,10,1,Dropout
5332,0,23,0,0,0,1,2,1,Dropout
5333,0,18,0,0,0,1,10,1,Graduate
5334,0,19,0,1,0,1,10,1,Dropout
5335,0,18,0,0,0,1,11,1,Graduate
5336,0,21,0,0,0,1,9,1,Enrolled
5337,0,20,0,0,0,1,15,1,Enrolled
5338,0,24,0,0,0,1,6,1,Graduate
5339,0,18,0,1,0,1,14,1,Enrolled
5340,0,25,0,0,0,1,12,1,Graduate
5341,0,20,0,0,0,1,6,1,Graduate
5342,0,18,0,0,0,1,12,1,Graduate
5343,0,24,0,0,0,1,14,1,Dropout
5344,0,18,0,0,0,1,12,1,Enrolled
5345,0,21,0,0,1,0,10,1,Dropout
5346,0,18,0,0,0,1,15,1,Graduate
5347,0,20,0,0,0,1,11,1,Dropout
5348,0,19,0,0,0,1,9,1,Dropout
5349,0,20,0,0,0,1,12,1,Graduate
5350,0,20,0,0,0,1,12,1,Graduate
5351,0,20,0,1,0,1,6,1,Graduate
5352,0,20,0,0,0,1,5,1,Graduate
5353,0,18,0,0,0,1,16,1,Dropout
5354,0,18,0,0,0,1,2,1,Graduate
5355,0,30,0,0,0,1,17,0,Enrolled
5356,0,18,0,0,0,1,6,1,Graduate
5357,0,35,0,0,0,1,6,1,Dropout
5358,0,31,0,0,1,0,3,0,Dropout
5359,0,19,0,0,1,1,11,1,Dropout
5360,0,19,0,0,0,1,10,1,Graduate
5361,0,19,0,0,0,1,12,1,Graduate
5362,0,19,0,0,0,1,12,1,Graduate
5363,0,21,0,0,0,1,6,1,Graduate
5364,0,18,0,0,0,1,16,1,Dropout
5365,0,18,0,0,0,1,10,1,Enrolled
5366,1,19,0,0,0,1,2,1,Graduate
5367,1,18,0,0,0,1,14,1,Graduate
5368,1,18,0,0,0,1,6,1,Graduate
5369,1,25,0,0,0,0,17,0,Dropout
5370,1,18,0,0,0,1,12,1,Enrolled
5371,1,19,0,0,0,1,2,1,Graduate
5372,1,18,0,0,0,1,12,1,Graduate
5373,1,24,0,0,0,1,4,1,Dropout
5374,0,19,0,0,0,1,10,1,Enrolled
5375,0,29,0,0,0,1,12,1,Graduate
5376,0,27,0,0,0,1,17,0,Dropout
5377,0,18,0,0,0,1,12,1,Graduate
5378,0,28,0,0,0,1,17,0,Dropout
5379,0,32,0,1,0,1,16,1,Graduate
5380,0,30,0,0,0,1,17,0,Dropout
5381,0,29,0,0,0,1,12,1,Dropout
5382,0,20,0,0,0,1,10,1,Enrolled
5383,0,19,0,0,0,1,12,1,Graduate
5384,0,29,0,0,0,1,3,0,Graduate
5385,0,27,0,0,0,0,10,1,Dropout
5386,0,19,0,0,0,1,10,1,Dropout
5387,0,21,0,1,0,1,14,1,Dropout
5388,0,29,0,0,0,0,17,0,Dropout
5389,0,42,0,0,1,0,9,1,Dropout
5390,0,18,0,1,0,1,10,1,Graduate
5391,0,24,0,0,0,1,6,1,Graduate
5392,0,32,0,0,0,1,12,1,Enrolled
5393,0,18,0,0,0,1,9,1,Enrolled
5394,0,27,0,0,0,1,17,0,Graduate
5395,0,18,0,0,0,1,12,1,Graduate
5396,0,19,0,1,1,1,15,1,Dropout
5397,0,18,0,1,0,1,15,1,Graduate
5398,0,21,0,0,0,1,16,1,Enrolled
5399,0,26,0,1,0,1,9,1,Graduate
5400,0,22,0,1,0,1,11,1,Graduate
5401,1,37,0,0,1,1,17,0,Dropout
5402,1,24,0,0,0,1,6,1,Dropout
5403,1,18,0,0,0,1,16,1,Enrolled
5404,1,19,0,1,0,1,12,1,Graduate
5405,1,28,0,0,1,0,8,1,Dropout
5406,1,18,0,1,0,1,12,1,Graduate
5407,1,20,0,0,0,1,5,1,Enrolled
5408,1,18,0,0,0,1,15,1,Graduate
5409,1,47,0,0,0,1,15,1,Dropout
5410,1,38,0,0,0,1,17,0,Graduate
5411,1,20,0,1,0,1,5,1,Graduate
5412,1,21,0,0,0,1,8,1,Dropout
5413,1,19,0,1,0,1,5,1,Enrolled
5414,1,25,0,0,0,1,1,1,Enrolled
5415,0,18,0,0,0,1,8,1,Graduate
5416,0,46,0,0,1,0,12,1,Dropout
5417,0,23,0,0,0,1,12,1,Graduate
5418,0,20,0,1,0,1,5,1,Graduate
5419,1,20,0,0,0,1,5,1,Graduate
5420,1,19,0,0,0,1,15,1,Graduate
5421,0,18,1,0,1,0,15,1,Dropout
5422,0,30,0,1,0,1,12,1,Dropout
5423,0,20,0,1,0,1,9,1,Graduate
5424,0,22,1,0,0,1,15,1,Graduate
