student_id,semester,enrolled,evaluations,approved,grade,pass_rate
1001,1,0,0,0,0.0,0.0
1001,2,0,0,0,0.0,0.0
1002,1,6,6,6,14.0,1.0
1002,2,6,6,6,13.666666666666666,1.0
1003,1,6,0,0,0.0,0.0
1003,2,6,0,0,0.0,0.0
1004,1,6,8,6,13.428571428571429,1.0
1004,2,6,10,5,12.4,0.8333333333333334
1005,1,6,9,5,12.333333333333334,0.8333333333333334
1005,2,6,6,6,13.0,1.0
1006,1,5,10,5,11.857142857142858,1.0
1006,2,5,17,5,11.5,1.0
1007,1,7,9,7,13.3,1.0
1007,2,8,8,8,14.345,1.0
1008,1,5,5,0,0.0,0.0
1008,2,5,5,0,0.0,0.0
1009,1,6,8,6,13.875,1.0
1009,2,6,7,6,14.142857142857142,1.0
1010,1,6,9,5,11.4,0.8333333333333334
1010,2,6,14,2,13.5,0.3333333333333333
1011,1,6,6,6,12.333333333333334,1.0
1011,2,6,7,5,14.2,0.8333333333333334
1012,1,8,8,7,13.214285714285714,0.875
1012,2,8,8,7,13.214285714285714,0.875
1013,1,6,6,0,0.0,0.0
1013,2,6,0,0,0.0,0.0
1014,1,6,7,6,10.571428571428571,1.0
1014,2,6,8,5,11.0,0.8333333333333334
1015,1,5,7,4,13.25,0.8
1015,2,5,5,5,12.0,1.0
1016,1,6,6,5,13.2,0.8333333333333334
1016,2,6,7,0,0.0,0.0
1017,1,6,10,1,12.0,0.16666666666666666
1017,2,6,14,2,11.0,0.3333333333333333
1018,1,7,8,7,13.30625,1.0
1018,2,8,8,8,14.545,1.0
1019,1,5,8,4,12.5,0.8
1019,2,5,8,4,12.25,0.8
1020,1,7,7,6,11.666666666666666,0.8571428571428571
1020,2,7,8,6,13.5,0.8571428571428571
1021,1,0,0,0,0.0,0.0
1021,2,0,0,0,0.0,0.0
1022,1,7,14,7,11.4375,1.0
1022,2,8,9,8,11.425,1.0
1023,1,8,12,7,12.857142857142858,0.875
1023,2,8,12,7,12.857142857142858,0.875
1024,1,6,8,6,13.375,1.0
1024,2,6,7,6,12.285714285714286,1.0
1025,1,7,8,6,13.296666666666669,0.8571428571428571
1025,2,8,9,7,14.114285714285714,0.875
1026,1,6,8,5,11.6,0.8333333333333334
1026,2,6,12,4,11.0,0.6666666666666666
1027,1,6,9,6,11.375,1.0
1027,2,6,9,6,13.285714285714286,1.0
1028,1,5,9,5,12.666666666666666,1.0
1028,2,5,7,4,13.0,0.8
1029,1,5,6,5,12.0,1.0
1029,2,5,6,5,12.333333333333334,1.0
1030,1,7,9,6,12.933333333333332,0.8571428571428571
1030,2,7,7,6,13.716666666666669,0.8571428571428571
1031,1,6,15,5,11.857142857142858,0.8333333333333334
1031,2,6,17,5,10.571428571428571,0.8333333333333334
1032,1,6,7,6,12.833333333333334,1.0
1032,2,6,9,4,13.4,0.6666666666666666
1033,1,5,9,3,11.333333333333334,0.6
1033,2,5,8,2,13.5,0.4
1034,1,6,6,6,12.666666666666666,1.0
1034,2,6,8,6,14.375,1.0
1035,1,5,6,5,12.4,1.0
1035,2,5,9,5,13.428571428571429,1.0
1036,1,7,7,0,0.0,0.0
1036,2,7,7,1,10.0,0.14285714285714285
1037,1,5,0,0,0.0,0.0
1037,2,5,0,0,0.0,0.0
1038,1,5,10,1,10.0,0.2
1038,2,5,8,2,12.0,0.4
1039,1,5,8,5,11.0,1.0
1039,2,5,5,5,11.6,1.0
1040,1,6,13,3,11.666666666666666,0.5
1040,2,6,11,3,12.0,0.5
1041,1,6,6,4,12.75,0.6666666666666666
1041,2,5,5,0,0.0,0.0
1042,1,5,5,5,14.8,1.0
1042,2,5,5,5,15.8,1.0
1043,1,7,9,5,13.928,0.7142857142857143
1043,2,8,9,7,14.342857142857142,0.875
1044,1,6,7,4,13.0,0.6666666666666666
1044,2,6,7,5,13.8,0.8333333333333334
1045,1,5,0,0,0.0,0.0
1045,2,5,0,0,0.0,0.0
1046,1,5,9,2,11.5,0.4
1046,2,5,11,3,14.333333333333334,0.6
1047,1,6,6,6,11.666666666666666,1.0
1047,2,6,8,5,13.2,0.8333333333333334
1048,1,7,8,6,13.516666666666666,0.8571428571428571
1048,2,8,9,7,13.771428571428572,0.875
1049,1,6,6,6,11.5,1.0
1049,2,6,7,6,13.285714285714286,1.0
1050,1,6,7,5,12.333333333333334,0.8333333333333334
1050,2,6,7,6,12.833333333333334,1.0
1051,1,6,6,6,13.666666666666666,1.0
1051,2,6,6,6,14.166666666666666,1.0
1052,1,8,10,6,11.833333333333334,0.75
1052,2,8,10,6,11.833333333333334,0.75
1053,1,6,11,4,14.0,0.6666666666666666
1053,2,6,12,3,11.0,0.5
1054,1,5,7,5,14.714285714285714,1.0
1054,2,5,5,5,15.8,1.0
1055,1,5,12,5,10.6,1.0
1055,2,5,10,5,11.0,1.0
1056,1,7,9,7,13.044444444444444,1.0
1056,2,8,10,8,13.595,1.0
1057,1,6,10,0,0.0,0.0
1057,2,6,6,0,0.0,0.0
1058,1,6,9,5,13.0,0.8333333333333334
1058,2,11,13,10,12.9,0.9090909090909091
1059,1,8,8,8,14.935,1.0
1059,2,8,8,8,14.935,1.0
1060,1,0,0,0,0.0,0.0
1060,2,0,0,0,0.0,0.0
1061,1,7,8,6,13.133333333333333,0.8571428571428571
1061,2,8,12,7,12.221428571428572,0.875
1062,1,6,7,6,12.0,1.0
1062,2,6,7,6,12.0,1.0
1063,1,0,0,0,0.0,0.0
1063,2,0,0,0,0.0,0.0
1064,1,6,6,5,11.4,0.8333333333333334
1064,2,6,8,1,10.0,0.16666666666666666
1065,1,6,6,0,0.0,0.0
1065,2,6,6,0,0.0,0.0
1066,1,7,10,5,11.9,0.7142857142857143
1066,2,8,10,5,11.0,0.625
1067,1,0,0,0,0.0,0.0
1067,2,0,0,0,0.0,0.0
1068,1,6,8,6,12.571428571428571,1.0
1068,2,6,7,6,12.428571428571429,1.0
1069,1,5,8,5,11.2,1.0
1069,2,5,10,4,10.75,0.8
1070,1,6,7,6,12.0,1.0
1070,2,6,8,5,10.8,0.8333333333333334
1071,1,5,9,0,0.0,0.0
1071,2,5,5,0,0.0,0.0
1072,1,7,8,7,11.975,1.0
1072,2,8,8,8,13.75,1.0
1073,1,0,0,0,0.0,0.0
1073,2,0,0,0,0.0,0.0
1074,1,6,12,3,11.666666666666666,0.5
1074,2,6,12,1,12.0,0.16666666666666666
1075,1,6,8,6,12.333333333333334,1.0
1075,2,6,11,3,12.333333333333334,0.5
1076,1,5,8,3,10.333333333333334,0.6
1076,2,5,11,3,10.857142857142858,0.6
1077,1,6,8,4,10.5,0.6666666666666666
1077,2,6,11,1,11.0,0.16666666666666666
1078,1,6,6,6,13.666666666666666,1.0
1078,2,6,6,6,13.333333333333334,1.0
1079,1,7,7,7,14.842857142857142,1.0
1079,2,8,9,8,15.055555555555555,1.0
1080,1,6,8,6,12.0,1.0
1080,2,6,6,6,11.666666666666666,1.0
1081,1,6,8,5,12.2,0.8333333333333334
1081,2,6,7,5,12.2,0.8333333333333334
1082,1,1,1,0,0.0,0.0
1082,2,5,0,0,0.0,0.0
1083,1,12,17,6,12.166666666666666,0.5
1083,2,12,14,10,13.3,0.8333333333333334
1084,1,5,6,5,12.0,1.0
1084,2,5,8,3,11.333333333333334,0.6
1085,1,6,7,6,11.0,1.0
1085,2,6,11,5,11.0,0.8333333333333334
1086,1,8,8,7,13.08,0.875
1086,2,8,8,7,13.08,0.875
1087,1,5,7,4,10.5,0.8
1087,2,5,7,5,11.6,1.0
1088,1,6,9,6,10.666666666666666,1.0
1088,2,6,6,5,11.2,0.8333333333333334
1089,1,5,6,4,14.0,0.8
1089,2,5,5,5,13.8,1.0
1090,1,5,9,2,10.0,0.4
1090,2,5,9,0,0.0,0.0
1091,1,7,18,0,0.0,0.0
1091,2,7,7,0,0.0,0.0
1092,1,6,6,6,14.0,1.0
1092,2,6,6,6,13.5,1.0
1093,1,6,7,2,12.0,0.3333333333333333
1093,2,6,6,0,0.0,0.0
1094,1,6,12,3,12.666666666666666,0.5
1094,2,6,14,0,0.0,0.0
1095,1,8,11,8,11.875,1.0
1095,2,6,7,6,12.333333333333334,1.0
1096,1,5,9,5,14.0,1.0
1096,2,5,11,3,13.25,0.6
1097,1,6,6,6,13.666666666666666,1.0
1097,2,6,6,6,13.333333333333334,1.0
1098,1,7,7,7,13.75,1.0
1098,2,8,9,8,14.47777777777778,1.0
1099,1,5,7,5,14.2,1.0
1099,2,5,7,5,13.8,1.0
1100,1,7,10,4,11.96,0.5714285714285714
1100,2,7,7,0,0.0,0.0
1101,1,10,12,8,12.875,0.8
1101,2,9,14,5,13.4,0.5555555555555556
1102,1,0,0,0,0.0,0.0
1102,2,0,0,0,0.0,0.0
1103,1,6,0,0,0.0,0.0
1103,2,6,0,0,0.0,0.0
1104,1,18,19,18,14.63157894736842,1.0
1104,2,13,14,13,14.23076923076923,1.0
1105,1,6,0,0,0.0,0.0
1105,2,6,0,0,0.0,0.0
1106,1,10,12,10,13.0,1.0
1106,2,11,11,11,12.272727272727272,1.0
1107,1,6,0,0,0.0,0.0
1107,2,6,0,0,0.0,0.0
1108,1,6,15,4,14.2,0.6666666666666666
1108,2,6,17,4,13.25,0.6666666666666666
1109,1,7,9,6,13.266666666666666,0.8571428571428571
1109,2,7,10,5,12.3,0.7142857142857143
1110,1,7,12,6,11.666666666666666,0.8571428571428571
1110,2,7,10,3,13.0,0.42857142857142855
1111,1,6,8,6,13.857142857142858,1.0
1111,2,6,6,6,15.0,1.0
1112,1,5,9,3,13.0,0.6
1112,2,5,11,3,11.0,0.6
1113,1,5,6,5,13.4,1.0
1113,2,5,5,5,12.8,1.0
1114,1,6,6,6,12.666666666666666,1.0
1114,2,6,7,6,12.571428571428571,1.0
1115,1,7,7,6,12.516666666666666,0.8571428571428571
1115,2,7,7,6,12.516666666666666,0.8571428571428571
1116,1,7,11,6,11.616666666666667,0.8571428571428571
1116,2,7,7,7,13.0,1.0
1117,1,6,13,2,10.0,0.3333333333333333
1117,2,6,12,4,10.75,0.6666666666666666
1118,1,5,11,3,10.333333333333334,0.6
1118,2,5,10,3,10.666666666666666,0.6
1119,1,5,12,5,13.142857142857142,1.0
1119,2,5,6,5,11.4,1.0
1120,1,5,5,5,12.6,1.0
1120,2,5,5,5,14.0,1.0
1121,1,6,12,3,11.0,0.5
1121,2,6,12,2,11.0,0.3333333333333333
1122,1,5,8,5,10.8,1.0
1122,2,5,9,4,11.25,0.8
1123,1,0,0,0,0.0,0.0
1123,2,0,0,0,0.0,0.0
1124,1,5,5,5,12.8,1.0
1124,2,5,5,5,14.2,1.0
1125,1,6,15,6,14.166666666666666,1.0
1125,2,6,13,6,12.2,1.0
1126,1,7,12,5,12.1,0.7142857142857143
1126,2,7,0,0,0.0,0.0
1127,1,6,7,6,14.166666666666666,1.0
1127,2,6,17,5,13.77777777777778,0.8333333333333334
1128,1,6,8,5,12.8,0.8333333333333334
1128,2,6,7,5,13.4,0.8333333333333334
1129,1,6,7,6,13.0,1.0
1129,2,6,6,6,13.666666666666666,1.0
1130,1,7,7,7,13.467142857142855,1.0
1130,2,8,9,8,15.011111111111113,1.0
1131,1,7,9,7,13.2375,1.0
1131,2,8,9,7,13.742857142857144,0.875
1132,1,6,6,6,12.333333333333334,1.0
1132,2,6,6,6,13.0,1.0
1133,1,5,7,5,12.4,1.0
1133,2,5,5,5,14.6,1.0
1134,1,7,8,5,14.0,0.7142857142857143
1134,2,7,7,0,0.0,0.0
1135,1,9,15,9,11.666666666666666,1.0
1135,2,7,8,7,11.714285714285714,1.0
1136,1,6,7,5,12.0,0.8333333333333334
1136,2,6,9,4,12.5,0.6666666666666666
1137,1,5,7,4,12.2,0.8
1137,2,5,5,4,11.5,0.8
1138,1,6,6,6,14.833333333333334,1.0
1138,2,6,6,6,14.833333333333334,1.0
1139,1,7,9,5,13.188,0.7142857142857143
1139,2,8,9,7,12.892857142857142,0.875
1140,1,7,8,7,17.125,1.0
1140,2,8,8,8,17.5875,1.0
1141,1,7,7,6,12.666666666666666,0.8571428571428571
1141,2,7,7,6,12.666666666666666,0.8571428571428571
1142,1,6,8,6,12.666666666666666,1.0
1142,2,6,10,5,12.0,0.8333333333333334
1143,1,5,8,0,0.0,0.0
1143,2,5,7,0,0.0,0.0
1144,1,6,7,6,11.333333333333334,1.0
1144,2,6,6,6,11.5,1.0
1145,1,7,10,7,13.605,1.0
1145,2,8,11,8,12.33125,1.0
1146,1,6,10,5,12.0,0.8333333333333334
1146,2,6,9,5,10.8,0.8333333333333334
1147,1,5,10,0,0.0,0.0
1147,2,5,10,0,0.0,0.0
1148,1,6,8,5,11.2,0.8333333333333334
1148,2,6,12,3,11.666666666666666,0.5
1149,1,5,10,5,13.375,1.0
1149,2,5,9,5,14.166666666666666,1.0
1150,1,7,8,6,13.863333333333337,0.8571428571428571
1150,2,8,9,7,14.178571428571429,0.875
1151,1,0,0,0,0.0,0.0
1151,2,0,0,0,0.0,0.0
1152,1,5,6,5,12.4,1.0
1152,2,5,6,5,13.4,1.0
1153,1,6,11,3,12.333333333333334,0.5
1153,2,6,10,5,10.833333333333334,0.8333333333333334
1154,1,6,7,6,13.333333333333334,1.0
1154,2,6,8,5,11.8,0.8333333333333334
1155,1,6,10,3,12.666666666666666,0.5
1155,2,6,12,3,10.0,0.5
1156,1,6,8,6,12.0,1.0
1156,2,6,10,4,11.5,0.6666666666666666
1157,1,5,5,5,10.6,1.0
1157,2,5,5,5,11.8,1.0
1158,1,6,8,6,12.25,1.0
1158,2,6,7,6,11.857142857142858,1.0
1159,1,6,10,4,11.0,0.6666666666666666
1159,2,6,9,6,11.833333333333334,1.0
1160,1,6,11,5,11.0,0.8333333333333334
1160,2,6,9,5,12.6,0.8333333333333334
1161,1,6,6,6,13.166666666666666,1.0
1161,2,6,9,6,13.0,1.0
1162,1,7,9,7,12.855555555555554,1.0
1162,2,8,12,7,12.761111111111113,0.875
1163,1,7,8,7,14.91875,1.0
1163,2,8,8,8,15.355,1.0
1164,1,6,13,4,11.5,0.6666666666666666
1164,2,6,10,3,11.0,0.5
1165,1,5,5,5,14.2,1.0
1165,2,5,5,5,14.2,1.0
1166,1,6,6,6,12.5,1.0
1166,2,6,7,6,13.0,1.0
1167,1,1,1,0,0.0,0.0
1167,2,6,0,0,0.0,0.0
1168,1,6,10,5,11.666666666666666,0.8333333333333334
1168,2,6,12,4,11.0,0.6666666666666666
1169,1,8,8,7,14.257142857142856,0.875
1169,2,8,8,7,14.257142857142856,0.875
1170,1,6,13,3,12.0,0.5
1170,2,6,12,2,11.333333333333334,0.3333333333333333
1171,1,5,13,4,11.25,0.8
1171,2,5,11,4,10.5,0.8
1172,1,7,8,7,12.457142857142856,1.0
1172,2,8,8,8,13.5625,1.0
1173,1,7,7,6,11.683333333333332,0.8571428571428571
1173,2,7,7,6,11.683333333333332,0.8571428571428571
1174,1,6,10,3,11.666666666666666,0.5
1174,2,6,8,5,12.0,0.8333333333333334
1175,1,6,8,4,11.75,0.6666666666666666
1175,2,6,6,6,13.166666666666666,1.0
1176,1,5,6,3,11.666666666666666,0.6
1176,2,5,6,4,13.5,0.8
1177,1,6,9,5,13.2,0.8333333333333334
1177,2,6,10,5,12.0,0.8333333333333334
1178,1,7,8,4,11.95,0.5714285714285714
1178,2,7,8,4,11.95,0.5714285714285714
1179,1,6,8,5,12.4,0.8333333333333334
1179,2,6,12,5,10.4,0.8333333333333334
1180,1,7,8,6,14.35,0.8571428571428571
1180,2,8,10,6,14.583333333333334,0.75
1181,1,21,21,21,12.61904761904762,1.0
1181,2,19,19,19,12.789473684210526,1.0
1182,1,6,7,6,12.666666666666666,1.0
1182,2,6,7,6,13.166666666666666,1.0
1183,1,6,6,5,12.0,0.8333333333333334
1183,2,6,6,0,0.0,0.0
1184,1,6,6,6,12.166666666666666,1.0
1184,2,6,6,0,0.0,0.0
1185,1,6,0,0,0.0,0.0
1185,2,6,0,0,0.0,0.0
1186,1,5,9,3,10.0,0.6
1186,2,5,9,3,10.571428571428571,0.6
1187,1,10,18,8,11.5,0.8
1187,2,6,12,4,10.0,0.6666666666666666
1188,1,7,7,6,13.05,0.8571428571428571
1188,2,7,7,6,13.05,0.8571428571428571
1189,1,6,10,2,11.0,0.3333333333333333
1189,2,6,6,0,0.0,0.0
1190,1,6,7,6,11.5,1.0
1190,2,6,6,6,12.0,1.0
1191,1,6,7,6,12.0,1.0
1191,2,6,6,6,12.5,1.0
1192,1,6,13,2,10.0,0.3333333333333333
1192,2,5,12,1,10.0,0.2
1193,1,5,5,0,0.0,0.0
1193,2,5,5,0,0.0,0.0
1194,1,6,0,0,0.0,0.0
1194,2,6,0,0,0.0,0.0
1195,1,8,8,7,12.242857142857144,0.875
1195,2,8,8,7,12.242857142857144,0.875
1196,1,5,0,0,0.0,0.0
1196,2,5,0,0,0.0,0.0
1197,1,8,8,8,12.93375,1.0
1197,2,8,8,8,12.93375,1.0
1198,1,5,0,0,0.0,0.0
1198,2,5,0,0,0.0,0.0
1199,1,7,9,7,12.571428571428571,1.0
1199,2,7,8,7,14.428571428571429,1.0
1200,1,3,4,3,11.816666666666668,1.0
1200,2,3,3,3,11.333333333333334,1.0
1201,1,5,9,4,13.75,0.8
1201,2,5,13,4,14.333333333333334,0.8
1202,1,6,8,6,11.166666666666666,1.0
1202,2,6,6,6,11.333333333333334,1.0
1203,1,8,8,7,12.324285714285711,0.875
1203,2,8,8,7,12.324285714285711,0.875
1204,1,6,6,6,12.166666666666666,1.0
1204,2,6,7,6,11.714285714285714,1.0
1205,1,6,11,5,11.142857142857142,0.8333333333333334
1205,2,6,11,4,11.25,0.6666666666666666
1206,1,6,9,4,11.0,0.6666666666666666
1206,2,6,9,4,10.75,0.6666666666666666
1207,1,8,8,7,12.914285714285713,0.875
1207,2,8,8,7,12.914285714285713,0.875
1208,1,6,6,6,13.833333333333334,1.0
1208,2,6,6,6,14.166666666666666,1.0
1209,1,6,8,6,13.857142857142858,1.0
1209,2,6,9,5,13.4,0.8333333333333334
1210,1,6,7,6,13.714285714285714,1.0
1210,2,6,6,5,12.8,0.8333333333333334
1211,1,8,8,7,12.642857142857142,0.875
1211,2,8,8,7,12.642857142857142,0.875
1212,1,7,7,6,12.916666666666666,0.8571428571428571
1212,2,7,7,6,12.916666666666666,0.8571428571428571
1213,1,6,8,6,15.625,1.0
1213,2,6,8,6,15.857142857142858,1.0
1214,1,5,7,0,0.0,0.0
1214,2,5,8,0,0.0,0.0
1215,1,6,8,6,11.714285714285714,1.0
1215,2,6,7,6,12.0,1.0
1216,1,7,10,6,12.125,0.8571428571428571
1216,2,8,9,8,13.3125,1.0
1217,1,5,7,5,11.6,1.0
1217,2,5,5,5,11.6,1.0
1218,1,6,11,1,10.0,0.16666666666666666
1218,2,6,6,0,0.0,0.0
1219,1,6,16,1,10.0,0.16666666666666666
1219,2,6,13,0,0.0,0.0
1220,1,5,10,0,0.0,0.0
1220,2,5,9,2,13.5,0.4
1221,1,5,7,4,13.0,0.8
1221,2,5,8,3,12.333333333333334,0.6
1222,1,6,6,6,13.333333333333334,1.0
1222,2,6,6,6,14.5,1.0
1223,1,6,9,4,11.25,0.6666666666666666
1223,2,6,13,2,12.5,0.3333333333333333
1224,1,7,9,5,13.85,0.7142857142857143
1224,2,8,9,7,12.19285714285714,0.875
1225,1,7,8,6,13.741666666666667,0.8571428571428571
1225,2,8,9,7,14.9125,0.875
1226,1,6,7,6,15.333333333333334,1.0
1226,2,5,5,5,15.8,1.0
1227,1,5,6,5,11.0,1.0
1227,2,5,5,5,13.8,1.0
1228,1,6,6,6,12.0,1.0
1228,2,6,7,6,12.857142857142858,1.0
1229,1,5,5,0,0.0,0.0
1229,2,5,5,0,0.0,0.0
1230,1,8,15,7,11.571428571428571,0.875
1230,2,8,15,7,11.571428571428571,0.875
1231,1,6,10,6,12.857142857142858,1.0
1231,2,6,6,3,12.666666666666666,0.5
1232,1,6,0,0,0.0,0.0
1232,2,6,0,0,0.0,0.0
1233,1,5,5,5,13.0,1.0
1233,2,5,5,5,13.2,1.0
1234,1,6,9,5,11.0,0.8333333333333334
1234,2,6,8,5,12.0,0.8333333333333334
1235,1,5,12,3,12.0,0.6
1235,2,5,12,1,15.0,0.2
1236,1,6,6,5,12.6,0.8333333333333334
1236,2,6,6,6,13.0,1.0
1237,1,6,8,5,13.4,0.8333333333333334
1237,2,6,7,6,13.166666666666666,1.0
1238,1,6,9,6,11.333333333333334,1.0
1238,2,6,9,6,11.571428571428571,1.0
1239,1,5,14,4,13.5,0.8
1239,2,5,10,4,14.25,0.8
1240,1,6,11,3,11.75,0.5
1240,2,6,14,3,10.333333333333334,0.5
1241,1,7,10,6,12.471428571428572,0.8571428571428571
1241,2,7,8,7,11.4625,1.0
1242,1,17,19,11,12.909090909090908,0.6470588235294118
1242,2,13,15,9,13.555555555555555,0.6923076923076923
1243,1,5,5,5,11.6,1.0
1243,2,5,5,5,13.6,1.0
1244,1,5,5,0,0.0,0.0
1244,2,5,9,0,0.0,0.0
1245,1,10,13,9,12.9,0.9
1245,2,10,12,10,12.363636363636363,1.0
1246,1,8,8,8,13.22,1.0
1246,2,8,8,8,13.22,1.0
1247,1,8,8,7,13.151428571428571,0.875
1247,2,8,8,7,13.151428571428571,0.875
1248,1,6,13,3,12.75,0.5
1248,2,6,8,3,11.333333333333334,0.5
1249,1,6,8,6,11.333333333333334,1.0
1249,2,6,8,4,12.25,0.6666666666666666
1250,1,6,10,6,13.25,1.0
1250,2,6,13,5,14.142857142857142,0.8333333333333334
1251,1,6,7,5,12.4,0.8333333333333334
1251,2,6,6,5,12.4,0.8333333333333334
1252,1,6,6,6,15.0,1.0
1252,2,6,6,6,12.833333333333334,1.0
1253,1,5,6,5,14.4,1.0
1253,2,5,6,5,13.0,1.0
1254,1,6,12,1,11.0,0.16666666666666666
1254,2,6,12,0,0.0,0.0
1255,1,5,8,5,12.4,1.0
1255,2,5,6,5,10.8,1.0
1256,1,7,13,1,16.0,0.14285714285714285
1256,2,7,12,0,0.0,0.0
1257,1,5,10,5,13.571428571428571,1.0
1257,2,5,14,5,12.333333333333334,1.0
1258,1,6,6,6,11.833333333333334,1.0
1258,2,6,6,6,12.5,1.0
1259,1,6,8,5,11.666666666666666,0.8333333333333334
1259,2,6,9,5,12.666666666666666,0.8333333333333334
1260,1,10,16,6,11.833333333333334,0.6
1260,2,7,8,2,13.0,0.2857142857142857
1261,1,6,8,6,11.166666666666666,1.0
1261,2,6,10,5,10.6,0.8333333333333334
1262,1,6,0,0,0.0,0.0
1262,2,6,0,0,0.0,0.0
1263,1,12,17,8,11.75,0.6666666666666666
1263,2,12,19,6,12.166666666666666,0.5
1264,1,6,7,6,14.0,1.0
1264,2,6,7,6,14.0,1.0
1265,1,6,6,6,12.833333333333334,1.0
1265,2,6,6,6,12.0,1.0
1266,1,6,11,4,12.25,0.6666666666666666
1266,2,6,10,3,11.666666666666666,0.5
1267,1,8,8,7,14.828571428571427,0.875
1267,2,8,8,7,14.828571428571427,0.875
1268,1,6,7,5,11.4,0.8333333333333334
1268,2,6,8,5,12.8,0.8333333333333334
1269,1,6,6,6,13.0,1.0
1269,2,6,8,6,12.5,1.0
1270,1,8,8,7,13.671428571428573,0.875
1270,2,8,8,7,13.671428571428573,0.875
1271,1,6,9,6,12.666666666666666,1.0
1271,2,6,8,5,12.8,0.8333333333333334
1272,1,5,10,2,10.0,0.4
1272,2,5,12,1,13.0,0.2
1273,1,5,10,5,13.5,1.0
1273,2,5,8,5,12.333333333333334,1.0
1274,1,7,8,7,12.67,1.0
1274,2,8,8,8,13.55,1.0
1275,1,6,8,6,14.5,1.0
1275,2,6,7,6,15.428571428571429,1.0
1276,1,7,7,7,13.685714285714283,1.0
1276,2,8,8,8,15.3875,1.0
1277,1,6,8,5,11.0,0.8333333333333334
1277,2,6,10,3,10.666666666666666,0.5
1278,1,9,16,7,11.555555555555555,0.7777777777777778
1278,2,7,12,5,13.2,0.7142857142857143
1279,1,7,7,7,13.79714285714286,1.0
1279,2,8,8,8,13.775,1.0
1280,1,7,8,7,14.00375,1.0
1280,2,8,11,7,13.812857142857142,0.875
1281,1,5,8,4,12.0,0.8
1281,2,5,8,4,11.4,0.8
1282,1,6,9,5,14.166666666666666,0.8333333333333334
1282,2,6,7,6,14.166666666666666,1.0
1283,1,5,5,5,14.0,1.0
1283,2,5,5,5,13.8,1.0
1284,1,6,7,5,13.8,0.8333333333333334
1284,2,6,6,6,12.833333333333334,1.0
1285,1,6,8,5,12.8,0.8333333333333334
1285,2,6,10,6,11.857142857142858,1.0
1286,1,6,6,6,12.166666666666666,1.0
1286,2,6,6,6,13.833333333333334,1.0
1287,1,6,8,6,12.5,1.0
1287,2,6,6,6,12.333333333333334,1.0
1288,1,6,9,4,12.0,0.6666666666666666
1288,2,6,12,4,11.5,0.6666666666666666
1289,1,6,8,6,10.833333333333334,1.0
1289,2,6,9,6,11.5,1.0
1290,1,8,8,8,13.385,1.0
1290,2,8,8,8,13.385,1.0
1291,1,6,14,6,15.666666666666666,1.0
1291,2,6,9,6,14.5,1.0
1292,1,6,9,6,14.333333333333334,1.0
1292,2,6,7,6,13.833333333333334,1.0
1293,1,6,10,6,11.428571428571429,1.0
1293,2,6,12,5,13.0,0.8333333333333334
1294,1,6,9,6,11.666666666666666,1.0
1294,2,6,8,6,11.666666666666666,1.0
1295,1,6,9,5,12.0,0.8333333333333334
1295,2,6,10,2,11.333333333333334,0.3333333333333333
1296,1,8,8,7,14.725714285714288,0.875
1296,2,8,8,7,14.725714285714288,0.875
1297,1,6,6,6,14.166666666666666,1.0
1297,2,6,6,6,13.666666666666666,1.0
1298,1,6,10,6,11.571428571428571,1.0
1298,2,6,8,6,12.333333333333334,1.0
1299,1,7,7,7,12.5,1.0
1299,2,8,8,8,13.1375,1.0
1300,1,8,10,8,12.86,1.0
1300,2,8,10,8,12.86,1.0
1301,1,6,10,6,12.25,1.0
1301,2,6,9,6,13.714285714285714,1.0
1302,1,5,7,4,12.0,0.8
1302,2,5,5,5,12.2,1.0
1303,1,7,9,7,15.116666666666667,1.0
1303,2,8,9,8,16.168888888888887,1.0
1304,1,5,6,2,12.5,0.4
1304,2,5,6,4,10.25,0.8
1305,1,6,11,0,0.0,0.0
1305,2,6,0,0,0.0,0.0
1306,1,6,8,4,11.0,0.6666666666666666
1306,2,6,9,4,11.0,0.6666666666666666
1307,1,6,8,6,11.875,1.0
1307,2,6,11,4,14.6,0.6666666666666666
1308,1,5,6,1,11.0,0.2
1308,2,5,5,0,0.0,0.0
1309,1,5,5,5,15.2,1.0
1309,2,5,6,5,13.2,1.0
1310,1,6,7,5,11.6,0.8333333333333334
1310,2,6,12,2,11.0,0.3333333333333333
1311,1,6,6,6,14.833333333333334,1.0
1311,2,6,7,6,15.142857142857142,1.0
1312,1,6,12,3,11.333333333333334,0.5
1312,2,6,10,3,11.333333333333334,0.5
1313,1,5,5,5,11.2,1.0
1313,2,5,5,5,11.8,1.0
1314,1,6,8,5,13.4,0.8333333333333334
1314,2,6,9,5,13.666666666666666,0.8333333333333334
1315,1,5,12,2,10.5,0.4
1315,2,5,5,0,0.0,0.0
1316,1,5,5,5,16.2,1.0
1316,2,5,5,5,16.4,1.0
1317,1,7,7,7,14.542857142857144,1.0
1317,2,8,11,8,14.88181818181818,1.0
1318,1,7,7,7,13.694285714285714,1.0
1318,2,8,9,8,14.355555555555554,1.0
1319,1,6,8,6,11.285714285714286,1.0
1319,2,6,10,6,11.857142857142858,1.0
1320,1,7,11,6,11.757142857142856,0.8571428571428571
1320,2,8,12,6,13.083333333333334,0.75
1321,1,3,3,0,0.0,0.0
1321,2,6,0,0,0.0,0.0
1322,1,8,8,7,13.058571428571428,0.875
1322,2,8,8,7,13.058571428571428,0.875
1323,1,7,7,7,14.3,1.0
1323,2,8,9,8,14.055555555555555,1.0
1324,1,10,15,5,11.8,0.5
1324,2,10,14,8,12.0,0.8
1325,1,5,9,3,10.333333333333334,0.6
1325,2,5,8,3,13.0,0.6
1326,1,6,7,6,10.571428571428571,1.0
1326,2,6,11,3,11.666666666666666,0.5
1327,1,7,7,6,13.333333333333334,0.8571428571428571
1327,2,7,7,6,13.333333333333334,0.8571428571428571
1328,1,6,10,6,11.857142857142858,1.0
1328,2,6,9,5,11.0,0.8333333333333334
1329,1,6,9,5,12.6,0.8333333333333334
1329,2,6,8,5,11.4,0.8333333333333334
1330,1,5,11,5,14.0,1.0
1330,2,5,7,5,11.6,1.0
1331,1,7,12,5,12.0,0.7142857142857143
1331,2,7,9,6,12.666666666666666,0.8571428571428571
1332,1,5,6,0,0.0,0.0
1332,2,5,5,0,0.0,0.0
1333,1,6,7,6,12.0,1.0
1333,2,6,7,6,13.0,1.0
1334,1,6,6,6,12.666666666666666,1.0
1334,2,6,6,6,11.666666666666666,1.0
1335,1,6,6,6,12.166666666666666,1.0
1335,2,6,9,6,13.666666666666666,1.0
1336,1,6,6,6,13.333333333333334,1.0
1336,2,6,6,6,14.666666666666666,1.0
1337,1,7,8,7,15.0,1.0
1337,2,7,7,7,14.571428571428571,1.0
1338,1,8,8,8,13.39125,1.0
1338,2,8,8,8,13.39125,1.0
1339,1,6,9,5,12.166666666666666,0.8333333333333334
1339,2,6,8,6,12.428571428571429,1.0
1340,1,5,9,4,11.25,0.8
1340,2,5,6,4,12.5,0.8
1341,1,5,13,4,12.0,0.8
1341,2,5,8,3,12.0,0.6
1342,1,0,0,0,0.0,0.0
1342,2,0,0,0,0.0,0.0
1343,1,6,7,6,12.833333333333334,1.0
1343,2,6,8,6,12.857142857142858,1.0
1344,1,6,10,6,14.0,1.0
1344,2,6,11,6,13.1,1.0
1345,1,5,5,4,13.0,0.8
1345,2,5,7,2,12.0,0.4
1346,1,6,7,6,13.5,1.0
1346,2,6,8,6,12.5,1.0
1347,1,16,24,13,10.692307692307692,0.8125
1347,2,13,19,9,12.307692307692308,0.6923076923076923
1348,1,5,6,5,11.0,1.0
1348,2,5,9,5,11.666666666666666,1.0
1349,1,6,8,6,13.0,1.0
1349,2,6,6,6,13.833333333333334,1.0
1350,1,6,10,5,12.0,0.8333333333333334
1350,2,6,9,4,11.25,0.6666666666666666
1351,1,6,9,4,12.6,0.6666666666666666
1351,2,6,6,4,11.5,0.6666666666666666
1352,1,6,6,6,13.666666666666666,1.0
1352,2,6,6,6,13.333333333333334,1.0
1353,1,0,0,0,0.0,0.0
1353,2,0,0,0,0.0,0.0
1354,1,7,7,6,14.2,0.8571428571428571
1354,2,7,7,6,14.2,0.8571428571428571
1355,1,6,10,5,11.0,0.8333333333333334
1355,2,6,12,0,0.0,0.0
1356,1,6,7,6,15.0,1.0
1356,2,6,7,6,16.428571428571427,1.0
1357,1,7,9,6,12.585714285714284,0.8571428571428571
1357,2,8,9,7,13.44285714285714,0.875
1358,1,5,0,0,0.0,0.0
1358,2,5,0,0,0.0,0.0
1359,1,6,6,0,0.0,0.0
1359,2,6,6,0,0.0,0.0
1360,1,6,0,0,0.0,0.0
1360,2,6,0,0,0.0,0.0
1361,1,6,7,6,11.666666666666666,1.0
1361,2,6,10,6,11.833333333333334,1.0
1362,1,6,13,3,12.666666666666666,0.5
1362,2,6,12,2,10.0,0.3333333333333333
1363,1,5,10,3,10.333333333333334,0.6
1363,2,5,9,4,11.0,0.8
1364,1,11,18,8,13.5,0.7272727272727273
1364,2,9,16,7,13.714285714285714,0.7777777777777778
1365,1,7,8,5,13.98,0.7142857142857143
1365,2,7,8,5,13.98,0.7142857142857143
1366,1,6,13,6,16.153846153846153,1.0
1366,2,6,10,6,15.75,1.0
1367,1,7,7,6,14.033333333333331,0.8571428571428571
1367,2,7,7,6,14.033333333333331,0.8571428571428571
1368,1,5,8,1,11.0,0.2
1368,2,5,6,5,11.2,1.0
1369,1,7,8,7,13.857142857142858,1.0
1369,2,7,8,6,13.666666666666666,0.8571428571428571
1370,1,8,8,7,13.414285714285716,0.875
1370,2,8,8,7,13.414285714285716,0.875
1371,1,11,11,11,13.545454545454543,1.0
1371,2,7,7,7,13.571428571428571,1.0
1372,1,5,11,4,11.25,0.8
1372,2,5,10,4,10.833333333333334,0.8
1373,1,6,6,6,13.833333333333334,1.0
1373,2,6,7,6,14.428571428571429,1.0
1374,1,5,8,5,12.0,1.0
1374,2,5,9,5,12.857142857142858,1.0
1375,1,6,0,0,0.0,0.0
1375,2,6,0,0,0.0,0.0
1376,1,11,14,10,11.9,0.9090909090909091
1376,2,11,14,10,12.8,0.9090909090909091
1377,1,5,5,0,0.0,0.0
1377,2,5,0,0,0.0,0.0
1378,1,7,7,7,15.135714285714286,1.0
1378,2,8,8,8,15.287499999999998,1.0
1379,1,7,7,7,12.285714285714286,1.0
1379,2,7,8,6,13.333333333333334,0.8571428571428571
1380,1,6,16,5,12.666666666666666,0.8333333333333334
1380,2,6,15,2,13.5,0.3333333333333333
1381,1,7,13,5,12.74,0.7142857142857143
1381,2,8,12,6,10.978571428571428,0.75
1382,1,7,8,6,13.25,0.8571428571428571
1382,2,8,8,8,13.75,1.0
1383,1,6,13,3,10.333333333333334,0.5
1383,2,6,12,3,10.333333333333334,0.5
1384,1,6,7,6,13.428571428571429,1.0
1384,2,6,6,6,13.166666666666666,1.0
1385,1,11,19,9,12.555555555555555,0.8181818181818182
1385,2,9,14,8,11.11111111111111,0.8888888888888888
1386,1,6,8,6,11.5,1.0
1386,2,6,7,6,11.166666666666666,1.0
1387,1,6,6,6,13.666666666666666,1.0
1387,2,6,9,6,12.333333333333334,1.0
1388,1,14,16,11,11.272727272727272,0.7857142857142857
1388,2,11,16,10,12.0,0.9090909090909091
1389,1,6,10,5,13.166666666666666,0.8333333333333334
1389,2,6,8,5,12.4,0.8333333333333334
1390,1,6,6,6,14.666666666666666,1.0
1390,2,6,6,6,14.166666666666666,1.0
1391,1,6,11,4,12.75,0.6666666666666666
1391,2,6,19,1,11.0,0.16666666666666666
1392,1,7,11,5,11.2,0.7142857142857143
1392,2,8,13,5,12.14,0.625
1393,1,6,8,5,13.0,0.8333333333333334
1393,2,6,8,5,11.4,0.8333333333333334
1394,1,5,8,2,10.5,0.4
1394,2,5,8,2,12.333333333333334,0.4
1395,1,6,7,6,14.857142857142858,1.0
1395,2,6,7,6,14.0,1.0
1396,1,8,11,7,12.86,0.875
1396,2,8,11,7,12.86,0.875
1397,1,11,12,11,11.727272727272728,1.0
1397,2,11,14,11,12.0,1.0
1398,1,6,11,6,13.142857142857142,1.0
1398,2,6,10,3,12.0,0.5
1399,1,6,6,5,11.8,0.8333333333333334
1399,2,6,9,4,13.714285714285714,0.6666666666666666
1400,1,5,10,3,10.666666666666666,0.6
1400,2,5,9,0,0.0,0.0
1401,1,6,9,5,11.6,0.8333333333333334
1401,2,6,8,4,11.2,0.6666666666666666
1402,1,6,13,3,10.333333333333334,0.5
1402,2,6,12,3,10.333333333333334,0.5
1403,1,6,11,4,12.25,0.6666666666666666
1403,2,6,11,3,11.0,0.5
1404,1,6,6,6,12.0,1.0
1404,2,6,7,4,12.75,0.6666666666666666
1405,1,8,8,7,14.731428571428571,0.875
1405,2,8,8,7,14.731428571428571,0.875
1406,1,0,0,0,0.0,0.0
1406,2,0,0,0,0.0,0.0
1407,1,13,14,13,13.615384615384617,1.0
1407,2,12,12,12,14.25,1.0
1408,1,5,5,5,15.8,1.0
1408,2,5,5,5,14.8,1.0
1409,1,6,6,6,14.666666666666666,1.0
1409,2,6,7,6,14.571428571428571,1.0
1410,1,5,5,0,0.0,0.0
1410,2,5,5,0,0.0,0.0
1411,1,8,8,7,14.654285714285717,0.875
1411,2,8,8,7,14.654285714285717,0.875
1412,1,8,8,7,12.401428571428571,0.875
1412,2,8,8,7,12.401428571428571,0.875
1413,1,7,8,7,11.5875,1.0
1413,2,8,9,7,14.071428571428571,0.875
1414,1,5,5,5,14.0,1.0
1414,2,5,5,5,15.6,1.0
1415,1,6,9,6,12.333333333333334,1.0
1415,2,6,6,6,11.833333333333334,1.0
1416,1,5,5,5,14.0,1.0
1416,2,5,6,5,15.4,1.0
1417,1,6,13,6,15.23076923076923,1.0
1417,2,6,10,6,12.375,1.0
1418,1,6,9,5,11.6,0.8333333333333334
1418,2,6,9,3,11.0,0.5
1419,1,7,7,6,11.6,0.8571428571428571
1419,2,7,7,6,11.6,0.8571428571428571
1420,1,7,0,0,0.0,0.0
1420,2,8,0,0,0.0,0.0
1421,1,7,7,7,12.901428571428571,1.0
1421,2,8,9,8,13.094444444444443,1.0
1422,1,7,9,7,14.142857142857142,1.0
1422,2,5,5,5,14.8,1.0
1423,1,6,0,0,0.0,0.0
1423,2,6,0,0,0.0,0.0
1424,1,8,8,8,13.25375,1.0
1424,2,8,8,8,13.25375,1.0
1425,1,7,7,7,13.785714285714286,1.0
1425,2,8,8,8,14.1,1.0
1426,1,7,7,6,13.916666666666666,0.8571428571428571
1426,2,7,7,6,13.916666666666666,0.8571428571428571
1427,1,6,8,6,13.5,1.0
1427,2,6,9,6,13.571428571428571,1.0
1428,1,5,8,3,11.333333333333334,0.6
1428,2,5,12,2,10.666666666666666,0.4
1429,1,5,8,0,0.0,0.0
1429,2,5,12,0,0.0,0.0
1430,1,6,10,5,11.5,0.8333333333333334
1430,2,6,9,4,14.6,0.6666666666666666
1431,1,8,8,7,12.082857142857142,0.875
1431,2,8,8,7,12.082857142857142,0.875
1432,1,6,8,6,11.833333333333334,1.0
1432,2,6,10,5,12.8,0.8333333333333334
1433,1,5,6,5,13.4,1.0
1433,2,5,5,5,12.4,1.0
1434,1,7,7,0,0.0,0.0
1434,2,7,7,0,0.0,0.0
1435,1,6,7,5,14.2,0.8333333333333334
1435,2,6,7,6,14.571428571428571,1.0
1436,1,8,8,7,13.814285714285717,0.875
1436,2,8,8,7,13.814285714285717,0.875
1437,1,6,10,4,11.25,0.6666666666666666
1437,2,6,6,6,10.5,1.0
1438,1,6,6,6,14.5,1.0
1438,2,6,8,6,13.666666666666666,1.0
1439,1,6,0,0,0.0,0.0
1439,2,6,0,0,0.0,0.0
1440,1,7,7,6,11.3,0.8571428571428571
1440,2,7,7,6,11.3,0.8571428571428571
1441,1,2,2,0,0.0,0.0
1441,2,4,4,1,16.0,0.25
1442,1,5,11,1,12.0,0.2
1442,2,5,9,3,12.0,0.6
1443,1,8,9,7,12.3,0.875
1443,2,8,9,7,12.3,0.875
1444,1,8,8,7,12.694285714285714,0.875
1444,2,8,8,7,12.694285714285714,0.875
1445,1,5,5,4,11.0,0.8
1445,2,5,5,4,11.0,0.8
1446,1,6,6,6,13.0,1.0
1446,2,6,6,6,14.166666666666666,1.0
1447,1,7,8,7,14.4125,1.0
1447,2,8,8,8,16.05,1.0
1448,1,7,8,7,12.92875,1.0
1448,2,8,8,8,14.0625,1.0
1449,1,6,6,6,13.333333333333334,1.0
1449,2,6,10,5,12.8,0.8333333333333334
1450,1,6,8,5,12.8,0.8333333333333334
1450,2,6,9,5,12.8,0.8333333333333334
1451,1,8,8,7,14.402857142857142,0.875
1451,2,8,8,7,14.402857142857142,0.875
1452,1,8,8,7,13.381428571428572,0.875
1452,2,8,8,7,13.381428571428572,0.875
1453,1,7,8,7,14.13125,1.0
1453,2,8,8,8,13.98375,1.0
1454,1,5,11,5,11.714285714285714,1.0
1454,2,5,6,5,12.6,1.0
1455,1,5,5,5,11.8,1.0
1455,2,5,8,4,11.25,0.8
1456,1,6,9,6,11.166666666666666,1.0
1456,2,6,15,2,11.0,0.3333333333333333
1457,1,6,7,0,0.0,0.0
1457,2,6,6,0,0.0,0.0
1458,1,6,9,5,13.6,0.8333333333333334
1458,2,6,8,5,12.0,0.8333333333333334
1459,1,12,14,12,13.846153846153848,1.0
1459,2,12,18,11,14.090909090909092,0.9166666666666666
1460,1,6,7,6,12.5,1.0
1460,2,6,8,6,13.333333333333334,1.0
1461,1,5,5,5,16.4,1.0
1461,2,5,5,5,14.6,1.0
1462,1,11,11,11,13.818181818181818,1.0
1462,2,11,11,11,13.454545454545457,1.0
1463,1,6,8,5,10.6,0.8333333333333334
1463,2,6,11,4,10.5,0.6666666666666666
1464,1,5,8,5,10.2,1.0
1464,2,5,6,5,12.2,1.0
1465,1,6,11,5,10.6,0.8333333333333334
1465,2,6,11,4,10.4,0.6666666666666666
1466,1,10,10,9,11.444444444444445,0.9
1466,2,11,11,5,10.8,0.45454545454545453
1467,1,6,9,5,14.333333333333334,0.8333333333333334
1467,2,8,8,8,12.625,1.0
1468,1,16,18,16,13.0,1.0
1468,2,13,15,13,13.266666666666667,1.0
1469,1,8,9,8,13.31,1.0
1469,2,8,9,8,13.31,1.0
1470,1,6,10,5,10.571428571428571,0.8333333333333334
1470,2,6,9,5,12.2,0.8333333333333334
1471,1,8,8,7,13.487142857142857,0.875
1471,2,8,8,7,13.487142857142857,0.875
1472,1,6,6,6,12.333333333333334,1.0
1472,2,6,7,6,11.833333333333334,1.0
1473,1,6,11,6,11.875,1.0
1473,2,6,9,5,12.833333333333334,0.8333333333333334
1474,1,7,7,6,13.966666666666669,0.8571428571428571
1474,2,7,7,6,13.966666666666669,0.8571428571428571
1475,1,5,10,0,0.0,0.0
1475,2,5,10,0,0.0,0.0
1476,1,5,8,4,11.5,0.8
1476,2,5,5,5,12.8,1.0
1477,1,2,2,2,12.5,1.0
1477,2,7,0,0,0.0,0.0
1478,1,7,0,0,0.0,0.0
1478,2,8,0,0,0.0,0.0
1479,1,7,10,6,11.98,0.8571428571428571
1479,2,8,11,7,13.225,0.875
1480,1,6,8,5,13.2,0.8333333333333334
1480,2,6,7,5,11.8,0.8333333333333334
1481,1,7,10,6,11.614285714285714,0.8571428571428571
1481,2,8,8,8,14.0375,1.0
1482,1,8,8,7,14.314285714285717,0.875
1482,2,8,8,7,14.314285714285717,0.875
1483,1,7,0,0,0.0,0.0
1483,2,8,0,0,0.0,0.0
1484,1,6,9,6,12.666666666666666,1.0
1484,2,6,12,2,13.0,0.3333333333333333
1485,1,7,9,6,12.766666666666666,0.8571428571428571
1485,2,8,10,7,12.128571428571428,0.875
1486,1,6,7,6,12.666666666666666,1.0
1486,2,6,7,5,12.2,0.8333333333333334
1487,1,6,7,6,11.5,1.0
1487,2,6,10,4,10.571428571428571,0.6666666666666666
1488,1,6,13,5,11.4,0.8333333333333334
1488,2,6,14,4,11.75,0.6666666666666666
1489,1,7,8,7,14.70625,1.0
1489,2,8,8,8,14.4775,1.0
1490,1,7,9,6,11.814285714285717,0.8571428571428571
1490,2,8,8,7,13.542857142857144,0.875
1491,1,6,8,6,13.0,1.0
1491,2,6,8,6,11.875,1.0
1492,1,6,7,6,14.857142857142858,1.0
1492,2,6,6,6,13.333333333333334,1.0
1493,1,7,7,6,12.6,0.8571428571428571
1493,2,7,7,6,12.6,0.8571428571428571
1494,1,6,9,5,13.333333333333334,0.8333333333333334
1494,2,6,17,4,11.4,0.6666666666666666
1495,1,7,10,6,10.666666666666666,0.8571428571428571
1495,2,7,12,6,12.833333333333334,0.8571428571428571
1496,1,5,6,2,11.5,0.4
1496,2,5,5,1,11.0,0.2
1497,1,7,9,1,10.0,0.14285714285714285
1497,2,7,0,0,0.0,0.0
1498,1,6,10,5,11.8,0.8333333333333334
1498,2,6,10,5,12.2,0.8333333333333334
1499,1,6,7,5,11.8,0.8333333333333334
1499,2,6,6,6,12.666666666666666,1.0
1500,1,8,8,8,12.77125,1.0
1500,2,8,8,8,12.77125,1.0
1501,1,5,13,3,11.333333333333334,0.6
1501,2,5,8,5,12.6,1.0
1502,1,6,6,6,12.666666666666666,1.0
1502,2,6,7,5,14.6,0.8333333333333334
1503,1,6,10,5,12.2,0.8333333333333334
1503,2,6,11,4,10.833333333333334,0.6666666666666666
1504,1,5,9,1,12.0,0.2
1504,2,4,10,0,0.0,0.0
1505,1,8,12,7,11.721428571428572,0.875
1505,2,8,12,7,11.721428571428572,0.875
1506,1,7,12,4,14.0,0.5714285714285714
1506,2,7,14,3,12.525,0.42857142857142855
1507,1,7,9,7,14.75,1.0
1507,2,7,12,5,13.8,0.7142857142857143
1508,1,6,6,6,12.666666666666666,1.0
1508,2,6,6,6,13.666666666666666,1.0
1509,1,5,12,4,13.0,0.8
1509,2,5,6,5,14.0,1.0
1510,1,5,6,0,0.0,0.0
1510,2,5,5,0,0.0,0.0
1511,1,6,8,4,10.75,0.6666666666666666
1511,2,6,9,0,0.0,0.0
1512,1,5,5,0,0.0,0.0
1512,2,5,10,0,0.0,0.0
1513,1,5,6,4,12.5,0.8
1513,2,5,7,4,11.75,0.8
1514,1,4,4,0,0.0,0.0
1514,2,5,0,0,0.0,0.0
1515,1,5,5,0,0.0,0.0
1515,2,4,4,0,0.0,0.0
1516,1,6,0,0,0.0,0.0
1516,2,6,0,0,0.0,0.0
1517,1,6,7,6,12.5,1.0
1517,2,6,15,5,12.4,0.8333333333333334
1518,1,6,10,5,12.8,0.8333333333333334
1518,2,6,9,3,11.666666666666666,0.5
1519,1,6,11,1,10.0,0.16666666666666666
1519,2,6,11,1,11.0,0.16666666666666666
1520,1,6,11,4,11.25,0.6666666666666666
1520,2,6,10,5,10.2,0.8333333333333334
1521,1,8,8,7,12.61,0.875
1521,2,8,8,7,12.61,0.875
1522,1,5,14,2,12.0,0.4
1522,2,5,6,5,12.6,1.0
1523,1,6,9,5,13.0,0.8333333333333334
1523,2,6,7,6,13.5,1.0
1524,1,5,9,4,12.0,0.8
1524,2,5,8,5,13.0,1.0
1525,1,7,8,4,12.0,0.5714285714285714
1525,2,8,8,0,0.0,0.0
1526,1,5,12,1,12.0,0.2
1526,2,5,9,1,11.0,0.2
1527,1,5,9,1,12.0,0.2
1527,2,5,6,3,10.5,0.6
1528,1,0,0,0,0.0,0.0
1528,2,0,0,0,0.0,0.0
1529,1,5,5,0,0.0,0.0
1529,2,5,9,0,0.0,0.0
1530,1,6,11,5,13.625,0.8333333333333334
1530,2,6,9,4,11.75,0.6666666666666666
1531,1,5,12,3,11.666666666666666,0.6
1531,2,5,10,3,11.666666666666666,0.6
1532,1,6,0,0,0.0,0.0
1532,2,6,0,0,0.0,0.0
1533,1,8,8,7,11.69,0.875
1533,2,8,8,7,11.69,0.875
1534,1,6,11,0,0.0,0.0
1534,2,6,12,0,0.0,0.0
1535,1,0,0,0,0.0,0.0
1535,2,0,0,0,0.0,0.0
1536,1,5,10,4,11.5,0.8
1536,2,5,11,5,11.285714285714286,1.0
1537,1,5,10,1,14.0,0.2
1537,2,5,0,0,0.0,0.0
1538,1,6,7,5,11.0,0.8333333333333334
1538,2,6,7,5,12.4,0.8333333333333334
1539,1,6,7,6,12.857142857142858,1.0
1539,2,6,6,6,13.166666666666666,1.0
1540,1,6,9,4,12.5,0.6666666666666666
1540,2,6,6,6,11.333333333333334,1.0
1541,1,7,7,7,14.528571428571428,1.0
1541,2,8,11,8,15.018181818181818,1.0
1542,1,5,8,5,10.0,1.0
1542,2,5,10,2,12.0,0.4
1543,1,6,8,6,13.0,1.0
1543,2,6,10,6,12.625,1.0
1544,1,7,7,7,15.957142857142856,1.0
1544,2,8,9,8,15.188888888888888,1.0
1545,1,5,6,5,13.2,1.0
1545,2,5,8,5,12.6,1.0
1546,1,5,9,4,10.2,0.8
1546,2,5,6,3,11.0,0.6
1547,1,5,6,5,14.2,1.0
1547,2,5,5,2,13.5,0.4
1548,1,6,8,6,12.625,1.0
1548,2,6,11,2,14.5,0.3333333333333333
1549,1,8,11,6,13.496666666666668,0.75
1549,2,8,11,6,13.496666666666668,0.75
1550,1,5,8,5,13.25,1.0
1550,2,5,8,5,11.0,1.0
1551,1,5,12,3,12.0,0.6
1551,2,5,10,3,12.0,0.6
1552,1,6,10,4,13.0,0.6666666666666666
1552,2,6,9,4,13.75,0.6666666666666666
1553,1,11,12,9,11.77777777777778,0.8181818181818182
1553,2,8,11,3,13.666666666666666,0.375
1554,1,5,10,2,11.0,0.4
1554,2,6,10,0,0.0,0.0
1555,1,5,14,0,0.0,0.0
1555,2,5,5,0,0.0,0.0
1556,1,14,16,14,12.428571428571429,1.0
1556,2,9,13,6,10.857142857142858,0.6666666666666666
1557,1,5,8,3,11.0,0.6
1557,2,5,11,3,12.0,0.6
1558,1,0,0,0,0.0,0.0
1558,2,0,0,0,0.0,0.0
1559,1,6,12,3,11.5,0.5
1559,2,6,12,3,10.666666666666666,0.5
1560,1,8,8,8,12.5075,1.0
1560,2,8,8,8,12.5075,1.0
1561,1,12,18,11,12.090909090909092,0.9166666666666666
1561,2,12,14,11,12.0,0.9166666666666666
1562,1,5,14,2,11.0,0.4
1562,2,5,9,3,12.666666666666666,0.6
1563,1,5,13,1,10.0,0.2
1563,2,5,8,2,11.333333333333334,0.4
1564,1,6,6,6,13.5,1.0
1564,2,6,9,5,13.2,0.8333333333333334
1565,1,6,6,6,14.166666666666666,1.0
1565,2,6,8,6,13.625,1.0
1566,1,6,7,6,14.0,1.0
1566,2,6,7,6,14.714285714285714,1.0
1567,1,3,4,0,0.0,0.0
1567,2,3,5,0,0.0,0.0
1568,1,5,9,3,11.666666666666666,0.6
1568,2,5,10,3,11.333333333333334,0.6
1569,1,5,7,5,14.6,1.0
1569,2,5,5,5,14.2,1.0
1570,1,6,10,5,13.0,0.8333333333333334
1570,2,6,13,5,11.5,0.8333333333333334
1571,1,6,7,6,12.166666666666666,1.0
1571,2,6,9,6,12.0,1.0
1572,1,5,9,0,0.0,0.0
1572,2,5,5,1,12.0,0.2
1573,1,5,10,3,10.5,0.6
1573,2,5,11,3,10.8,0.6
1574,1,5,14,3,12.4,0.6
1574,2,5,8,5,10.833333333333334,1.0
1575,1,0,0,0,0.0,0.0
1575,2,0,0,0,0.0,0.0
1576,1,5,12,0,0.0,0.0
1576,2,5,8,0,0.0,0.0
1577,1,8,8,7,13.828571428571427,0.875
1577,2,8,8,7,13.828571428571427,0.875
1578,1,5,7,5,10.6,1.0
1578,2,5,6,5,10.2,1.0
1579,1,6,7,6,11.5,1.0
1579,2,6,6,6,11.666666666666666,1.0
1580,1,6,6,4,13.5,0.6666666666666666
1580,2,6,8,6,13.625,1.0
1581,1,6,12,0,0.0,0.0
1581,2,6,0,0,0.0,0.0
1582,1,7,8,7,12.5375,1.0
1582,2,8,9,7,12.614285714285714,0.875
1583,1,6,6,6,14.833333333333334,1.0
1583,2,6,8,6,13.285714285714286,1.0
1584,1,5,10,4,12.0,0.8
1584,2,5,9,4,12.8,0.8
1585,1,6,8,5,11.8,0.8333333333333334
1585,2,6,8,5,11.6,0.8333333333333334
1586,1,5,5,5,15.0,1.0
1586,2,5,5,5,15.2,1.0
1587,1,5,7,3,12.0,0.6
1587,2,5,7,5,13.2,1.0
1588,1,6,6,6,12.833333333333334,1.0
1588,2,6,7,6,12.285714285714286,1.0
1589,1,6,12,6,11.666666666666666,1.0
1589,2,6,14,3,12.0,0.5
1590,1,7,9,7,12.1625,1.0
1590,2,8,8,8,13.825,1.0
1591,1,6,6,6,13.833333333333334,1.0
1591,2,6,11,6,14.555555555555555,1.0
1592,1,7,12,4,12.45,0.5714285714285714
1592,2,7,11,5,11.7,0.7142857142857143
1593,1,6,9,6,12.125,1.0
1593,2,6,7,6,13.571428571428571,1.0
1594,1,6,8,5,13.4,0.8333333333333334
1594,2,6,10,4,13.0,0.6666666666666666
1595,1,6,8,6,13.333333333333334,1.0
1595,2,6,8,5,14.0,0.8333333333333334
1596,1,15,15,11,11.454545454545457,0.7333333333333333
1596,2,13,16,11,11.545454545454543,0.8461538461538461
1597,1,6,10,4,12.0,0.6666666666666666
1597,2,6,14,3,10.0,0.5
1598,1,7,8,6,12.666666666666666,0.8571428571428571
1598,2,7,9,5,12.6,0.7142857142857143
1599,1,6,7,6,12.666666666666666,1.0
1599,2,6,9,6,13.77777777777778,1.0
1600,1,18,22,18,11.88888888888889,1.0
1600,2,13,13,13,11.461538461538462,1.0
1601,1,6,0,0,0.0,0.0
1601,2,6,0,0,0.0,0.0
1602,1,6,6,4,13.0,0.6666666666666666
1602,2,6,8,4,11.6,0.6666666666666666
1603,1,7,7,7,16.885714285714283,1.0
1603,2,8,9,8,15.744444444444444,1.0
1604,1,6,6,6,12.5,1.0
1604,2,6,6,6,12.333333333333334,1.0
1605,1,7,9,7,13.055555555555555,1.0
1605,2,8,8,8,15.8125,1.0
1606,1,0,0,0,0.0,0.0
1606,2,0,0,0,0.0,0.0
1607,1,5,7,0,0.0,0.0
1607,2,5,5,0,0.0,0.0
1608,1,8,8,7,12.355714285714283,0.875
1608,2,8,8,7,12.355714285714283,0.875
1609,1,6,0,0,0.0,0.0
1609,2,6,0,0,0.0,0.0
1610,1,7,8,5,11.98,0.7142857142857143
1610,2,7,8,5,11.98,0.7142857142857143
1611,1,7,7,7,13.857142857142858,1.0
1611,2,7,8,7,12.571428571428571,1.0
1612,1,6,9,5,13.0,0.8333333333333334
1612,2,6,6,6,14.166666666666666,1.0
1613,1,6,6,6,12.833333333333334,1.0
1613,2,6,10,6,11.166666666666666,1.0
1614,1,5,11,4,11.0,0.8
1614,2,5,7,5,13.2,1.0
1615,1,8,8,7,12.357142857142858,0.875
1615,2,8,8,7,12.357142857142858,0.875
1616,1,8,8,7,13.857142857142858,0.875
1616,2,8,8,7,13.857142857142858,0.875
1617,1,6,6,6,12.333333333333334,1.0
1617,2,6,6,6,10.666666666666666,1.0
1618,1,7,8,7,12.847142857142858,1.0
1618,2,8,10,8,13.788888888888888,1.0
1619,1,7,9,6,12.339999999999998,0.8571428571428571
1619,2,8,9,8,13.01875,1.0
1620,1,6,10,5,12.666666666666666,0.8333333333333334
1620,2,6,19,4,11.75,0.6666666666666666
1621,1,6,6,6,13.833333333333334,1.0
1621,2,6,6,6,12.5,1.0
1622,1,5,15,2,10.75,0.4
1622,2,5,11,2,10.0,0.4
1623,1,6,11,4,13.25,0.6666666666666666
1623,2,6,10,4,10.25,0.6666666666666666
1624,1,8,8,8,13.73125,1.0
1624,2,8,8,8,13.73125,1.0
1625,1,6,6,6,13.333333333333334,1.0
1625,2,6,8,3,12.666666666666666,0.5
1626,1,6,8,5,12.0,0.8333333333333334
1626,2,6,9,5,10.8,0.8333333333333334
1627,1,9,10,9,10.88888888888889,1.0
1627,2,8,10,6,11.333333333333334,0.75
1628,1,7,8,7,13.025,1.0
1628,2,8,9,8,13.811111111111112,1.0
1629,1,6,6,6,13.0,1.0
1629,2,6,6,6,14.166666666666666,1.0
1630,1,6,10,5,11.8,0.8333333333333334
1630,2,6,10,5,12.0,0.8333333333333334
1631,1,8,8,7,12.042857142857144,0.875
1631,2,8,8,7,12.042857142857144,0.875
1632,1,6,9,5,12.2,0.8333333333333334
1632,2,6,10,4,13.0,0.6666666666666666
1633,1,7,8,7,12.8375,1.0
1633,2,8,8,8,15.5,1.0
1634,1,7,13,7,11.0,1.0
1634,2,8,13,7,11.7,0.875
1635,1,6,7,6,13.5,1.0
1635,2,6,9,5,14.0,0.8333333333333334
1636,1,6,8,6,12.125,1.0
1636,2,6,7,6,12.714285714285714,1.0
1637,1,8,12,7,12.62857142857143,0.875
1637,2,8,12,7,12.62857142857143,0.875
1638,1,5,9,3,10.666666666666666,0.6
1638,2,5,7,4,11.4,0.8
1639,1,6,11,5,11.2,0.8333333333333334
1639,2,6,13,5,11.6,0.8333333333333334
1640,1,6,6,6,12.666666666666666,1.0
1640,2,6,6,6,11.833333333333334,1.0
1641,1,6,7,4,13.5,0.6666666666666666
1641,2,6,6,0,0.0,0.0
1642,1,5,9,3,11.666666666666666,0.6
1642,2,5,15,2,11.0,0.4
1643,1,5,8,2,10.5,0.4
1643,2,5,7,3,12.333333333333334,0.6
1644,1,8,8,8,14.26875,1.0
1644,2,8,8,8,14.26875,1.0
1645,1,6,0,0,0.0,0.0
1645,2,6,0,0,0.0,0.0
1646,1,5,8,2,10.5,0.4
1646,2,5,11,3,13.333333333333334,0.6
1647,1,6,11,5,11.2,0.8333333333333334
1647,2,6,15,1,10.0,0.16666666666666666
1648,1,5,5,5,12.0,1.0
1648,2,5,6,5,14.833333333333334,1.0
1649,1,7,9,7,12.228571428571428,1.0
1649,2,8,10,8,13.2125,1.0
1650,1,5,6,4,11.5,0.8
1650,2,5,5,4,10.75,0.8
1651,1,6,8,6,15.375,1.0
1651,2,6,7,6,16.428571428571427,1.0
1652,1,12,19,9,13.666666666666666,0.75
1652,2,9,15,6,13.5,0.6666666666666666
1653,1,8,11,7,12.614285714285714,0.875
1653,2,8,11,7,12.614285714285714,0.875
1654,1,6,7,5,12.2,0.8333333333333334
1654,2,6,6,6,11.5,1.0
1655,1,6,13,4,11.75,0.6666666666666666
1655,2,6,10,4,11.0,0.6666666666666666
1656,1,6,9,5,11.4,0.8333333333333334
1656,2,6,9,3,10.0,0.5
1657,1,6,10,5,10.6,0.8333333333333334
1657,2,6,14,2,10.0,0.3333333333333333
1658,1,16,16,13,10.923076923076923,0.8125
1658,2,13,13,11,11.454545454545457,0.8461538461538461
1659,1,6,6,5,12.4,0.8333333333333334
1659,2,6,9,5,12.4,0.8333333333333334
1660,1,6,6,0,0.0,0.0
1660,2,6,6,0,0.0,0.0
1661,1,6,6,6,15.833333333333334,1.0
1661,2,6,8,6,15.5,1.0
1662,1,7,12,5,11.8,0.7142857142857143
1662,2,7,9,6,11.708333333333334,0.8571428571428571
1663,1,6,7,6,12.571428571428571,1.0
1663,2,6,6,6,13.666666666666666,1.0
1664,1,5,7,3,12.0,0.6
1664,2,5,7,4,13.25,0.8
1665,1,7,8,7,13.3625,1.0
1665,2,8,9,8,14.444444444444445,1.0
1666,1,5,6,5,15.4,1.0
1666,2,5,5,5,16.0,1.0
1667,1,6,9,5,12.2,0.8333333333333334
1667,2,6,9,4,11.75,0.6666666666666666
1668,1,11,11,11,12.818181818181818,1.0
1668,2,11,11,11,13.545454545454543,1.0
1669,1,7,0,0,0.0,0.0
1669,2,8,0,0,0.0,0.0
1670,1,17,21,17,13.394736842105264,1.0
1670,2,17,19,17,13.554736842105264,1.0
1671,1,6,8,6,14.25,1.0
1671,2,6,8,6,11.0,1.0
1672,1,11,19,9,13.444444444444445,0.8181818181818182
1672,2,7,7,7,14.714285714285714,1.0
1673,1,7,8,7,12.285714285714286,1.0
1673,2,8,10,8,11.7375,1.0
1674,1,6,7,6,11.666666666666666,1.0
1674,2,6,7,5,13.2,0.8333333333333334
1675,1,6,8,6,12.166666666666666,1.0
1675,2,6,6,6,13.5,1.0
1676,1,6,11,2,10.0,0.3333333333333333
1676,2,6,15,2,11.0,0.3333333333333333
1677,1,6,6,6,14.0,1.0
1677,2,6,6,6,15.0,1.0
1678,1,6,9,5,11.833333333333334,0.8333333333333334
1678,2,6,6,4,12.0,0.6666666666666666
1679,1,6,7,1,15.0,0.16666666666666666
1679,2,5,12,0,0.0,0.0
1680,1,0,0,0,0.0,0.0
1680,2,0,0,0,0.0,0.0
1681,1,6,7,6,10.833333333333334,1.0
1681,2,6,6,6,10.666666666666666,1.0
1682,1,6,7,6,13.142857142857142,1.0
1682,2,6,6,6,14.0,1.0
1683,1,5,8,5,14.4,1.0
1683,2,5,6,5,14.0,1.0
1684,1,6,0,0,0.0,0.0
1684,2,6,0,0,0.0,0.0
1685,1,12,17,7,12.0,0.5833333333333334
1685,2,12,19,9,11.22222222222222,0.75
1686,1,10,13,9,12.2,0.9
1686,2,10,12,10,12.8,1.0
1687,1,3,3,3,12.333333333333334,1.0
1687,2,2,2,2,11.0,1.0
1688,1,7,8,7,11.8375,1.0
1688,2,8,9,8,12.48125,1.0
1689,1,5,5,5,11.8,1.0
1689,2,5,6,5,14.0,1.0
1690,1,5,5,0,0.0,0.0
1690,2,5,9,0,0.0,0.0
1691,1,6,0,0,0.0,0.0
1691,2,6,0,0,0.0,0.0
1692,1,19,19,19,12.68421052631579,1.0
1692,2,13,13,13,12.384615384615383,1.0
1693,1,6,8,6,12.571428571428571,1.0
1693,2,6,10,4,13.0,0.6666666666666666
1694,1,7,18,3,11.25,0.42857142857142855
1694,2,7,7,0,0.0,0.0
1695,1,5,13,4,14.0,0.8
1695,2,5,9,4,15.5,0.8
1696,1,5,15,4,13.333333333333334,0.8
1696,2,5,6,2,13.5,0.4
1697,1,6,7,6,13.666666666666666,1.0
1697,2,6,6,6,13.666666666666666,1.0
1698,1,6,12,3,10.0,0.5
1698,2,6,9,5,10.8,0.8333333333333334
1699,1,6,12,5,12.6,0.8333333333333334
1699,2,6,11,6,11.714285714285714,1.0
1700,1,5,10,3,17.333333333333332,0.6
1700,2,5,11,1,17.0,0.2
1701,1,6,10,5,13.2,0.8333333333333334
1701,2,6,21,3,12.0,0.5
1702,1,5,9,3,14.0,0.6
1702,2,5,8,3,13.666666666666666,0.6
1703,1,4,4,4,13.875,1.0
1703,2,1,1,1,12.5,1.0
1704,1,5,5,0,0.0,0.0
1704,2,5,5,0,0.0,0.0
1705,1,9,9,9,13.11111111111111,1.0
1705,2,7,7,7,14.857142857142858,1.0
1706,1,5,8,5,13.0,1.0
1706,2,5,11,4,13.333333333333334,0.8
1707,1,10,10,10,12.5,1.0
1707,2,7,7,7,12.142857142857142,1.0
1708,1,18,18,18,14.11111111111111,1.0
1708,2,13,13,13,14.23076923076923,1.0
1709,1,11,11,11,14.727272727272728,1.0
1709,2,9,9,9,15.77777777777778,1.0
1710,1,6,6,0,0.0,0.0
1710,2,5,6,0,0.0,0.0
1711,1,5,5,0,0.0,0.0
1711,2,5,5,0,0.0,0.0
1712,1,5,5,0,0.0,0.0
1712,2,5,5,0,0.0,0.0
1713,1,5,7,4,13.5,0.8
1713,2,5,6,5,11.6,1.0
1714,1,8,8,7,13.105714285714283,0.875
1714,2,8,8,7,13.105714285714283,0.875
1715,1,5,8,5,13.5,1.0
1715,2,5,5,5,14.4,1.0
1716,1,13,18,13,11.846153846153848,1.0
1716,2,11,11,11,12.0,1.0
1717,1,5,5,0,0.0,0.0
1717,2,5,5,0,0.0,0.0
1718,1,6,11,3,14.333333333333334,0.5
1718,2,6,6,0,0.0,0.0
1719,1,5,10,5,15.8,1.0
1719,2,5,5,5,17.6,1.0
1720,1,6,16,5,13.8,0.8333333333333334
1720,2,6,7,5,12.4,0.8333333333333334
1721,1,10,18,6,12.666666666666666,0.6
1721,2,9,11,3,12.0,0.3333333333333333
1722,1,6,10,6,13.0,1.0
1722,2,6,9,6,12.0,1.0
1723,1,0,0,0,0.0,0.0
1723,2,0,0,0,0.0,0.0
1724,1,6,6,1,11.0,0.16666666666666666
1724,2,6,0,0,0.0,0.0
1725,1,5,9,0,0.0,0.0
1725,2,5,9,0,0.0,0.0
1726,1,7,7,7,15.2,1.0
1726,2,8,8,8,16.575,1.0
1727,1,6,7,6,14.428571428571429,1.0
1727,2,7,8,7,14.375,1.0
1728,1,5,5,0,0.0,0.0
1728,2,5,5,0,0.0,0.0
1729,1,0,0,0,0.0,0.0
1729,2,0,0,0,0.0,0.0
1730,1,6,13,4,13.75,0.6666666666666666
1730,2,6,8,5,11.2,0.8333333333333334
1731,1,6,11,5,12.166666666666666,0.8333333333333334
1731,2,6,15,3,12.0,0.5
1732,1,6,12,5,12.142857142857142,0.8333333333333334
1732,2,6,11,5,11.666666666666666,0.8333333333333334
1733,1,6,9,6,12.0,1.0
1733,2,6,8,5,11.6,0.8333333333333334
1734,1,5,10,3,11.666666666666666,0.6
1734,2,5,7,4,12.75,0.8
1735,1,6,9,0,0.0,0.0
1735,2,6,6,0,0.0,0.0
1736,1,6,10,6,11.875,1.0
1736,2,6,8,5,12.0,0.8333333333333334
1737,1,11,15,7,11.285714285714286,0.6363636363636364
1737,2,7,10,6,12.333333333333334,0.8571428571428571
1738,1,6,17,2,10.0,0.3333333333333333
1738,2,6,15,3,11.333333333333334,0.5
1739,1,12,13,11,12.0,0.9166666666666666
1739,2,11,15,10,11.181818181818182,0.9090909090909091
1740,1,7,7,6,13.833333333333334,0.8571428571428571
1740,2,6,7,5,13.0,0.8333333333333334
1741,1,6,0,0,0.0,0.0
1741,2,6,0,0,0.0,0.0
1742,1,6,7,6,14.428571428571429,1.0
1742,2,6,6,6,12.5,1.0
1743,1,7,8,5,14.2,0.7142857142857143
1743,2,7,9,6,12.4,0.8571428571428571
1744,1,5,8,4,11.5,0.8
1744,2,5,9,3,10.333333333333334,0.6
1745,1,6,7,5,13.0,0.8333333333333334
1745,2,6,6,6,15.0,1.0
1746,1,6,6,0,0.0,0.0
1746,2,6,8,0,0.0,0.0
1747,1,6,12,3,11.333333333333334,0.5
1747,2,6,13,2,11.0,0.3333333333333333
1748,1,18,45,18,12.5,1.0
1748,2,13,26,12,11.428571428571429,0.9230769230769231
1749,1,5,5,0,0.0,0.0
1749,2,5,5,0,0.0,0.0
1750,1,7,7,7,13.471428571428572,1.0
1750,2,8,9,8,13.944444444444445,1.0
1751,1,5,5,4,11.75,0.8
1751,2,5,5,3,13.333333333333334,0.6
1752,1,6,9,6,13.333333333333334,1.0
1752,2,6,10,6,14.666666666666666,1.0
1753,1,8,8,8,13.105,1.0
1753,2,8,8,8,13.105,1.0
1754,1,5,5,0,0.0,0.0
1754,2,5,6,0,0.0,0.0
1755,1,6,6,6,15.5,1.0
1755,2,6,7,6,12.166666666666666,1.0
1756,1,0,0,0,0.0,0.0
1756,2,0,0,0,0.0,0.0
1757,1,6,6,4,11.25,0.6666666666666666
1757,2,6,7,3,12.333333333333334,0.5
1758,1,15,24,12,11.0,0.8
1758,2,14,21,11,11.363636363636363,0.7857142857142857
1759,1,6,10,6,12.333333333333334,1.0
1759,2,6,9,4,13.0,0.6666666666666666
1760,1,9,18,8,11.375,0.8888888888888888
1760,2,5,11,5,11.8,1.0
1761,1,18,19,18,12.22222222222222,1.0
1761,2,12,15,12,12.384615384615383,1.0
1762,1,0,0,0,0.0,0.0
1762,2,0,0,0,0.0,0.0
1763,1,9,11,9,12.0,1.0
1763,2,7,8,6,12.0,0.8571428571428571
1764,1,5,10,1,11.0,0.2
1764,2,5,10,1,10.0,0.2
1765,1,16,17,16,14.125,1.0
1765,2,11,14,10,13.0,0.9090909090909091
1766,1,5,8,5,10.2,1.0
1766,2,5,7,5,11.2,1.0
1767,1,5,7,4,12.0,0.8
1767,2,5,6,4,12.4,0.8
1768,1,9,11,9,12.333333333333334,1.0
1768,2,7,7,7,12.571428571428571,1.0
1769,1,9,9,9,14.333333333333334,1.0
1769,2,7,7,7,13.857142857142858,1.0
1770,1,6,6,6,15.166666666666666,1.0
1770,2,6,9,6,14.0,1.0
1771,1,6,8,6,15.142857142857142,1.0
1771,2,6,8,6,15.142857142857142,1.0
1772,1,6,0,0,0.0,0.0
1772,2,6,0,0,0.0,0.0
1773,1,7,9,6,13.411428571428573,0.8571428571428571
1773,2,8,12,7,13.294444444444444,0.875
1774,1,6,7,6,12.333333333333334,1.0
1774,2,6,7,6,12.166666666666666,1.0
1775,1,6,13,4,11.8,0.6666666666666666
1775,2,6,18,4,12.2,0.6666666666666666
1776,1,6,9,6,12.0,1.0
1776,2,6,12,3,12.0,0.5
1777,1,6,7,6,15.0,1.0
1777,2,6,8,6,15.625,1.0
1778,1,12,12,8,13.875,0.6666666666666666
1778,2,11,13,9,12.7,0.8181818181818182
1779,1,7,9,6,11.833333333333334,0.8571428571428571
1779,2,7,7,6,14.333333333333334,0.8571428571428571
1780,1,6,6,6,12.5,1.0
1780,2,6,6,6,13.833333333333334,1.0
1781,1,6,6,6,15.0,1.0
1781,2,6,6,6,15.5,1.0
1782,1,6,10,2,11.666666666666666,0.3333333333333333
1782,2,6,10,4,10.5,0.6666666666666666
1783,1,7,10,7,14.668,1.0
1783,2,8,8,8,14.63375,1.0
1784,1,8,9,6,13.345,0.75
1784,2,8,9,6,13.345,0.75
1785,1,6,7,5,12.8,0.8333333333333334
1785,2,6,6,6,12.333333333333334,1.0
1786,1,6,10,6,10.833333333333334,1.0
1786,2,6,7,6,12.142857142857142,1.0
1787,1,6,6,6,13.666666666666666,1.0
1787,2,6,6,5,14.0,0.8333333333333334
1788,1,8,8,7,14.537142857142856,0.875
1788,2,8,8,7,14.537142857142856,0.875
1789,1,5,5,5,14.4,1.0
1789,2,5,5,5,14.0,1.0
1790,1,0,0,0,0.0,0.0
1790,2,0,0,0,0.0,0.0
1791,1,6,6,6,13.166666666666666,1.0
1791,2,6,6,6,13.833333333333334,1.0
1792,1,6,15,2,11.5,0.3333333333333333
1792,2,7,9,0,0.0,0.0
1793,1,6,7,6,11.333333333333334,1.0
1793,2,6,7,6,12.428571428571429,1.0
1794,1,6,6,6,12.0,1.0
1794,2,6,6,5,13.6,0.8333333333333334
1795,1,6,6,6,13.166666666666666,1.0
1795,2,6,6,6,12.166666666666666,1.0
1796,1,6,6,6,14.833333333333334,1.0
1796,2,6,6,6,14.166666666666666,1.0
1797,1,7,7,7,13.0,1.0
1797,2,9,9,9,13.22222222222222,1.0
1798,1,7,8,7,13.087142857142856,1.0
1798,2,8,8,8,12.95,1.0
1799,1,6,8,6,13.333333333333334,1.0
1799,2,6,7,6,13.666666666666666,1.0
1800,1,6,7,6,12.166666666666666,1.0
1800,2,6,10,4,12.75,0.6666666666666666
1801,1,6,8,6,11.0,1.0
1801,2,6,10,4,12.0,0.6666666666666666
1802,1,6,0,0,0.0,0.0
1802,2,6,0,0,0.0,0.0
1803,1,5,7,5,13.6,1.0
1803,2,5,6,5,12.2,1.0
1804,1,6,6,6,15.5,1.0
1804,2,6,6,6,14.0,1.0
1805,1,7,7,7,13.857142857142858,1.0
1805,2,7,7,7,14.285714285714286,1.0
1806,1,5,10,2,11.5,0.4
1806,2,5,8,3,10.0,0.6
1807,1,6,6,6,13.0,1.0
1807,2,6,6,6,12.166666666666666,1.0
1808,1,6,10,6,14.0,1.0
1808,2,6,11,4,13.0,0.6666666666666666
1809,1,4,4,0,0.0,0.0
1809,2,6,0,0,0.0,0.0
1810,1,6,6,6,11.166666666666666,1.0
1810,2,6,9,6,11.5,1.0
1811,1,6,0,0,0.0,0.0
1811,2,6,0,0,0.0,0.0
1812,1,7,8,7,12.142857142857142,1.0
1812,2,7,9,6,13.666666666666666,0.8571428571428571
1813,1,7,7,7,14.145714285714286,1.0
1813,2,8,9,8,13.627777777777778,1.0
1814,1,7,7,7,14.45,1.0
1814,2,8,9,8,14.144444444444444,1.0
1815,1,7,7,7,15.714285714285714,1.0
1815,2,7,7,7,15.0,1.0
1816,1,5,9,5,12.8,1.0
1816,2,5,11,3,12.666666666666666,0.6
1817,1,6,6,6,12.5,1.0
1817,2,6,8,6,11.5,1.0
1818,1,6,6,6,14.5,1.0
1818,2,6,6,6,12.833333333333334,1.0
1819,1,7,7,7,13.462857142857144,1.0
1819,2,8,10,7,13.164285714285716,0.875
1820,1,6,6,6,12.833333333333334,1.0
1820,2,6,6,6,12.833333333333334,1.0
1821,1,5,10,5,12.0,1.0
1821,2,5,8,4,11.6,0.8
1822,1,0,0,0,0.0,0.0
1822,2,0,0,0,0.0,0.0
1823,1,7,9,6,14.714285714285714,0.8571428571428571
1823,2,7,16,6,13.2,0.8571428571428571
1824,1,6,7,6,12.571428571428571,1.0
1824,2,6,7,6,13.285714285714286,1.0
1825,1,6,6,6,12.5,1.0
1825,2,6,6,6,11.5,1.0
1826,1,6,8,6,14.0,1.0
1826,2,6,9,5,14.0,0.8333333333333334
1827,1,7,8,7,11.571428571428571,1.0
1827,2,7,9,6,13.166666666666666,0.8571428571428571
1828,1,6,6,6,15.833333333333334,1.0
1828,2,6,6,6,15.333333333333334,1.0
1829,1,8,8,8,14.25,1.0
1829,2,8,8,8,14.25,1.0
1830,1,6,0,0,0.0,0.0
1830,2,6,0,0,0.0,0.0
1831,1,6,8,6,11.666666666666666,1.0
1831,2,6,10,6,11.0,1.0
1832,1,6,12,0,0.0,0.0
1832,2,5,10,0,0.0,0.0
1833,1,5,9,5,13.2,1.0
1833,2,5,7,2,12.5,0.4
1834,1,6,11,2,12.0,0.3333333333333333
1834,2,6,12,1,10.0,0.16666666666666666
1835,1,5,6,0,0.0,0.0
1835,2,5,5,0,0.0,0.0
1836,1,5,9,4,12.0,0.8
1836,2,5,10,2,11.0,0.4
1837,1,5,10,3,13.333333333333334,0.6
1837,2,5,9,4,10.75,0.8
1838,1,7,11,5,12.414285714285713,0.7142857142857143
1838,2,7,13,2,13.5,0.2857142857142857
1839,1,5,5,0,0.0,0.0
1839,2,5,5,0,0.0,0.0
1840,1,5,5,5,13.8,1.0
1840,2,5,7,5,12.4,1.0
1841,1,5,14,0,0.0,0.0
1841,2,5,5,0,0.0,0.0
1842,1,5,10,4,11.5,0.8
1842,2,5,11,4,14.0,0.8
1843,1,5,11,0,0.0,0.0
1843,2,5,6,0,0.0,0.0
1844,1,7,7,6,14.016666666666666,0.8571428571428571
1844,2,7,7,6,14.016666666666666,0.8571428571428571
1845,1,6,9,5,11.4,0.8333333333333334
1845,2,6,8,5,10.8,0.8333333333333334
1846,1,0,0,0,0.0,0.0
1846,2,0,0,0,0.0,0.0
1847,1,5,12,5,10.4,1.0
1847,2,5,11,5,12.0,1.0
1848,1,5,11,3,10.666666666666666,0.6
1848,2,5,9,4,10.25,0.8
1849,1,5,9,4,14.25,0.8
1849,2,5,8,5,12.714285714285714,1.0
1850,1,7,7,7,13.914285714285713,1.0
1850,2,8,8,8,14.10625,1.0
1851,1,7,9,7,13.761111111111113,1.0
1851,2,8,11,7,12.82375,0.875
1852,1,6,10,5,12.6,0.8333333333333334
1852,2,6,9,4,11.25,0.6666666666666666
1853,1,6,7,6,13.857142857142858,1.0
1853,2,6,6,6,14.166666666666666,1.0
1854,1,8,8,7,13.842857142857143,0.875
1854,2,8,8,7,13.842857142857143,0.875
1855,1,5,12,0,0.0,0.0
1855,2,5,8,0,0.0,0.0
1856,1,6,6,5,11.8,0.8333333333333334
1856,2,6,9,0,0.0,0.0
1857,1,6,6,6,12.666666666666666,1.0
1857,2,6,6,6,13.833333333333334,1.0
1858,1,6,6,0,0.0,0.0
1858,2,6,6,0,0.0,0.0
1859,1,5,7,0,0.0,0.0
1859,2,5,5,0,0.0,0.0
1860,1,6,11,4,10.75,0.6666666666666666
1860,2,6,13,2,10.0,0.3333333333333333
1861,1,5,7,5,12.6,1.0
1861,2,5,9,3,13.25,0.6
1862,1,5,5,0,0.0,0.0
1862,2,5,5,0,0.0,0.0
1863,1,7,7,2,12.0,0.2857142857142857
1863,2,9,10,7,12.142857142857142,0.7777777777777778
1864,1,6,7,3,14.0,0.5
1864,2,6,9,2,14.5,0.3333333333333333
1865,1,6,6,6,14.0,1.0
1865,2,6,11,6,13.5,1.0
1866,1,7,7,7,14.682857142857143,1.0
1866,2,8,9,8,15.055555555555555,1.0
1867,1,3,3,0,0.0,0.0
1867,2,5,0,0,0.0,0.0
1868,1,5,6,0,0.0,0.0
1868,2,5,7,0,0.0,0.0
1869,1,6,7,6,13.857142857142858,1.0
1869,2,6,7,5,12.8,0.8333333333333334
1870,1,0,0,0,0.0,0.0
1870,2,0,0,0,0.0,0.0
1871,1,6,8,6,13.142857142857142,1.0
1871,2,6,7,6,12.5,1.0
1872,1,5,14,1,18.0,0.2
1872,2,5,9,2,13.0,0.4
1873,1,15,15,13,11.461538461538462,0.8666666666666667
1873,2,11,15,10,11.583333333333334,0.9090909090909091
1874,1,7,14,5,11.2,0.7142857142857143
1874,2,8,11,6,11.583333333333334,0.75
1875,1,6,6,5,15.0,0.8333333333333334
1875,2,6,8,4,14.5,0.6666666666666666
1876,1,7,9,7,14.244444444444444,1.0
1876,2,8,12,8,12.233333333333333,1.0
1877,1,6,8,4,11.5,0.6666666666666666
1877,2,6,7,5,11.0,0.8333333333333334
1878,1,7,7,2,10.0,0.2857142857142857
1878,2,7,7,0,0.0,0.0
1879,1,5,7,3,12.333333333333334,0.6
1879,2,5,5,5,11.6,1.0
1880,1,7,8,5,12.2,0.7142857142857143
1880,2,9,10,7,12.142857142857142,0.7777777777777778
1881,1,6,6,6,13.666666666666666,1.0
1881,2,6,7,5,13.2,0.8333333333333334
1882,1,0,0,0,0.0,0.0
1882,2,0,0,0,0.0,0.0
1883,1,6,15,1,11.0,0.16666666666666666
1883,2,6,10,0,0.0,0.0
1884,1,6,8,3,13.0,0.5
1884,2,10,14,6,11.428571428571429,0.6
1885,1,8,12,7,12.599999999999998,0.875
1885,2,8,12,7,12.599999999999998,0.875
1886,1,10,11,10,12.2,1.0
1886,2,10,12,9,12.333333333333334,0.9
1887,1,6,6,6,13.166666666666666,1.0
1887,2,6,6,6,13.0,1.0
1888,1,7,16,6,11.0,0.8571428571428571
1888,2,7,9,7,11.0,1.0
1889,1,7,7,7,14.014285714285714,1.0
1889,2,8,8,8,15.35,1.0
1890,1,6,9,4,13.0,0.6666666666666666
1890,2,6,13,4,11.25,0.6666666666666666
1891,1,6,6,6,14.0,1.0
1891,2,6,6,6,14.666666666666666,1.0
1892,1,0,0,0,0.0,0.0
1892,2,0,0,0,0.0,0.0
1893,1,8,8,7,14.428571428571429,0.875
1893,2,8,8,7,14.428571428571429,0.875
1894,1,5,9,0,0.0,0.0
1894,2,5,10,0,0.0,0.0
1895,1,18,45,18,11.833333333333334,1.0
1895,2,13,27,13,12.461538461538462,1.0
1896,1,5,12,3,11.333333333333334,0.6
1896,2,5,10,1,13.0,0.2
1897,1,6,9,6,12.5,1.0
1897,2,6,9,6,13.0,1.0
1898,1,12,12,12,13.333333333333334,1.0
1898,2,12,12,11,12.545454545454543,0.9166666666666666
1899,1,6,10,6,10.833333333333334,1.0
1899,2,6,10,4,11.0,0.6666666666666666
1900,1,6,6,6,13.0,1.0
1900,2,6,6,6,14.0,1.0
1901,1,5,7,2,10.0,0.4
1901,2,5,11,2,14.0,0.4
1902,1,6,8,6,11.428571428571429,1.0
1902,2,6,11,5,11.2,0.8333333333333334
1903,1,8,8,8,12.8875,1.0
1903,2,8,8,8,12.8875,1.0
1904,1,7,7,6,12.95,0.8571428571428571
1904,2,7,7,6,12.95,0.8571428571428571
1905,1,5,12,1,10.0,0.2
1905,2,5,5,0,0.0,0.0
1906,1,7,7,7,13.094285714285714,1.0
1906,2,8,8,8,12.55,1.0
1907,1,6,7,0,0.0,0.0
1907,2,6,6,0,0.0,0.0
1908,1,6,12,5,11.714285714285714,0.8333333333333334
1908,2,6,11,6,11.0,1.0
1909,1,6,8,4,11.25,0.6666666666666666
1909,2,6,15,3,10.0,0.5
1910,1,0,0,0,0.0,0.0
1910,2,0,0,0,0.0,0.0
1911,1,6,6,6,13.166666666666666,1.0
1911,2,6,6,6,13.333333333333334,1.0
1912,1,5,7,4,12.75,0.8
1912,2,5,5,5,13.4,1.0
1913,1,5,6,5,10.6,1.0
1913,2,5,9,2,11.0,0.4
1914,1,6,8,5,11.2,0.8333333333333334
1914,2,6,6,6,12.0,1.0
1915,1,7,0,0,0.0,0.0
1915,2,8,0,0,0.0,0.0
1916,1,6,6,6,13.0,1.0
1916,2,6,6,6,13.666666666666666,1.0
1917,1,5,10,0,0.0,0.0
1917,2,5,5,0,0.0,0.0
1918,1,6,0,0,0.0,0.0
1918,2,6,0,0,0.0,0.0
1919,1,6,8,6,14.166666666666666,1.0
1919,2,6,9,6,15.0,1.0
1920,1,6,10,5,12.833333333333334,0.8333333333333334
1920,2,6,6,6,12.333333333333334,1.0
1921,1,6,11,4,11.75,0.6666666666666666
1921,2,6,9,5,10.4,0.8333333333333334
1922,1,6,8,6,10.833333333333334,1.0
1922,2,6,7,6,11.5,1.0
1923,1,6,8,4,11.75,0.6666666666666666
1923,2,6,8,4,12.25,0.6666666666666666
1924,1,7,14,3,11.5,0.42857142857142855
1924,2,7,9,2,10.5,0.2857142857142857
1925,1,5,14,2,10.0,0.4
1925,2,5,7,3,11.333333333333334,0.6
1926,1,7,7,6,13.7,0.8571428571428571
1926,2,7,7,6,13.7,0.8571428571428571
1927,1,5,8,1,14.0,0.2
1927,2,5,12,0,0.0,0.0
1928,1,8,12,7,11.375,0.875
1928,2,7,10,6,12.166666666666666,0.8571428571428571
1929,1,6,17,0,0.0,0.0
1929,2,6,6,0,0.0,0.0
1930,1,6,10,0,0.0,0.0
1930,2,6,0,0,0.0,0.0
1931,1,5,9,1,11.0,0.2
1931,2,5,9,2,12.5,0.4
1932,1,7,10,6,13.0,0.8571428571428571
1932,2,7,7,7,13.285714285714286,1.0
1933,1,11,15,8,13.6,0.7272727272727273
1933,2,8,10,8,15.11111111111111,1.0
1934,1,5,8,3,11.0,0.6
1934,2,5,9,2,11.5,0.4
1935,1,8,11,7,11.705714285714285,0.875
1935,2,8,11,7,11.705714285714285,0.875
1936,1,12,12,12,13.25,1.0
1936,2,11,14,11,14.333333333333334,1.0
1937,1,7,15,1,10.75,0.14285714285714285
1937,2,7,10,1,10.0,0.14285714285714285
1938,1,6,8,6,12.0,1.0
1938,2,7,8,7,13.428571428571429,1.0
1939,1,6,7,6,12.666666666666666,1.0
1939,2,6,8,4,12.25,0.6666666666666666
1940,1,6,8,5,11.4,0.8333333333333334
1940,2,6,9,3,11.0,0.5
1941,1,6,6,6,13.0,1.0
1941,2,6,8,5,12.4,0.8333333333333334
1942,1,6,8,6,14.0,1.0
1942,2,6,8,6,12.285714285714286,1.0
1943,1,6,11,0,0.0,0.0
1943,2,5,10,0,0.0,0.0
1944,1,6,0,0,0.0,0.0
1944,2,6,0,0,0.0,0.0
1945,1,7,7,7,15.285714285714286,1.0
1945,2,8,8,8,16.075,1.0
1946,1,6,6,6,13.166666666666666,1.0
1946,2,6,6,6,12.666666666666666,1.0
1947,1,5,7,5,13.6,1.0
1947,2,5,11,5,12.833333333333334,1.0
1948,1,4,8,0,0.0,0.0
1948,2,4,8,0,0.0,0.0
1949,1,10,12,10,11.4,1.0
1949,2,9,9,4,11.5,0.4444444444444444
1950,1,5,0,0,0.0,0.0
1950,2,5,0,0,0.0,0.0
1951,1,5,7,5,11.0,1.0
1951,2,5,5,5,11.6,1.0
1952,1,5,9,0,0.0,0.0
1952,2,5,11,0,0.0,0.0
1953,1,6,7,6,13.571428571428571,1.0
1953,2,6,6,6,12.666666666666666,1.0
1954,1,7,0,0,0.0,0.0
1954,2,8,0,0,0.0,0.0
1955,1,10,14,4,11.25,0.4
1955,2,11,11,4,12.0,0.36363636363636365
1956,1,5,6,3,13.333333333333334,0.6
1956,2,5,5,1,11.0,0.2
1957,1,6,6,6,12.0,1.0
1957,2,6,7,6,11.666666666666666,1.0
1958,1,6,6,6,12.5,1.0
1958,2,6,7,5,13.0,0.8333333333333334
1959,1,5,6,5,13.2,1.0
1959,2,5,6,5,12.666666666666666,1.0
1960,1,5,5,0,0.0,0.0
1960,2,4,4,0,0.0,0.0
1961,1,5,7,3,11.666666666666666,0.6
1961,2,5,8,2,11.5,0.4
1962,1,15,16,15,13.466666666666669,1.0
1962,2,14,14,14,13.642857142857142,1.0
1963,1,5,7,3,13.666666666666666,0.6
1963,2,5,5,5,13.2,1.0
1964,1,5,9,2,11.666666666666666,0.4
1964,2,5,9,2,12.5,0.4
1965,1,6,7,6,11.666666666666666,1.0
1965,2,6,12,5,10.2,0.8333333333333334
1966,1,6,9,5,13.4,0.8333333333333334
1966,2,6,9,5,12.4,0.8333333333333334
1967,1,5,5,0,0.0,0.0
1967,2,5,6,0,0.0,0.0
1968,1,6,9,0,0.0,0.0
1968,2,6,6,0,0.0,0.0
1969,1,5,5,0,0.0,0.0
1969,2,5,5,0,0.0,0.0
1970,1,5,6,3,10.666666666666666,0.6
1970,2,5,9,2,10.5,0.4
1971,1,5,5,4,13.75,0.8
1971,2,5,5,4,14.75,0.8
1972,1,5,5,1,10.0,0.2
1972,2,5,5,0,0.0,0.0
1973,1,5,11,0,0.0,0.0
1973,2,5,5,0,0.0,0.0
1974,1,2,4,1,16.0,0.5
1974,2,4,5,4,15.5,1.0
1975,1,5,9,5,12.285714285714286,1.0
1975,2,5,8,5,11.125,1.0
1976,1,5,10,3,12.0,0.6
1976,2,5,8,3,10.333333333333334,0.6
1977,1,7,7,6,12.666666666666666,0.8571428571428571
1977,2,7,7,6,12.666666666666666,0.8571428571428571
1978,1,5,6,5,11.8,1.0
1978,2,5,7,4,13.25,0.8
1979,1,5,6,5,10.6,1.0
1979,2,5,7,5,14.666666666666666,1.0
1980,1,11,16,9,11.9,0.8181818181818182
1980,2,9,14,8,12.25,0.8888888888888888
1981,1,6,8,4,11.25,0.6666666666666666
1981,2,5,8,2,10.5,0.4
1982,1,5,9,4,11.0,0.8
1982,2,5,6,5,11.4,1.0
1983,1,6,6,6,12.0,1.0
1983,2,6,6,6,12.5,1.0
1984,1,5,10,4,11.75,0.8
1984,2,5,10,4,10.833333333333334,0.8
1985,1,5,8,2,10.0,0.4
1985,2,5,8,1,16.0,0.2
1986,1,8,8,7,13.714285714285714,0.875
1986,2,8,8,7,13.714285714285714,0.875
1987,1,6,14,6,14.875,1.0
1987,2,6,12,6,15.8,1.0
1988,1,6,7,5,10.8,0.8333333333333334
1988,2,6,6,0,0.0,0.0
1989,1,6,11,3,12.0,0.5
1989,2,6,12,2,10.0,0.3333333333333333
1990,1,6,10,5,12.5,0.8333333333333334
1990,2,6,19,2,13.5,0.3333333333333333
1991,1,7,7,7,14.728571428571428,1.0
1991,2,8,11,8,16.327272727272728,1.0
1992,1,6,8,6,12.0,1.0
1992,2,6,8,5,14.8,0.8333333333333334
1993,1,6,8,6,11.428571428571429,1.0
1993,2,6,7,6,11.0,1.0
1994,1,6,6,6,14.166666666666666,1.0
1994,2,6,6,6,13.5,1.0
1995,1,6,12,5,12.5,0.8333333333333334
1995,2,6,10,5,14.6,0.8333333333333334
1996,1,6,6,6,14.166666666666666,1.0
1996,2,6,6,6,14.333333333333334,1.0
1997,1,7,10,5,14.46,0.7142857142857143
1997,2,7,8,6,13.55,0.8571428571428571
1998,1,6,12,5,12.8,0.8333333333333334
1998,2,6,19,2,11.5,0.3333333333333333
1999,1,6,8,6,12.666666666666666,1.0
1999,2,6,8,5,13.4,0.8333333333333334
2000,1,6,6,6,12.5,1.0
2000,2,6,6,6,13.0,1.0
2001,1,6,0,0,0.0,0.0
2001,2,6,0,0,0.0,0.0
2002,1,6,0,0,0.0,0.0
2002,2,6,0,0,0.0,0.0
2003,1,0,0,0,0.0,0.0
2003,2,0,0,0,0.0,0.0
2004,1,5,8,5,11.2,1.0
2004,2,5,5,3,11.0,0.6
2005,1,6,6,6,16.5,1.0
2005,2,6,7,6,17.428571428571427,1.0
2006,1,5,9,3,13.666666666666666,0.6
2006,2,5,5,5,12.0,1.0
2007,1,8,8,7,15.228571428571428,0.875
2007,2,8,8,7,15.228571428571428,0.875
2008,1,9,10,9,12.77777777777778,1.0
2008,2,9,9,9,13.22222222222222,1.0
2009,1,8,8,7,14.428571428571429,0.875
2009,2,8,8,7,14.428571428571429,0.875
2010,1,6,8,6,13.875,1.0
2010,2,6,7,6,13.714285714285714,1.0
2011,1,7,10,7,13.128,1.0
2011,2,8,13,6,13.193333333333332,0.75
2012,1,7,9,6,11.605,0.8571428571428571
2012,2,8,10,7,12.4125,0.875
2013,1,5,5,5,14.6,1.0
2013,2,5,8,5,12.0,1.0
2014,1,6,0,0,0.0,0.0
2014,2,6,0,0,0.0,0.0
2015,1,5,6,5,11.8,1.0
2015,2,5,6,5,11.6,1.0
2016,1,6,6,6,12.333333333333334,1.0
2016,2,6,6,6,12.333333333333334,1.0
2017,1,5,5,4,11.0,0.8
2017,2,5,5,0,0.0,0.0
2018,1,11,11,11,13.181818181818182,1.0
2018,2,11,11,11,12.909090909090908,1.0
2019,1,6,6,1,11.0,0.16666666666666666
2019,2,6,0,0,0.0,0.0
2020,1,6,6,6,11.833333333333334,1.0
2020,2,6,7,6,12.285714285714286,1.0
2021,1,8,8,8,12.98125,1.0
2021,2,8,8,8,12.98125,1.0
2022,1,7,10,6,11.333333333333334,0.8571428571428571
2022,2,5,6,5,11.2,1.0
2023,1,8,12,6,11.68,0.75
2023,2,8,12,6,11.68,0.75
2024,1,6,6,6,14.5,1.0
2024,2,6,7,6,13.5,1.0
2025,1,7,7,7,13.142857142857142,1.0
2025,2,7,8,7,12.857142857142858,1.0
2026,1,5,8,2,11.5,0.4
2026,2,5,7,2,10.5,0.4
2027,1,5,6,5,14.2,1.0
2027,2,5,7,5,11.8,1.0
2028,1,6,8,5,11.666666666666666,0.8333333333333334
2028,2,6,7,5,12.2,0.8333333333333334
2029,1,7,8,7,13.175,1.0
2029,2,8,8,8,14.875,1.0
2030,1,8,8,7,13.314285714285717,0.875
2030,2,8,8,7,13.314285714285717,0.875
2031,1,5,13,3,10.6,0.6
2031,2,5,12,3,10.5,0.6
2032,1,6,11,4,12.0,0.6666666666666666
2032,2,6,8,4,10.75,0.6666666666666666
2033,1,6,7,6,13.428571428571429,1.0
2033,2,6,7,6,14.142857142857142,1.0
2034,1,5,7,4,13.25,0.8
2034,2,5,8,5,15.571428571428571,1.0
2035,1,6,6,2,13.0,0.3333333333333333
2035,2,6,6,0,0.0,0.0
2036,1,6,6,6,14.333333333333334,1.0
2036,2,6,7,6,14.0,1.0
2037,1,6,0,0,0.0,0.0
2037,2,6,0,0,0.0,0.0
2038,1,6,6,6,14.0,1.0
2038,2,6,6,6,13.166666666666666,1.0
2039,1,2,2,2,12.0,1.0
2039,2,6,11,6,12.833333333333334,1.0
2040,1,6,9,5,12.333333333333334,0.8333333333333334
2040,2,6,10,5,10.6,0.8333333333333334
2041,1,6,8,5,11.8,0.8333333333333334
2041,2,6,7,5,10.4,0.8333333333333334
2042,1,8,8,7,12.791428571428572,0.875
2042,2,8,8,7,12.791428571428572,0.875
2043,1,8,8,8,11.625,1.0
2043,2,7,12,5,11.2,0.7142857142857143
2044,1,7,11,6,11.994444444444444,0.8571428571428571
2044,2,8,11,7,12.43142857142857,0.875
2045,1,6,9,5,11.6,0.8333333333333334
2045,2,6,12,5,12.2,0.8333333333333334
2046,1,5,5,0,0.0,0.0
2046,2,5,6,0,0.0,0.0
2047,1,6,8,6,13.166666666666666,1.0
2047,2,6,7,6,13.166666666666666,1.0
2048,1,8,8,7,14.1,0.875
2048,2,8,8,7,14.1,0.875
2049,1,7,8,6,12.396666666666668,0.8571428571428571
2049,2,8,9,7,12.94285714285714,0.875
2050,1,7,7,7,15.014285714285714,1.0
2050,2,8,8,8,16.0875,1.0
2051,1,0,0,0,0.0,0.0
2051,2,0,0,0,0.0,0.0
2052,1,7,8,7,14.05,1.0
2052,2,8,8,8,15.1,1.0
2053,1,7,8,7,14.85,1.0
2053,2,8,8,8,15.2,1.0
2054,1,6,10,6,13.0,1.0
2054,2,6,19,5,13.0,0.8333333333333334
2055,1,7,8,7,14.7875,1.0
2055,2,8,8,8,15.8625,1.0
2056,1,7,7,7,13.7,1.0
2056,2,8,9,7,14.671428571428574,0.875
2057,1,7,7,7,12.495714285714286,1.0
2057,2,8,9,7,12.242857142857144,0.875
2058,1,7,7,6,14.566666666666668,0.8571428571428571
2058,2,7,7,6,14.566666666666668,0.8571428571428571
2059,1,5,5,5,11.2,1.0
2059,2,5,5,4,11.25,0.8
2060,1,8,8,7,12.685714285714283,0.875
2060,2,8,8,7,12.685714285714283,0.875
2061,1,9,12,7,13.571428571428571,0.7777777777777778
2061,2,9,14,4,13.25,0.4444444444444444
2062,1,6,0,0,0.0,0.0
2062,2,6,0,0,0.0,0.0
2063,1,6,8,5,11.0,0.8333333333333334
2063,2,6,7,6,11.166666666666666,1.0
2064,1,8,8,8,14.445,1.0
2064,2,8,8,8,14.445,1.0
2065,1,6,9,5,13.6,0.8333333333333334
2065,2,6,10,4,11.75,0.6666666666666666
2066,1,12,12,11,14.0,0.9166666666666666
2066,2,10,11,8,14.625,0.8
2067,1,7,7,6,13.416666666666666,0.8571428571428571
2067,2,7,7,6,13.416666666666666,0.8571428571428571
2068,1,5,8,5,12.333333333333334,1.0
2068,2,5,7,5,11.4,1.0
2069,1,7,8,7,13.1,1.0
2069,2,8,8,8,14.8125,1.0
2070,1,6,9,4,13.2,0.6666666666666666
2070,2,6,10,5,12.8,0.8333333333333334
2071,1,8,8,8,14.75,1.0
2071,2,8,8,8,14.75,1.0
2072,1,6,7,6,13.142857142857142,1.0
2072,2,6,6,6,14.333333333333334,1.0
2073,1,6,9,4,12.5,0.6666666666666666
2073,2,6,9,5,12.5,0.8333333333333334
2074,1,5,6,4,13.75,0.8
2074,2,5,8,5,14.857142857142858,1.0
2075,1,6,11,5,12.4,0.8333333333333334
2075,2,6,7,6,13.0,1.0
2076,1,6,6,6,13.333333333333334,1.0
2076,2,6,6,6,12.0,1.0
2077,1,11,11,11,11.727272727272728,1.0
2077,2,8,8,8,12.0,1.0
2078,1,6,8,4,12.5,0.6666666666666666
2078,2,6,11,1,14.0,0.16666666666666666
2079,1,0,0,0,0.0,0.0
2079,2,0,0,0,0.0,0.0
2080,1,7,8,6,13.533333333333331,0.8571428571428571
2080,2,8,9,7,13.614285714285714,0.875
2081,1,6,6,6,13.166666666666666,1.0
2081,2,6,6,6,12.666666666666666,1.0
2082,1,6,9,5,13.2,0.8333333333333334
2082,2,6,8,5,11.0,0.8333333333333334
2083,1,6,7,5,12.2,0.8333333333333334
2083,2,6,7,4,12.6,0.6666666666666666
2084,1,7,7,7,13.428571428571429,1.0
2084,2,7,7,7,14.857142857142858,1.0
2085,1,6,8,6,12.714285714285714,1.0
2085,2,6,8,6,12.625,1.0
2086,1,6,0,0,0.0,0.0
2086,2,6,0,0,0.0,0.0
2087,1,6,6,6,13.666666666666666,1.0
2087,2,6,9,6,13.666666666666666,1.0
2088,1,6,6,5,11.0,0.8333333333333334
2088,2,6,6,6,13.166666666666666,1.0
2089,1,7,11,5,11.4,0.7142857142857143
2089,2,7,9,6,13.333333333333334,0.8571428571428571
2090,1,0,0,0,0.0,0.0
2090,2,0,0,0,0.0,0.0
2091,1,5,7,4,12.0,0.8
2091,2,5,6,5,12.0,1.0
2092,1,6,6,0,0.0,0.0
2092,2,6,0,0,0.0,0.0
2093,1,6,14,5,11.0,0.8333333333333334
2093,2,6,6,6,11.666666666666666,1.0
2094,1,6,12,5,12.0,0.8333333333333334
2094,2,6,8,6,11.571428571428571,1.0
2095,1,7,7,7,13.308571428571428,1.0
2095,2,8,10,8,12.55,1.0
2096,1,6,8,3,13.666666666666666,0.5
2096,2,6,7,3,10.666666666666666,0.5
2097,1,6,6,0,0.0,0.0
2097,2,6,9,0,0.0,0.0
2098,1,6,10,5,12.2,0.8333333333333334
2098,2,6,8,4,11.25,0.6666666666666666
2099,1,6,7,6,12.666666666666666,1.0
2099,2,6,6,6,12.833333333333334,1.0
2100,1,8,8,8,14.07125,1.0
2100,2,8,8,8,14.07125,1.0
2101,1,5,14,4,14.25,0.8
2101,2,5,9,5,13.2,1.0
2102,1,6,0,0,0.0,0.0
2102,2,2,2,0,0.0,0.0
2103,1,6,10,3,12.0,0.5
2103,2,6,8,4,10.25,0.6666666666666666
2104,1,10,18,6,11.166666666666666,0.6
2104,2,10,16,7,10.571428571428571,0.7
2105,1,6,12,2,13.0,0.3333333333333333
2105,2,6,8,5,11.6,0.8333333333333334
2106,1,0,0,0,0.0,0.0
2106,2,0,0,0,0.0,0.0
2107,1,8,8,7,14.901428571428571,0.875
2107,2,8,8,7,14.901428571428571,0.875
2108,1,7,8,7,12.65,1.0
2108,2,8,9,8,12.445555555555554,1.0
2109,1,12,12,7,11.0,0.5833333333333334
2109,2,5,5,5,10.6,1.0
2110,1,5,7,4,12.4,0.8
2110,2,5,9,5,12.666666666666666,1.0
2111,1,6,7,6,12.0,1.0
2111,2,6,7,6,12.666666666666666,1.0
2112,1,7,8,7,12.135714285714286,1.0
2112,2,8,10,7,13.328571428571427,0.875
2113,1,7,10,5,12.62,0.7142857142857143
2113,2,7,8,6,12.5,0.8571428571428571
2114,1,5,11,3,10.666666666666666,0.6
2114,2,5,11,3,11.333333333333334,0.6
2115,1,7,12,6,13.766666666666666,0.8571428571428571
2115,2,8,10,7,14.051428571428572,0.875
2116,1,8,8,8,13.11625,1.0
2116,2,8,8,8,13.11625,1.0
2117,1,5,5,0,0.0,0.0
2117,2,6,0,0,0.0,0.0
2118,1,7,9,6,12.7,0.8571428571428571
2118,2,8,8,7,13.571428571428571,0.875
2119,1,7,11,7,11.857142857142858,1.0
2119,2,8,21,5,11.7,0.625
2120,1,7,7,6,12.333333333333334,0.8571428571428571
2120,2,7,7,6,12.333333333333334,0.8571428571428571
2121,1,6,9,4,15.75,0.6666666666666666
2121,2,6,10,5,16.4,0.8333333333333334
2122,1,5,6,5,13.333333333333334,1.0
2122,2,5,6,5,13.2,1.0
2123,1,7,9,7,14.355555555555554,1.0
2123,2,8,8,8,13.49375,1.0
2124,1,6,8,6,13.0,1.0
2124,2,6,11,5,13.0,0.8333333333333334
2125,1,6,6,6,12.833333333333334,1.0
2125,2,6,6,6,13.5,1.0
2126,1,5,5,5,13.2,1.0
2126,2,5,5,4,13.0,0.8
2127,1,7,9,7,17.005555555555556,1.0
2127,2,8,9,8,16.582222222222224,1.0
2128,1,6,8,5,10.6,0.8333333333333334
2128,2,6,8,5,11.0,0.8333333333333334
2129,1,5,5,5,14.0,1.0
2129,2,5,6,5,13.6,1.0
2130,1,8,8,7,12.114285714285714,0.875
2130,2,8,8,7,12.114285714285714,0.875
2131,1,8,8,8,13.05875,1.0
2131,2,8,8,8,13.05875,1.0
2132,1,8,8,7,13.285714285714286,0.875
2132,2,8,8,7,13.285714285714286,0.875
2133,1,5,9,4,11.0,0.8
2133,2,5,8,3,10.666666666666666,0.6
2134,1,7,7,7,14.071428571428571,1.0
2134,2,8,8,8,15.1625,1.0
2135,1,6,0,0,0.0,0.0
2135,2,6,0,0,0.0,0.0
2136,1,9,9,4,11.25,0.4444444444444444
2136,2,10,12,3,11.0,0.3
2137,1,6,6,6,14.0,1.0
2137,2,6,8,6,13.625,1.0
2138,1,6,8,6,12.166666666666666,1.0
2138,2,6,11,3,11.666666666666666,0.5
2139,1,8,8,7,13.297142857142855,0.875
2139,2,8,8,7,13.297142857142855,0.875
2140,1,6,14,6,13.923076923076923,1.0
2140,2,6,9,6,14.25,1.0
2141,1,7,11,7,13.37,1.0
2141,2,8,13,7,12.833333333333334,0.875
2142,1,5,5,5,12.4,1.0
2142,2,5,8,3,11.0,0.6
2143,1,5,5,4,15.0,0.8
2143,2,5,5,4,13.75,0.8
2144,1,6,6,6,13.333333333333334,1.0
2144,2,6,7,6,12.571428571428571,1.0
2145,1,5,8,3,12.0,0.6
2145,2,5,9,4,12.625,0.8
2146,1,6,7,5,13.4,0.8333333333333334
2146,2,6,9,5,12.2,0.8333333333333334
2147,1,0,0,0,0.0,0.0
2147,2,0,0,0,0.0,0.0
2148,1,5,9,4,11.5,0.8
2148,2,5,5,5,11.4,1.0
2149,1,7,12,6,12.0,0.8571428571428571
2149,2,7,11,6,12.166666666666666,0.8571428571428571
2150,1,8,8,7,13.485714285714284,0.875
2150,2,8,8,7,13.485714285714284,0.875
2151,1,6,6,6,12.0,1.0
2151,2,6,8,6,11.285714285714286,1.0
2152,1,0,0,0,0.0,0.0
2152,2,0,0,0,0.0,0.0
2153,1,5,7,3,10.333333333333334,0.6
2153,2,5,11,3,14.428571428571429,0.6
2154,1,7,10,5,12.94,0.7142857142857143
2154,2,7,7,5,13.76,0.7142857142857143
2155,1,8,11,7,13.258571428571427,0.875
2155,2,8,11,7,13.258571428571427,0.875
2156,1,5,9,4,12.25,0.8
2156,2,5,10,4,12.0,0.8
2157,1,6,9,3,11.666666666666666,0.5
2157,2,6,15,1,10.0,0.16666666666666666
2158,1,6,7,6,13.571428571428571,1.0
2158,2,6,6,6,12.5,1.0
2159,1,6,9,5,11.8,0.8333333333333334
2159,2,6,9,5,11.833333333333334,0.8333333333333334
2160,1,5,7,5,14.2,1.0
2160,2,5,7,5,13.285714285714286,1.0
2161,1,5,8,5,11.0,1.0
2161,2,5,6,5,11.8,1.0
2162,1,7,16,4,13.625,0.5714285714285714
2162,2,7,8,7,12.6375,1.0
2163,1,8,8,7,14.652857142857142,0.875
2163,2,8,8,7,14.652857142857142,0.875
2164,1,6,9,6,11.333333333333334,1.0
2164,2,6,6,6,11.333333333333334,1.0
2165,1,7,12,4,13.7,0.5714285714285714
2165,2,7,7,0,0.0,0.0
2166,1,11,11,11,13.727272727272728,1.0
2166,2,8,8,8,14.75,1.0
2167,1,7,9,7,11.75,1.0
2167,2,8,12,7,11.142857142857142,0.875
2168,1,6,9,6,12.333333333333334,1.0
2168,2,6,11,5,13.0,0.8333333333333334
2169,1,6,6,6,14.0,1.0
2169,2,6,7,6,13.857142857142858,1.0
2170,1,5,7,4,11.5,0.8
2170,2,5,6,4,11.75,0.8
2171,1,5,6,5,11.2,1.0
2171,2,5,5,5,13.2,1.0
2172,1,8,8,7,15.07,0.875
2172,2,8,8,7,15.07,0.875
2173,1,5,6,1,10.0,0.2
2173,2,5,7,1,12.0,0.2
2174,1,5,5,4,12.0,0.8
2174,2,5,6,5,12.666666666666666,1.0
2175,1,6,11,4,13.0,0.6666666666666666
2175,2,6,11,4,12.6,0.6666666666666666
2176,1,6,7,4,11.0,0.6666666666666666
2176,2,6,7,3,11.25,0.5
2177,1,6,8,6,13.571428571428571,1.0
2177,2,6,11,5,12.166666666666666,0.8333333333333334
2178,1,6,7,5,14.6,0.8333333333333334
2178,2,6,6,5,14.2,0.8333333333333334
2179,1,7,13,3,11.833333333333334,0.42857142857142855
2179,2,7,14,2,10.0,0.2857142857142857
2180,1,7,11,7,12.625,1.0
2180,2,8,11,8,12.5125,1.0
2181,1,7,12,4,11.5,0.5714285714285714
2181,2,7,14,3,12.333333333333334,0.42857142857142855
2182,1,5,8,4,13.25,0.8
2182,2,5,10,4,10.5,0.8
2183,1,7,9,7,12.60625,1.0
2183,2,8,12,6,11.9,0.75
2184,1,10,15,8,13.75,0.8
2184,2,9,17,5,13.2,0.5555555555555556
2185,1,7,10,6,13.598333333333334,0.8571428571428571
2185,2,8,11,6,11.933333333333332,0.75
2186,1,6,11,5,11.142857142857142,0.8333333333333334
2186,2,6,8,6,12.285714285714286,1.0
2187,1,11,11,11,12.7,1.0
2187,2,10,12,10,12.96818181818182,1.0
2188,1,5,9,1,10.0,0.2
2188,2,5,10,1,11.0,0.2
2189,1,6,8,6,11.666666666666666,1.0
2189,2,6,10,4,11.5,0.6666666666666666
2190,1,6,8,6,14.0,1.0
2190,2,6,7,6,13.142857142857142,1.0
2191,1,5,9,0,0.0,0.0
2191,2,5,9,0,0.0,0.0
2192,1,8,9,7,12.04142857142857,0.875
2192,2,8,9,7,12.04142857142857,0.875
2193,1,0,0,0,0.0,0.0
2193,2,0,0,0,0.0,0.0
2194,1,13,14,13,13.76923076923077,1.0
2194,2,12,16,12,14.583333333333334,1.0
2195,1,18,20,18,15.444444444444445,1.0
2195,2,13,13,13,15.307692307692308,1.0
2196,1,7,9,6,11.5,0.8571428571428571
2196,2,7,8,7,12.714285714285714,1.0
2197,1,3,3,2,10.0,0.6666666666666666
2197,2,6,0,0,0.0,0.0
2198,1,6,8,4,12.25,0.6666666666666666
2198,2,6,13,3,10.333333333333334,0.5
2199,1,6,6,6,14.5,1.0
2199,2,6,6,6,15.166666666666666,1.0
2200,1,6,7,6,15.571428571428571,1.0
2200,2,6,8,6,16.375,1.0
2201,1,6,7,6,15.571428571428571,1.0
2201,2,6,7,6,14.714285714285714,1.0
2202,1,6,8,5,13.8,0.8333333333333334
2202,2,6,7,6,12.166666666666666,1.0
2203,1,5,8,3,10.666666666666666,0.6
2203,2,5,14,2,14.8,0.4
2204,1,6,8,5,11.6,0.8333333333333334
2204,2,6,8,4,11.75,0.6666666666666666
2205,1,6,11,1,13.0,0.16666666666666666
2205,2,6,12,0,0.0,0.0
2206,1,5,9,3,12.0,0.6
2206,2,5,11,4,13.625,0.8
2207,1,14,14,12,12.333333333333334,0.8571428571428571
2207,2,14,14,12,12.333333333333334,0.8571428571428571
2208,1,6,10,6,12.875,1.0
2208,2,6,12,6,12.9,1.0
2209,1,6,12,1,11.0,0.16666666666666666
2209,2,6,0,0,0.0,0.0
2210,1,6,10,4,12.25,0.6666666666666666
2210,2,6,13,4,10.5,0.6666666666666666
2211,1,7,7,0,0.0,0.0
2211,2,8,8,0,0.0,0.0
2212,1,6,11,4,10.75,0.6666666666666666
2212,2,6,13,5,11.5,0.8333333333333334
2213,1,8,9,8,13.63,1.0
2213,2,8,9,8,13.63,1.0
2214,1,5,8,3,13.0,0.6
2214,2,5,7,4,11.5,0.8
2215,1,7,9,6,13.533333333333331,0.8571428571428571
2215,2,7,7,7,12.228571428571428,1.0
2216,1,7,7,7,16.9,1.0
2216,2,8,9,8,16.37777777777778,1.0
2217,1,6,10,5,12.0,0.8333333333333334
2217,2,6,11,4,12.0,0.6666666666666666
2218,1,6,6,6,12.5,1.0
2218,2,6,7,6,13.285714285714286,1.0
2219,1,8,8,7,12.764285714285714,0.875
2219,2,8,8,7,12.764285714285714,0.875
2220,1,5,8,5,13.75,1.0
2220,2,5,6,5,12.166666666666666,1.0
2221,1,0,0,0,0.0,0.0
2221,2,0,0,0,0.0,0.0
2222,1,7,7,7,14.604285714285712,1.0
2222,2,8,9,8,15.68333333333333,1.0
2223,1,5,7,0,0.0,0.0
2223,2,5,7,0,0.0,0.0
2224,1,6,9,5,13.833333333333334,0.8333333333333334
2224,2,6,7,6,12.5,1.0
2225,1,8,8,8,13.57625,1.0
2225,2,8,8,8,13.57625,1.0
2226,1,6,7,6,15.142857142857142,1.0
2226,2,6,6,6,15.833333333333334,1.0
2227,1,5,8,3,10.666666666666666,0.6
2227,2,5,8,5,11.6,1.0
2228,1,6,11,5,11.2,0.8333333333333334
2228,2,6,6,6,12.0,1.0
2229,1,8,8,8,13.76375,1.0
2229,2,8,8,8,13.76375,1.0
2230,1,9,10,8,13.25,0.8888888888888888
2230,2,9,14,5,12.2,0.5555555555555556
2231,1,6,10,5,10.714285714285714,0.8333333333333334
2231,2,6,10,5,12.2,0.8333333333333334
2232,1,6,6,6,12.166666666666666,1.0
2232,2,6,7,6,11.666666666666666,1.0
2233,1,7,8,6,14.357142857142858,0.8571428571428571
2233,2,7,8,6,14.357142857142858,0.8571428571428571
2234,1,6,6,6,12.833333333333334,1.0
2234,2,6,6,6,12.666666666666666,1.0
2235,1,8,8,7,13.925714285714283,0.875
2235,2,8,8,7,13.925714285714283,0.875
2236,1,5,9,2,12.0,0.4
2236,2,5,9,3,11.0,0.6
2237,1,7,7,7,13.44285714285714,1.0
2237,2,8,9,8,13.744444444444444,1.0
2238,1,5,5,1,16.0,0.2
2238,2,5,5,0,0.0,0.0
2239,1,6,8,6,13.125,1.0
2239,2,6,10,6,13.2,1.0
2240,1,6,7,0,0.0,0.0
2240,2,6,6,0,0.0,0.0
2241,1,9,9,5,11.4,0.5555555555555556
2241,2,4,4,4,11.0,1.0
2242,1,4,12,2,11.0,0.5
2242,2,5,9,3,11.666666666666666,0.6
2243,1,5,13,1,11.0,0.2
2243,2,5,11,1,10.0,0.2
2244,1,6,14,5,13.666666666666666,0.8333333333333334
2244,2,6,10,5,13.0,0.8333333333333334
2245,1,6,10,4,11.75,0.6666666666666666
2245,2,5,6,1,10.0,0.2
2246,1,7,11,1,10.0,0.14285714285714285
2246,2,7,7,1,13.0,0.14285714285714285
2247,1,6,8,6,13.5,1.0
2247,2,6,9,6,12.833333333333334,1.0
2248,1,6,0,0,0.0,0.0
2248,2,6,0,0,0.0,0.0
2249,1,6,12,1,12.0,0.16666666666666666
2249,2,6,11,1,11.0,0.16666666666666666
2250,1,6,11,3,13.0,0.5
2250,2,6,10,5,11.8,0.8333333333333334
2251,1,6,7,6,14.833333333333334,1.0
2251,2,6,6,6,16.0,1.0
2252,1,6,6,6,11.833333333333334,1.0
2252,2,6,7,6,12.857142857142858,1.0
2253,1,6,10,5,12.0,0.8333333333333334
2253,2,6,11,5,12.333333333333334,0.8333333333333334
2254,1,6,11,4,12.75,0.6666666666666666
2254,2,6,7,6,11.333333333333334,1.0
2255,1,5,5,0,0.0,0.0
2255,2,5,7,4,14.75,0.8
2256,1,6,7,0,0.0,0.0
2256,2,6,16,1,10.0,0.16666666666666666
2257,1,6,6,6,12.0,1.0
2257,2,6,7,6,12.857142857142858,1.0
2258,1,7,9,7,11.677777777777775,1.0
2258,2,8,8,8,13.8,1.0
2259,1,8,8,7,13.6,0.875
2259,2,8,8,7,13.6,0.875
2260,1,6,7,6,16.0,1.0
2260,2,6,8,6,15.875,1.0
2261,1,6,9,5,11.8,0.8333333333333334
2261,2,6,7,6,11.5,1.0
2262,1,5,5,0,0.0,0.0
2262,2,6,7,2,14.0,0.3333333333333333
2263,1,6,0,0,0.0,0.0
2263,2,6,0,0,0.0,0.0
2264,1,6,7,6,16.142857142857142,1.0
2264,2,6,10,6,16.2,1.0
2265,1,8,8,7,11.785714285714286,0.875
2265,2,8,8,7,11.785714285714286,0.875
2266,1,8,8,8,13.42375,1.0
2266,2,8,8,8,13.42375,1.0
2267,1,6,8,6,12.5,1.0
2267,2,6,10,5,14.166666666666666,0.8333333333333334
2268,1,8,8,7,12.464285714285714,0.875
2268,2,8,8,7,12.464285714285714,0.875
2269,1,11,18,8,12.375,0.7272727272727273
2269,2,9,15,5,12.6,0.5555555555555556
2270,1,6,8,1,10.0,0.16666666666666666
2270,2,6,9,0,0.0,0.0
2271,1,6,8,5,12.6,0.8333333333333334
2271,2,6,10,6,12.428571428571429,1.0
2272,1,5,5,5,12.6,1.0
2272,2,5,6,4,12.4,0.8
2273,1,5,7,2,10.0,0.4
2273,2,5,6,4,12.0,0.8
2274,1,7,7,0,0.0,0.0
2274,2,6,0,0,0.0,0.0
2275,1,5,7,5,11.6,1.0
2275,2,5,8,5,12.333333333333334,1.0
2276,1,6,8,6,12.166666666666666,1.0
2276,2,6,6,6,13.5,1.0
2277,1,6,10,4,13.6,0.6666666666666666
2277,2,6,7,5,12.666666666666666,0.8333333333333334
2278,1,5,8,4,12.5,0.8
2278,2,5,8,5,11.8,1.0
2279,1,6,6,4,12.25,0.6666666666666666
2279,2,6,10,4,11.5,0.6666666666666666
2280,1,6,7,6,11.714285714285714,1.0
2280,2,6,8,6,12.625,1.0
2281,1,6,7,6,13.5,1.0
2281,2,6,7,6,13.0,1.0
2282,1,8,8,7,13.024285714285714,0.875
2282,2,8,8,7,13.024285714285714,0.875
2283,1,6,12,0,0.0,0.0
2283,2,6,0,0,0.0,0.0
2284,1,5,6,5,17.333333333333332,1.0
2284,2,5,8,5,18.571428571428573,1.0
2285,1,5,7,4,11.0,0.8
2285,2,5,7,4,11.5,0.8
2286,1,7,10,6,13.666666666666666,0.8571428571428571
2286,2,7,9,6,12.5,0.8571428571428571
2287,1,6,9,6,11.375,1.0
2287,2,6,6,5,13.8,0.8333333333333334
2288,1,6,6,6,12.833333333333334,1.0
2288,2,6,8,6,11.833333333333334,1.0
2289,1,6,9,5,12.6,0.8333333333333334
2289,2,6,11,4,11.5,0.6666666666666666
2290,1,7,8,6,14.333333333333334,0.8571428571428571
2290,2,8,9,7,13.771428571428572,0.875
2291,1,5,8,4,13.5,0.8
2291,2,6,10,6,13.625,1.0
2292,1,8,8,7,14.285714285714286,0.875
2292,2,8,8,7,14.285714285714286,0.875
2293,1,6,15,3,11.75,0.5
2293,2,6,12,2,10.0,0.3333333333333333
2294,1,5,5,5,14.8,1.0
2294,2,5,5,5,17.6,1.0
2295,1,6,7,0,0.0,0.0
2295,2,6,0,0,0.0,0.0
2296,1,6,14,1,10.0,0.16666666666666666
2296,2,5,5,0,0.0,0.0
2297,1,5,5,0,0.0,0.0
2297,2,5,5,0,0.0,0.0
2298,1,7,10,4,12.6,0.5714285714285714
2298,2,7,9,5,12.38,0.7142857142857143
2299,1,5,9,5,12.428571428571429,1.0
2299,2,5,7,5,11.8,1.0
2300,1,6,10,4,10.0,0.6666666666666666
2300,2,6,11,3,12.0,0.5
2301,1,5,7,3,12.333333333333334,0.6
2301,2,5,5,0,0.0,0.0
2302,1,6,0,0,0.0,0.0
2302,2,6,0,0,0.0,0.0
2303,1,0,0,0,0.0,0.0
2303,2,0,0,0,0.0,0.0
2304,1,11,12,10,12.1,0.9090909090909091
2304,2,8,9,8,13.333333333333334,1.0
2305,1,6,7,6,14.714285714285714,1.0
2305,2,6,6,6,15.0,1.0
2306,1,6,6,6,12.666666666666666,1.0
2306,2,6,7,6,12.833333333333334,1.0
2307,1,12,14,12,14.384615384615383,1.0
2307,2,10,12,10,13.3,1.0
2308,1,5,5,5,13.4,1.0
2308,2,5,6,5,12.2,1.0
2309,1,8,8,7,13.314285714285717,0.875
2309,2,8,8,7,13.314285714285717,0.875
2310,1,8,8,7,11.98857142857143,0.875
2310,2,8,8,7,11.98857142857143,0.875
2311,1,11,17,11,11.545454545454543,1.0
2311,2,9,13,8,12.88888888888889,0.8888888888888888
2312,1,6,13,6,16.46153846153846,1.0
2312,2,6,8,6,13.875,1.0
2313,1,6,7,6,13.666666666666666,1.0
2313,2,6,6,6,12.833333333333334,1.0
2314,1,7,8,7,12.65,1.0
2314,2,8,9,8,13.411111111111111,1.0
2315,1,6,7,6,12.333333333333334,1.0
2315,2,6,10,3,12.0,0.5
2316,1,7,8,6,14.37,0.8571428571428571
2316,2,8,10,7,14.65,0.875
2317,1,5,13,3,12.0,0.6
2317,2,5,8,4,11.75,0.8
2318,1,6,12,3,12.0,0.5
2318,2,6,15,3,10.666666666666666,0.5
2319,1,6,11,4,12.0,0.6666666666666666
2319,2,6,14,3,11.0,0.5
2320,1,6,10,5,12.6,0.8333333333333334
2320,2,6,7,5,11.2,0.8333333333333334
2321,1,6,6,6,12.166666666666666,1.0
2321,2,6,6,6,12.333333333333334,1.0
2322,1,7,8,6,13.5,0.8571428571428571
2322,2,7,8,6,14.0,0.8571428571428571
2323,1,8,8,8,13.76375,1.0
2323,2,8,8,8,13.76375,1.0
2324,1,7,11,6,12.4,0.8571428571428571
2324,2,7,8,6,12.8,0.8571428571428571
2325,1,5,16,4,10.666666666666666,0.8
2325,2,5,11,2,12.0,0.4
2326,1,7,7,6,14.333333333333334,0.8571428571428571
2326,2,7,7,6,14.333333333333334,0.8571428571428571
2327,1,6,12,4,12.5,0.6666666666666666
2327,2,6,13,2,12.666666666666666,0.3333333333333333
2328,1,6,14,1,10.0,0.16666666666666666
2328,2,6,13,0,0.0,0.0
2329,1,7,8,7,14.69625,1.0
2329,2,8,9,8,14.622222222222224,1.0
2330,1,6,14,4,11.5,0.6666666666666666
2330,2,6,17,3,13.75,0.5
2331,1,7,9,7,12.855555555555556,1.0
2331,2,8,8,8,13.9125,1.0
2332,1,7,7,7,13.7,1.0
2332,2,8,9,8,13.994444444444444,1.0
2333,1,5,9,0,0.0,0.0
2333,2,5,10,1,12.0,0.2
2334,1,6,13,3,11.2,0.5
2334,2,6,9,4,12.0,0.6666666666666666
2335,1,7,7,7,13.285714285714286,1.0
2335,2,8,9,8,13.333333333333334,1.0
2336,1,6,9,5,13.0,0.8333333333333334
2336,2,6,8,5,10.4,0.8333333333333334
2337,1,7,8,6,12.6,0.8571428571428571
2337,2,7,9,6,11.685714285714283,0.8571428571428571
2338,1,5,5,5,12.8,1.0
2338,2,5,5,4,12.0,0.8
2339,1,6,14,5,11.5,0.8333333333333334
2339,2,6,13,5,11.0,0.8333333333333334
2340,1,8,8,7,11.4,0.875
2340,2,8,8,7,11.4,0.875
2341,1,6,6,6,12.333333333333334,1.0
2341,2,6,8,6,11.333333333333334,1.0
2342,1,6,7,5,12.8,0.8333333333333334
2342,2,6,10,4,12.2,0.6666666666666666
2343,1,5,8,5,12.0,1.0
2343,2,5,8,4,15.0,0.8
2344,1,6,8,5,13.0,0.8333333333333334
2344,2,6,9,5,13.5,0.8333333333333334
2345,1,6,6,6,11.833333333333334,1.0
2345,2,6,8,6,11.0,1.0
2346,1,6,8,6,14.0,1.0
2346,2,6,9,6,13.333333333333334,1.0
2347,1,6,6,6,12.333333333333334,1.0
2347,2,6,6,6,13.5,1.0
2348,1,7,10,5,13.04,0.7142857142857143
2348,2,7,7,7,12.5,1.0
2349,1,11,18,11,13.166666666666666,1.0
2349,2,9,15,8,13.333333333333334,0.8888888888888888
2350,1,6,7,6,12.5,1.0
2350,2,6,11,6,12.833333333333334,1.0
2351,1,0,0,0,0.0,0.0
2351,2,0,0,0,0.0,0.0
2352,1,8,8,7,15.657142857142857,0.875
2352,2,8,8,7,15.657142857142857,0.875
2353,1,6,6,6,12.166666666666666,1.0
2353,2,6,6,6,11.333333333333334,1.0
2354,1,6,0,0,0.0,0.0
2354,2,6,0,0,0.0,0.0
2355,1,6,11,5,10.6,0.8333333333333334
2355,2,6,9,5,11.166666666666666,0.8333333333333334
2356,1,6,10,6,13.428571428571429,1.0
2356,2,6,11,5,12.666666666666666,0.8333333333333334
2357,1,6,8,4,11.75,0.6666666666666666
2357,2,6,12,0,0.0,0.0
2358,1,5,10,0,0.0,0.0
2358,2,5,5,0,0.0,0.0
2359,1,0,0,0,0.0,0.0
2359,2,0,0,0,0.0,0.0
2360,1,5,0,0,0.0,0.0
2360,2,5,0,0,0.0,0.0
2361,1,5,9,1,13.0,0.2
2361,2,5,5,0,0.0,0.0
2362,1,8,8,7,13.331428571428573,0.875
2362,2,8,8,7,13.331428571428573,0.875
2363,1,6,0,0,0.0,0.0
2363,2,6,0,0,0.0,0.0
2364,1,0,0,0,0.0,0.0
2364,2,0,0,0,0.0,0.0
2365,1,7,7,6,13.7,0.8571428571428571
2365,2,7,7,6,13.7,0.8571428571428571
2366,1,5,5,0,0.0,0.0
2366,2,5,5,0,0.0,0.0
2367,1,9,12,9,13.454545454545457,1.0
2367,2,7,9,6,13.875,0.8571428571428571
2368,1,8,8,7,12.2,0.875
2368,2,8,8,7,12.2,0.875
2369,1,5,8,3,10.0,0.6
2369,2,5,10,4,11.0,0.8
2370,1,6,7,5,13.0,0.8333333333333334
2370,2,6,7,6,12.857142857142858,1.0
2371,1,6,11,6,12.0,1.0
2371,2,6,6,6,14.0,1.0
2372,1,8,8,7,15.028571428571428,0.875
2372,2,8,8,7,15.028571428571428,0.875
2373,1,6,8,6,12.0,1.0
2373,2,6,7,6,11.714285714285714,1.0
2374,1,6,8,5,12.0,0.8333333333333334
2374,2,6,8,5,12.4,0.8333333333333334
2375,1,7,7,3,13.666666666666666,0.42857142857142855
2375,2,8,8,3,11.333333333333334,0.375
2376,1,0,0,0,0.0,0.0
2376,2,0,0,0,0.0,0.0
2377,1,5,6,5,12.0,1.0
2377,2,5,7,4,12.5,0.8
2378,1,0,0,0,0.0,0.0
2378,2,0,0,0,0.0,0.0
2379,1,6,6,1,14.0,0.16666666666666666
2379,2,6,7,0,0.0,0.0
2380,1,6,6,0,0.0,0.0
2380,2,6,7,0,0.0,0.0
2381,1,7,8,7,12.375,1.0
2381,2,7,11,5,12.583333333333334,0.7142857142857143
2382,1,7,0,0,0.0,0.0
2382,2,8,0,0,0.0,0.0
2383,1,18,21,18,11.421052631578949,1.0
2383,2,13,16,13,11.076923076923077,1.0
2384,1,7,7,6,13.35,0.8571428571428571
2384,2,7,7,6,13.35,0.8571428571428571
2385,1,6,6,6,15.0,1.0
2385,2,6,6,2,16.0,0.3333333333333333
2386,1,5,9,2,10.5,0.4
2386,2,5,5,0,0.0,0.0
2387,1,6,0,0,0.0,0.0
2387,2,4,6,0,0.0,0.0
2388,1,5,8,5,13.25,1.0
2388,2,5,6,5,11.833333333333334,1.0
2389,1,5,10,0,0.0,0.0
2389,2,5,5,0,0.0,0.0
2390,1,5,7,4,11.5,0.8
2390,2,5,15,3,10.6,0.6
2391,1,8,8,8,13.88125,1.0
2391,2,8,8,8,13.88125,1.0
2392,1,6,8,6,11.333333333333334,1.0
2392,2,6,8,5,12.6,0.8333333333333334
2393,1,0,0,0,0.0,0.0
2393,2,0,0,0,0.0,0.0
2394,1,6,7,6,12.857142857142858,1.0
2394,2,6,7,6,13.666666666666666,1.0
2395,1,6,6,5,11.6,0.8333333333333334
2395,2,6,6,6,12.5,1.0
2396,1,6,9,5,11.4,0.8333333333333334
2396,2,6,6,6,11.333333333333334,1.0
2397,1,6,11,6,13.333333333333334,1.0
2397,2,6,10,6,13.0,1.0
2398,1,7,7,7,13.571428571428571,1.0
2398,2,9,9,9,13.77777777777778,1.0
2399,1,7,13,6,11.833333333333334,0.8571428571428571
2399,2,7,8,7,12.228571428571428,1.0
2400,1,7,7,7,14.428571428571429,1.0
2400,2,7,7,7,14.142857142857142,1.0
2401,1,0,0,0,0.0,0.0
2401,2,0,0,0,0.0,0.0
2402,1,6,8,6,12.285714285714286,1.0
2402,2,6,9,5,12.4,0.8333333333333334
2403,1,5,7,5,14.4,1.0
2403,2,5,5,5,13.8,1.0
2404,1,7,8,7,13.15,1.0
2404,2,8,9,8,15.06875,1.0
2405,1,5,6,0,0.0,0.0
2405,2,5,5,0,0.0,0.0
2406,1,5,5,0,0.0,0.0
2406,2,6,8,0,0.0,0.0
2407,1,8,8,7,12.342857142857143,0.875
2407,2,8,8,7,12.342857142857143,0.875
2408,1,6,6,5,12.2,0.8333333333333334
2408,2,6,7,5,10.8,0.8333333333333334
2409,1,6,10,4,10.5,0.6666666666666666
2409,2,6,14,1,11.0,0.16666666666666666
2410,1,5,5,5,10.6,1.0
2410,2,5,8,5,11.6,1.0
2411,1,6,6,0,0.0,0.0
2411,2,6,6,0,0.0,0.0
2412,1,6,8,4,11.25,0.6666666666666666
2412,2,6,6,6,12.0,1.0
2413,1,9,11,6,10.5,0.6666666666666666
2413,2,10,10,10,11.7,1.0
2414,1,6,11,4,11.0,0.6666666666666666
2414,2,6,11,3,11.666666666666666,0.5
2415,1,7,7,7,13.457142857142856,1.0
2415,2,8,8,8,14.5125,1.0
2416,1,5,6,5,12.6,1.0
2416,2,5,8,4,12.333333333333334,0.8
2417,1,6,0,0,0.0,0.0
2417,2,6,0,0,0.0,0.0
2418,1,6,6,6,13.666666666666666,1.0
2418,2,6,8,5,13.6,0.8333333333333334
2419,1,5,5,5,11.6,1.0
2419,2,5,5,5,11.8,1.0
2420,1,6,9,6,12.571428571428571,1.0
2420,2,6,10,5,12.833333333333334,0.8333333333333334
2421,1,6,7,5,11.8,0.8333333333333334
2421,2,6,7,5,11.4,0.8333333333333334
2422,1,5,5,5,11.6,1.0
2422,2,5,11,3,12.666666666666666,0.6
2423,1,6,8,6,11.333333333333334,1.0
2423,2,6,6,6,11.833333333333334,1.0
2424,1,6,6,6,10.666666666666666,1.0
2424,2,6,6,6,11.5,1.0
2425,1,5,10,4,13.5,0.8
2425,2,5,5,5,13.4,1.0
2426,1,0,0,0,0.0,0.0
2426,2,0,0,0,0.0,0.0
2427,1,6,9,6,13.333333333333334,1.0
2427,2,6,9,4,11.5,0.6666666666666666
2428,1,6,9,5,13.4,0.8333333333333334
2428,2,6,16,2,13.5,0.3333333333333333
2429,1,6,8,3,10.2,0.5
2429,2,6,13,4,12.25,0.6666666666666666
2430,1,6,6,5,13.0,0.8333333333333334
2430,2,6,7,6,12.833333333333334,1.0
2431,1,8,11,7,12.90857142857143,0.875
2431,2,8,11,7,12.90857142857143,0.875
2432,1,6,12,4,12.0,0.6666666666666666
2432,2,6,11,1,10.0,0.16666666666666666
2433,1,6,9,6,10.833333333333334,1.0
2433,2,6,8,5,11.0,0.8333333333333334
2434,1,6,6,6,15.333333333333334,1.0
2434,2,6,9,6,15.833333333333334,1.0
2435,1,7,9,6,12.816666666666668,0.8571428571428571
2435,2,8,11,6,12.875,0.75
2436,1,7,7,6,13.0,0.8571428571428571
2436,2,6,6,2,14.0,0.3333333333333333
2437,1,6,11,2,13.5,0.3333333333333333
2437,2,5,11,2,11.0,0.4
2438,1,6,7,6,12.5,1.0
2438,2,6,6,6,12.166666666666666,1.0
2439,1,6,7,6,13.0,1.0
2439,2,6,6,6,14.333333333333334,1.0
2440,1,5,6,4,11.75,0.8
2440,2,5,10,5,12.571428571428571,1.0
2441,1,5,5,4,12.5,0.8
2441,2,5,5,4,14.25,0.8
2442,1,17,19,17,11.61111111111111,1.0
2442,2,17,22,17,12.055555555555555,1.0
2443,1,6,6,6,14.0,1.0
2443,2,6,6,6,14.666666666666666,1.0
2444,1,6,8,0,0.0,0.0
2444,2,6,10,0,0.0,0.0
2445,1,5,5,5,13.8,1.0
2445,2,5,6,5,13.833333333333334,1.0
2446,1,5,6,0,0.0,0.0
2446,2,5,5,0,0.0,0.0
2447,1,0,0,0,0.0,0.0
2447,2,0,0,0,0.0,0.0
2448,1,5,9,4,12.25,0.8
2448,2,5,9,3,12.333333333333334,0.6
2449,1,6,12,3,11.5,0.5
2449,2,6,12,3,13.666666666666666,0.5
2450,1,7,9,6,12.571428571428571,0.8571428571428571
2450,2,9,9,9,12.555555555555555,1.0
2451,1,6,9,6,12.0,1.0
2451,2,6,10,5,12.166666666666666,0.8333333333333334
2452,1,12,17,11,12.0,0.9166666666666666
2452,2,12,21,12,12.307692307692308,1.0
2453,1,0,0,0,0.0,0.0
2453,2,0,0,0,0.0,0.0
2454,1,7,9,6,12.0,0.8571428571428571
2454,2,6,6,6,11.166666666666666,1.0
2455,1,5,9,4,11.6,0.8
2455,2,5,7,4,12.25,0.8
2456,1,5,5,0,0.0,0.0
2456,2,5,5,0,0.0,0.0
2457,1,5,9,5,12.0,1.0
2457,2,5,9,4,13.0,0.8
2458,1,7,8,6,13.976666666666668,0.8571428571428571
2458,2,8,12,6,12.041666666666666,0.75
2459,1,6,10,4,12.5,0.6666666666666666
2459,2,6,12,1,10.0,0.16666666666666666
2460,1,5,5,0,0.0,0.0
2460,2,5,0,0,0.0,0.0
2461,1,6,15,4,10.5,0.6666666666666666
2461,2,6,16,4,12.5,0.6666666666666666
2462,1,6,8,5,12.857142857142858,0.8333333333333334
2462,2,6,11,6,12.3,1.0
2463,1,5,7,3,11.666666666666666,0.6
2463,2,5,5,4,12.0,0.8
2464,1,5,7,2,13.0,0.4
2464,2,5,11,1,10.0,0.2
2465,1,6,8,6,11.833333333333334,1.0
2465,2,6,9,5,10.4,0.8333333333333334
2466,1,11,11,11,12.454545454545457,1.0
2466,2,11,17,8,12.75,0.7272727272727273
2467,1,5,6,3,11.0,0.6
2467,2,5,6,0,0.0,0.0
2468,1,5,10,4,13.2,0.8
2468,2,5,7,4,14.25,0.8
2469,1,6,6,6,15.5,1.0
2469,2,6,6,6,14.166666666666666,1.0
2470,1,6,8,6,12.333333333333334,1.0
2470,2,6,6,6,13.666666666666666,1.0
2471,1,5,13,5,12.0,1.0
2471,2,5,9,4,11.4,0.8
2472,1,6,12,4,11.6,0.6666666666666666
2472,2,6,11,5,11.5,0.8333333333333334
2473,1,6,7,6,11.333333333333334,1.0
2473,2,6,8,6,12.285714285714286,1.0
2474,1,6,12,0,0.0,0.0
2474,2,6,0,0,0.0,0.0
2475,1,5,7,4,12.0,0.8
2475,2,5,8,2,12.5,0.4
2476,1,5,11,4,12.0,0.8
2476,2,5,9,5,12.6,1.0
2477,1,5,11,2,12.5,0.4
2477,2,5,9,2,11.5,0.4
2478,1,12,12,12,13.666666666666666,1.0
2478,2,11,16,11,13.0,1.0
2479,1,6,17,2,14.5,0.3333333333333333
2479,2,6,13,0,0.0,0.0
2480,1,6,10,4,13.2,0.6666666666666666
2480,2,6,8,0,0.0,0.0
2481,1,7,11,5,12.166666666666666,0.7142857142857143
2481,2,8,14,5,14.8,0.625
2482,1,6,10,4,11.25,0.6666666666666666
2482,2,6,6,6,11.333333333333334,1.0
2483,1,6,8,6,15.166666666666666,1.0
2483,2,6,7,6,14.428571428571429,1.0
2484,1,6,8,6,11.166666666666666,1.0
2484,2,6,7,4,13.4,0.6666666666666666
2485,1,7,8,6,10.983333333333334,0.8571428571428571
2485,2,7,8,6,10.983333333333334,0.8571428571428571
2486,1,6,8,4,10.75,0.6666666666666666
2486,2,6,11,5,11.5,0.8333333333333334
2487,1,12,15,11,13.384615384615383,0.9166666666666666
2487,2,9,13,7,14.285714285714286,0.7777777777777778
2488,1,6,8,6,11.285714285714286,1.0
2488,2,6,10,5,12.2,0.8333333333333334
2489,1,6,13,0,0.0,0.0
2489,2,6,6,0,0.0,0.0
2490,1,5,7,4,13.0,0.8
2490,2,5,9,5,14.833333333333334,1.0
2491,1,6,9,6,16.11111111111111,1.0
2491,2,6,7,6,13.5,1.0
2492,1,6,8,6,11.5,1.0
2492,2,6,8,6,11.0,1.0
2493,1,6,15,4,10.75,0.6666666666666666
2493,2,6,12,2,10.5,0.3333333333333333
2494,1,6,10,4,11.6,0.6666666666666666
2494,2,6,8,5,13.0,0.8333333333333334
2495,1,7,21,0,0.0,0.0
2495,2,7,7,0,0.0,0.0
2496,1,5,5,5,13.8,1.0
2496,2,5,7,5,14.142857142857142,1.0
2497,1,7,8,7,13.585714285714284,1.0
2497,2,8,8,8,14.6875,1.0
2498,1,6,8,6,13.857142857142858,1.0
2498,2,6,8,5,13.0,0.8333333333333334
2499,1,6,12,5,12.0,0.8333333333333334
2499,2,6,10,6,12.333333333333334,1.0
2500,1,6,9,6,13.444444444444445,1.0
2500,2,6,9,5,12.6,0.8333333333333334
2501,1,6,6,6,14.0,1.0
2501,2,6,7,6,13.857142857142858,1.0
2502,1,6,10,1,12.0,0.16666666666666666
2502,2,6,0,0,0.0,0.0
2503,1,5,5,5,14.2,1.0
2503,2,5,6,5,13.833333333333334,1.0
2504,1,7,11,5,13.34,0.7142857142857143
2504,2,7,9,5,10.84,0.7142857142857143
2505,1,8,12,7,12.457142857142856,0.875
2505,2,8,12,7,12.457142857142856,0.875
2506,1,6,12,3,11.0,0.5
2506,2,6,12,3,12.0,0.5
2507,1,5,13,4,10.5,0.8
2507,2,5,10,4,10.5,0.8
2508,1,0,0,0,0.0,0.0
2508,2,0,0,0,0.0,0.0
2509,1,13,13,13,14.0,1.0
2509,2,12,13,12,13.0,1.0
2510,1,7,0,0,0.0,0.0
2510,2,8,0,0,0.0,0.0
2511,1,1,1,0,0.0,0.0
2511,2,6,0,0,0.0,0.0
2512,1,5,8,4,10.0,0.8
2512,2,5,8,4,12.5,0.8
2513,1,0,0,0,0.0,0.0
2513,2,0,0,0,0.0,0.0
2514,1,6,6,6,13.5,1.0
2514,2,6,6,6,14.333333333333334,1.0
2515,1,7,0,0,0.0,0.0
2515,2,8,0,0,0.0,0.0
2516,1,17,18,17,13.38888888888889,1.0
2516,2,17,18,17,14.88888888888889,1.0
2517,1,7,0,0,0.0,0.0
2517,2,8,0,0,0.0,0.0
2518,1,12,12,12,13.583333333333334,1.0
2518,2,11,12,11,13.583333333333334,1.0
2519,1,0,0,0,0.0,0.0
2519,2,0,0,0,0.0,0.0
2520,1,5,5,0,0.0,0.0
2520,2,5,5,0,0.0,0.0
2521,1,5,9,1,10.0,0.2
2521,2,5,5,0,0.0,0.0
2522,1,5,5,5,15.2,1.0
2522,2,5,5,5,15.2,1.0
2523,1,6,12,4,12.8,0.6666666666666666
2523,2,6,17,0,0.0,0.0
2524,1,5,7,5,11.166666666666666,1.0
2524,2,5,5,4,11.0,0.8
2525,1,0,0,0,0.0,0.0
2525,2,0,0,0,0.0,0.0
2526,1,8,9,7,12.828571428571427,0.875
2526,2,8,9,7,12.828571428571427,0.875
2527,1,6,6,6,12.5,1.0
2527,2,6,10,4,12.6,0.6666666666666666
2528,1,5,12,3,10.0,0.6
2528,2,5,10,3,12.4,0.6
2529,1,6,6,6,11.5,1.0
2529,2,6,10,4,13.25,0.6666666666666666
2530,1,8,11,7,11.328571428571427,0.875
2530,2,8,11,7,11.328571428571427,0.875
2531,1,6,15,2,13.0,0.3333333333333333
2531,2,6,13,3,13.0,0.5
2532,1,7,7,6,13.033333333333331,0.8571428571428571
2532,2,7,7,6,13.033333333333331,0.8571428571428571
2533,1,6,8,6,12.166666666666666,1.0
2533,2,6,7,4,11.75,0.6666666666666666
2534,1,5,6,4,14.5,0.8
2534,2,5,10,3,16.2,0.6
2535,1,5,7,5,14.4,1.0
2535,2,5,5,5,13.6,1.0
2536,1,6,10,4,12.25,0.6666666666666666
2536,2,7,9,6,12.5,0.8571428571428571
2537,1,7,14,0,0.0,0.0
2537,2,7,14,0,0.0,0.0
2538,1,6,6,6,12.666666666666666,1.0
2538,2,6,6,6,12.0,1.0
2539,1,6,14,2,12.0,0.3333333333333333
2539,2,6,14,3,11.666666666666666,0.5
2540,1,5,6,0,0.0,0.0
2540,2,5,5,0,0.0,0.0
2541,1,5,5,3,11.666666666666666,0.6
2541,2,5,10,4,10.8,0.8
2542,1,6,0,0,0.0,0.0
2542,2,6,0,0,0.0,0.0
2543,1,5,12,1,10.0,0.2
2543,2,5,10,0,0.0,0.0
2544,1,7,8,0,0.0,0.0
2544,2,6,9,0,0.0,0.0
2545,1,6,11,4,12.25,0.6666666666666666
2545,2,6,16,3,12.0,0.5
2546,1,6,10,4,12.0,0.6666666666666666
2546,2,6,6,6,12.5,1.0
2547,1,6,7,5,12.6,0.8333333333333334
2547,2,6,6,5,11.8,0.8333333333333334
2548,1,5,5,0,0.0,0.0
2548,2,5,5,0,0.0,0.0
2549,1,5,5,0,0.0,0.0
2549,2,5,10,0,0.0,0.0
2550,1,8,8,0,0.0,0.0
2550,2,8,8,0,0.0,0.0
2551,1,16,16,16,12.6875,1.0
2551,2,13,13,13,12.0,1.0
2552,1,13,22,10,10.4,0.7692307692307693
2552,2,9,18,6,10.666666666666666,0.6666666666666666
2553,1,15,26,14,10.466666666666669,0.9333333333333333
2553,2,12,16,12,10.923076923076923,1.0
2554,1,5,10,5,14.333333333333334,1.0
2554,2,5,8,5,13.0,1.0
2555,1,7,7,6,14.666666666666666,0.8571428571428571
2555,2,6,7,6,14.333333333333334,1.0
2556,1,7,7,7,12.835714285714284,1.0
2556,2,8,8,8,14.23125,1.0
2557,1,5,5,0,0.0,0.0
2557,2,5,0,0,0.0,0.0
2558,1,5,9,0,0.0,0.0
2558,2,5,5,0,0.0,0.0
2559,1,0,0,0,0.0,0.0
2559,2,0,0,0,0.0,0.0
2560,1,8,8,8,13.24875,1.0
2560,2,8,8,8,13.24875,1.0
2561,1,7,10,7,12.857142857142858,1.0
2561,2,7,7,4,12.75,0.5714285714285714
2562,1,6,12,5,13.6,0.8333333333333334
2562,2,6,10,4,14.25,0.6666666666666666
2563,1,5,6,3,14.0,0.6
2563,2,5,8,5,12.4,1.0
2564,1,6,11,3,12.0,0.5
2564,2,6,11,2,11.0,0.3333333333333333
2565,1,6,9,6,13.166666666666666,1.0
2565,2,6,8,4,14.0,0.6666666666666666
2566,1,6,8,6,13.625,1.0
2566,2,6,7,6,12.166666666666666,1.0
2567,1,7,8,7,14.85,1.0
2567,2,8,9,8,15.61111111111111,1.0
2568,1,5,9,4,10.75,0.8
2568,2,5,6,5,11.4,1.0
2569,1,7,11,0,0.0,0.0
2569,2,7,11,2,11.666666666666666,0.2857142857142857
2570,1,6,0,0,0.0,0.0
2570,2,6,0,0,0.0,0.0
2571,1,12,14,12,14.0,1.0
2571,2,7,12,7,13.857142857142858,1.0
2572,1,6,8,0,0.0,0.0
2572,2,6,10,0,0.0,0.0
2573,1,5,5,0,0.0,0.0
2573,2,5,5,0,0.0,0.0
2574,1,6,17,5,13.0,0.8333333333333334
2574,2,6,11,4,11.75,0.6666666666666666
2575,1,8,12,8,12.375,1.0
2575,2,9,11,5,12.4,0.5555555555555556
2576,1,0,0,0,0.0,0.0
2576,2,0,0,0,0.0,0.0
2577,1,6,10,5,11.4,0.8333333333333334
2577,2,6,9,4,13.75,0.6666666666666666
2578,1,5,9,4,11.25,0.8
2578,2,5,7,4,13.0,0.8
2579,1,5,7,3,13.0,0.6
2579,2,5,8,3,12.0,0.6
2580,1,0,0,0,0.0,0.0
2580,2,0,0,0,0.0,0.0
2581,1,6,6,6,13.5,1.0
2581,2,6,6,6,14.166666666666666,1.0
2582,1,6,11,1,11.0,0.16666666666666666
2582,2,6,11,4,11.0,0.6666666666666666
2583,1,5,9,0,0.0,0.0
2583,2,5,10,1,11.0,0.2
2584,1,6,9,5,12.0,0.8333333333333334
2584,2,6,8,5,11.2,0.8333333333333334
2585,1,6,8,5,13.0,0.8333333333333334
2585,2,6,7,6,13.0,1.0
2586,1,0,0,0,0.0,0.0
2586,2,0,0,0,0.0,0.0
2587,1,5,8,4,12.0,0.8
2587,2,5,8,4,12.25,0.8
2588,1,5,10,5,11.166666666666666,1.0
2588,2,5,10,3,10.8,0.6
2589,1,6,13,2,10.5,0.3333333333333333
2589,2,6,11,1,12.0,0.16666666666666666
2590,1,6,7,6,12.666666666666666,1.0
2590,2,6,6,6,12.166666666666666,1.0
2591,1,6,6,1,11.0,0.16666666666666666
2591,2,6,8,0,0.0,0.0
2592,1,0,0,0,0.0,0.0
2592,2,0,0,0,0.0,0.0
2593,1,5,6,4,11.5,0.8
2593,2,5,12,2,10.333333333333334,0.4
2594,1,0,0,0,0.0,0.0
2594,2,0,0,0,0.0,0.0
2595,1,5,10,2,10.5,0.4
2595,2,5,5,4,11.75,0.8
2596,1,5,8,4,12.5,0.8
2596,2,5,6,4,11.0,0.8
2597,1,7,9,6,12.833333333333334,0.8571428571428571
2597,2,8,12,6,12.5,0.75
2598,1,6,7,6,15.571428571428571,1.0
2598,2,6,7,6,16.142857142857142,1.0
2599,1,6,10,4,12.0,0.6666666666666666
2599,2,6,7,5,11.8,0.8333333333333334
2600,1,6,6,4,11.25,0.6666666666666666
2600,2,6,6,3,11.333333333333334,0.5
2601,1,0,0,0,0.0,0.0
2601,2,0,0,0,0.0,0.0
2602,1,6,10,6,12.285714285714286,1.0
2602,2,6,11,4,14.25,0.6666666666666666
2603,1,6,12,5,11.0,0.8333333333333334
2603,2,6,11,3,10.333333333333334,0.5
2604,1,6,8,6,12.142857142857142,1.0
2604,2,6,11,5,13.6,0.8333333333333334
2605,1,6,11,2,11.5,0.3333333333333333
2605,2,6,7,0,0.0,0.0
2606,1,12,16,11,12.545454545454543,0.9166666666666666
2606,2,10,12,8,11.625,0.8
2607,1,6,10,4,13.0,0.6666666666666666
2607,2,6,6,6,13.0,1.0
2608,1,8,9,8,12.8875,1.0
2608,2,8,9,8,12.8875,1.0
2609,1,6,6,6,12.666666666666666,1.0
2609,2,6,7,5,13.6,0.8333333333333334
2610,1,6,7,6,12.833333333333334,1.0
2610,2,6,7,6,12.571428571428571,1.0
2611,1,5,10,3,10.666666666666666,0.6
2611,2,5,11,2,12.5,0.4
2612,1,5,11,5,13.0,1.0
2612,2,5,7,5,12.4,1.0
2613,1,7,11,6,11.983333333333334,0.8571428571428571
2613,2,8,12,8,12.28125,1.0
2614,1,5,9,0,0.0,0.0
2614,2,5,5,0,0.0,0.0
2615,1,6,6,6,11.833333333333334,1.0
2615,2,6,6,6,11.5,1.0
2616,1,6,21,3,12.666666666666666,0.5
2616,2,6,15,2,11.0,0.3333333333333333
2617,1,5,9,4,13.75,0.8
2617,2,5,8,4,14.5,0.8
2618,1,6,8,5,11.4,0.8333333333333334
2618,2,6,8,5,11.8,0.8333333333333334
2619,1,6,8,6,13.166666666666666,1.0
2619,2,6,6,6,13.0,1.0
2620,1,7,10,6,12.833333333333334,0.8571428571428571
2620,2,8,8,5,11.8,0.625
2621,1,6,8,6,14.125,1.0
2621,2,6,10,5,14.5,0.8333333333333334
2622,1,5,10,3,11.666666666666666,0.6
2622,2,5,5,5,13.0,1.0
2623,1,7,18,6,10.25,0.8571428571428571
2623,2,7,14,4,11.25,0.5714285714285714
2624,1,7,16,6,12.514285714285716,0.8571428571428571
2624,2,7,15,4,11.75,0.5714285714285714
2625,1,13,17,10,11.5,0.7692307692307693
2625,2,13,18,9,10.444444444444445,0.6923076923076923
2626,1,5,5,1,10.0,0.2
2626,2,5,5,0,0.0,0.0
2627,1,6,7,6,15.714285714285714,1.0
2627,2,6,17,5,12.77777777777778,0.8333333333333334
2628,1,6,9,4,12.5,0.6666666666666666
2628,2,7,7,4,11.0,0.5714285714285714
2629,1,5,6,3,12.0,0.6
2629,2,5,5,4,12.75,0.8
2630,1,5,11,0,0.0,0.0
2630,2,5,5,0,0.0,0.0
2631,1,5,9,4,12.25,0.8
2631,2,5,8,4,11.75,0.8
2632,1,4,5,0,0.0,0.0
2632,2,4,4,0,0.0,0.0
2633,1,5,5,5,13.6,1.0
2633,2,5,5,5,14.2,1.0
2634,1,13,14,13,13.307692307692308,1.0
2634,2,11,12,11,12.818181818181818,1.0
2635,1,5,6,5,12.2,1.0
2635,2,5,9,5,11.8,1.0
2636,1,6,7,6,12.285714285714286,1.0
2636,2,6,7,6,13.333333333333334,1.0
2637,1,5,12,3,12.0,0.6
2637,2,5,8,4,13.0,0.8
2638,1,7,9,6,13.342857142857143,0.8571428571428571
2638,2,8,10,7,11.65,0.875
2639,1,5,5,0,0.0,0.0
2639,2,5,5,0,0.0,0.0
2640,1,12,12,11,14.272727272727272,0.9166666666666666
2640,2,12,12,11,14.818181818181818,0.9166666666666666
2641,1,7,9,7,12.1375,1.0
2641,2,8,9,8,12.91111111111111,1.0
2642,1,6,7,6,14.166666666666666,1.0
2642,2,6,7,6,14.857142857142858,1.0
2643,1,7,7,7,13.528571428571428,1.0
2643,2,8,9,8,14.655555555555557,1.0
2644,1,6,8,5,12.0,0.8333333333333334
2644,2,6,8,6,11.0,1.0
2645,1,5,5,5,11.4,1.0
2645,2,6,11,1,11.0,0.16666666666666666
2646,1,0,0,0,0.0,0.0
2646,2,0,0,0,0.0,0.0
2647,1,12,12,12,12.916666666666666,1.0
2647,2,11,16,11,14.5,1.0
2648,1,7,8,7,13.6375,1.0
2648,2,8,8,8,14.3875,1.0
2649,1,7,10,7,12.9,1.0
2649,2,8,15,7,12.142857142857142,0.875
2650,1,8,8,7,14.36,0.875
2650,2,8,8,7,14.36,0.875
2651,1,8,8,7,14.514285714285714,0.875
2651,2,8,8,7,14.514285714285714,0.875
2652,1,8,8,7,14.7,0.875
2652,2,8,8,7,14.7,0.875
2653,1,5,5,5,15.2,1.0
2653,2,5,6,5,14.0,1.0
2654,1,7,7,7,13.0,1.0
2654,2,8,8,8,15.0625,1.0
2655,1,6,6,6,13.5,1.0
2655,2,6,6,0,0.0,0.0
2656,1,5,11,5,12.333333333333334,1.0
2656,2,5,7,5,12.6,1.0
2657,1,5,6,5,13.4,1.0
2657,2,5,6,5,13.0,1.0
2658,1,5,7,4,11.75,0.8
2658,2,5,9,2,10.5,0.4
2659,1,0,0,0,0.0,0.0
2659,2,0,0,0,0.0,0.0
2660,1,0,0,0,0.0,0.0
2660,2,0,0,0,0.0,0.0
2661,1,12,17,11,14.727272727272728,0.9166666666666666
2661,2,9,10,7,14.142857142857142,0.7777777777777778
2662,1,6,7,6,16.571428571428573,1.0
2662,2,6,6,6,15.666666666666666,1.0
2663,1,7,10,7,15.145,1.0
2663,2,8,8,8,15.7425,1.0
2664,1,7,7,7,13.44285714285714,1.0
2664,2,8,8,8,15.075,1.0
2665,1,5,8,5,14.166666666666666,1.0
2665,2,5,6,4,11.75,0.8
2666,1,6,7,6,14.0,1.0
2666,2,6,7,5,15.0,0.8333333333333334
2667,1,6,9,6,11.333333333333334,1.0
2667,2,6,6,6,12.333333333333334,1.0
2668,1,8,8,8,13.76125,1.0
2668,2,8,8,8,13.76125,1.0
2669,1,7,9,5,11.6,0.7142857142857143
2669,2,9,9,5,10.0,0.5555555555555556
2670,1,6,7,4,12.75,0.6666666666666666
2670,2,6,8,5,13.0,0.8333333333333334
2671,1,5,12,4,12.5,0.8
2671,2,5,10,4,11.0,0.8
2672,1,6,13,6,15.307692307692308,1.0
2672,2,6,9,6,14.0,1.0
2673,1,6,12,5,13.285714285714286,0.8333333333333334
2673,2,6,10,4,12.0,0.6666666666666666
2674,1,7,7,7,14.757142857142856,1.0
2674,2,8,9,8,14.077777777777778,1.0
2675,1,7,7,6,12.766666666666666,0.8571428571428571
2675,2,7,7,6,12.766666666666666,0.8571428571428571
2676,1,5,5,5,10.4,1.0
2676,2,6,13,0,0.0,0.0
2677,1,7,0,0,0.0,0.0
2677,2,7,0,0,0.0,0.0
2678,1,5,10,4,10.5,0.8
2678,2,5,6,5,12.6,1.0
2679,1,5,6,4,14.25,0.8
2679,2,5,6,5,13.4,1.0
2680,1,7,11,3,11.916666666666666,0.42857142857142855
2680,2,7,17,0,0.0,0.0
2681,1,5,10,3,10.666666666666666,0.6
2681,2,5,9,2,14.0,0.4
2682,1,6,11,4,12.25,0.6666666666666666
2682,2,6,10,3,12.666666666666666,0.5
2683,1,5,5,4,12.0,0.8
2683,2,5,6,5,11.6,1.0
2684,1,5,7,3,11.0,0.6
2684,2,5,5,4,12.75,0.8
2685,1,6,6,6,14.166666666666666,1.0
2685,2,6,8,5,13.0,0.8333333333333334
2686,1,6,6,6,14.666666666666666,1.0
2686,2,6,6,6,15.0,1.0
2687,1,5,11,0,0.0,0.0
2687,2,5,10,5,12.285714285714286,1.0
2688,1,7,8,3,12.666666666666666,0.42857142857142855
2688,2,5,5,0,0.0,0.0
2689,1,0,0,0,0.0,0.0
2689,2,0,0,0,0.0,0.0
2690,1,0,0,0,0.0,0.0
2690,2,0,0,0,0.0,0.0
2691,1,5,0,0,0.0,0.0
2691,2,5,0,0,0.0,0.0
2692,1,6,0,0,0.0,0.0
2692,2,6,0,0,0.0,0.0
2693,1,7,7,7,13.7,1.0
2693,2,8,9,8,14.022222222222222,1.0
2694,1,5,7,5,11.8,1.0
2694,2,5,8,4,12.4,0.8
2695,1,5,0,0,0.0,0.0
2695,2,5,0,0,0.0,0.0
2696,1,6,6,6,13.333333333333334,1.0
2696,2,6,7,6,13.285714285714286,1.0
2697,1,6,7,5,11.4,0.8333333333333334
2697,2,6,6,6,12.166666666666666,1.0
2698,1,5,5,0,0.0,0.0
2698,2,5,5,0,0.0,0.0
2699,1,7,7,7,16.142857142857142,1.0
2699,2,8,9,0,0.0,0.0
2700,1,8,8,0,0.0,0.0
2700,2,8,8,0,0.0,0.0
2701,1,8,8,8,15.63375,1.0
2701,2,8,8,8,15.63375,1.0
2702,1,6,6,6,13.666666666666666,1.0
2702,2,6,6,6,14.5,1.0
2703,1,6,0,0,0.0,0.0
2703,2,6,0,0,0.0,0.0
2704,1,6,8,6,12.5,1.0
2704,2,6,7,6,11.5,1.0
2705,1,6,8,6,12.285714285714286,1.0
2705,2,6,6,6,13.0,1.0
2706,1,5,10,2,14.0,0.4
2706,2,5,7,3,11.0,0.6
2707,1,0,0,0,0.0,0.0
2707,2,0,0,0,0.0,0.0
2708,1,5,5,4,10.75,0.8
2708,2,5,6,4,12.25,0.8
2709,1,7,14,4,12.95,0.5714285714285714
2709,2,7,11,4,13.125,0.5714285714285714
2710,1,7,7,6,12.45,0.8571428571428571
2710,2,7,7,6,12.45,0.8571428571428571
2711,1,6,12,4,12.25,0.6666666666666666
2711,2,7,9,7,12.0,1.0
2712,1,8,8,8,13.38125,1.0
2712,2,8,8,8,13.38125,1.0
2713,1,7,10,5,12.16,0.7142857142857143
2713,2,6,7,5,11.34,0.8333333333333334
2714,1,6,11,4,12.5,0.6666666666666666
2714,2,6,18,2,11.5,0.3333333333333333
2715,1,6,8,6,12.75,1.0
2715,2,6,10,6,12.166666666666666,1.0
2716,1,8,8,8,13.3425,1.0
2716,2,8,8,8,13.3425,1.0
2717,1,7,10,7,14.175,1.0
2717,2,8,14,6,13.03125,0.75
2718,1,8,16,1,10.0,0.125
2718,2,8,16,1,10.0,0.125
2719,1,5,9,0,0.0,0.0
2719,2,5,8,2,14.5,0.4
2720,1,5,7,0,0.0,0.0
2720,2,5,7,0,0.0,0.0
2721,1,5,6,5,12.0,1.0
2721,2,5,8,5,12.142857142857142,1.0
2722,1,6,8,6,10.571428571428571,1.0
2722,2,6,9,5,11.4,0.8333333333333334
2723,1,12,19,11,14.153846153846152,0.9166666666666666
2723,2,12,20,12,15.428571428571429,1.0
2724,1,6,9,6,11.166666666666666,1.0
2724,2,6,11,5,12.4,0.8333333333333334
2725,1,17,20,17,12.0,1.0
2725,2,17,18,17,12.666666666666666,1.0
2726,1,5,11,3,11.333333333333334,0.6
2726,2,5,9,4,12.0,0.8
2727,1,16,17,16,12.588235294117649,1.0
2727,2,13,14,13,13.357142857142858,1.0
2728,1,6,11,4,12.0,0.6666666666666666
2728,2,6,9,4,10.75,0.6666666666666666
2729,1,6,0,0,0.0,0.0
2729,2,6,0,0,0.0,0.0
2730,1,12,13,12,12.25,1.0
2730,2,13,13,13,12.846153846153848,1.0
2731,1,5,7,5,11.6,1.0
2731,2,5,5,5,12.8,1.0
2732,1,5,7,4,13.0,0.8
2732,2,5,11,3,12.0,0.6
2733,1,5,11,3,10.666666666666666,0.6
2733,2,5,5,2,12.5,0.4
2734,1,11,21,9,12.333333333333334,0.8181818181818182
2734,2,11,16,9,11.0,0.8181818181818182
2735,1,5,7,2,11.0,0.4
2735,2,5,9,3,11.428571428571429,0.6
2736,1,7,10,6,13.428571428571429,0.8571428571428571
2736,2,9,9,8,13.125,0.8888888888888888
2737,1,8,10,8,13.05375,1.0
2737,2,8,10,8,13.05375,1.0
2738,1,7,10,6,12.035714285714286,0.8571428571428571
2738,2,8,9,7,13.75,0.875
2739,1,6,6,6,14.166666666666666,1.0
2739,2,6,7,6,13.833333333333334,1.0
2740,1,6,6,0,0.0,0.0
2740,2,6,8,0,0.0,0.0
2741,1,6,11,5,13.6,0.8333333333333334
2741,2,6,13,3,12.666666666666666,0.5
2742,1,6,7,5,12.2,0.8333333333333334
2742,2,6,12,2,12.0,0.3333333333333333
2743,1,6,8,6,13.714285714285714,1.0
2743,2,6,7,5,13.333333333333334,0.8333333333333334
2744,1,6,10,3,11.666666666666666,0.5
2744,2,6,11,2,10.0,0.3333333333333333
2745,1,6,9,1,14.0,0.16666666666666666
2745,2,6,6,0,0.0,0.0
2746,1,6,20,4,12.5,0.6666666666666666
2746,2,6,16,3,10.0,0.5
2747,1,6,11,5,11.833333333333334,0.8333333333333334
2747,2,6,11,4,11.5,0.6666666666666666
2748,1,6,6,0,0.0,0.0
2748,2,6,8,0,0.0,0.0
2749,1,6,0,0,0.0,0.0
2749,2,6,0,0,0.0,0.0
2750,1,17,18,13,11.538461538461538,0.7647058823529411
2750,2,15,15,10,12.4,0.6666666666666666
2751,1,9,14,7,11.285714285714286,0.7777777777777778
2751,2,8,15,4,12.25,0.5
2752,1,0,0,0,0.0,0.0
2752,2,0,0,0,0.0,0.0
2753,1,6,7,5,11.8,0.8333333333333334
2753,2,6,9,4,12.0,0.6666666666666666
2754,1,5,16,0,0.0,0.0
2754,2,5,12,2,10.5,0.4
2755,1,5,5,0,0.0,0.0
2755,2,5,5,0,0.0,0.0
2756,1,5,5,5,14.2,1.0
2756,2,5,5,5,14.2,1.0
2757,1,12,12,10,12.7,0.8333333333333334
2757,2,11,16,10,12.272727272727272,0.9090909090909091
2758,1,6,10,3,12.666666666666666,0.5
2758,2,6,7,0,0.0,0.0
2759,1,6,7,6,14.428571428571429,1.0
2759,2,6,8,6,15.0,1.0
2760,1,7,7,7,13.117142857142856,1.0
2760,2,8,9,7,12.6,0.875
2761,1,6,7,6,12.666666666666666,1.0
2761,2,6,7,6,11.833333333333334,1.0
2762,1,0,0,0,0.0,0.0
2762,2,0,0,0,0.0,0.0
2763,1,6,7,6,15.285714285714286,1.0
2763,2,6,6,6,16.5,1.0
2764,1,5,12,3,10.5,0.6
2764,2,5,8,4,11.25,0.8
2765,1,11,11,11,12.636363636363637,1.0
2765,2,9,11,9,12.6,1.0
2766,1,5,6,0,0.0,0.0
2766,2,5,0,0,0.0,0.0
2767,1,9,9,3,14.333333333333334,0.3333333333333333
2767,2,7,8,1,14.0,0.14285714285714285
2768,1,8,14,8,15.125,1.0
2768,2,6,12,6,13.666666666666666,1.0
2769,1,7,0,0,0.0,0.0
2769,2,8,0,0,0.0,0.0
2770,1,7,16,3,12.0,0.42857142857142855
2770,2,8,10,3,10.333333333333334,0.375
2771,1,6,10,4,14.25,0.6666666666666666
2771,2,6,8,5,12.0,0.8333333333333334
2772,1,5,12,2,10.5,0.4
2772,2,5,9,4,10.0,0.8
2773,1,6,7,6,13.5,1.0
2773,2,6,7,6,14.428571428571429,1.0
2774,1,6,14,5,11.666666666666666,0.8333333333333334
2774,2,6,11,4,12.0,0.6666666666666666
2775,1,6,13,5,10.8,0.8333333333333334
2775,2,6,12,3,10.0,0.5
2776,1,4,4,0,0.0,0.0
2776,2,4,8,0,0.0,0.0
2777,1,9,11,9,12.8,1.0
2777,2,7,9,7,11.428571428571429,1.0
2778,1,5,6,5,10.8,1.0
2778,2,5,7,5,12.0,1.0
2779,1,5,8,4,11.4,0.8
2779,2,5,7,4,11.0,0.8
2780,1,7,7,7,13.725714285714286,1.0
2780,2,8,8,8,14.5,1.0
2781,1,6,6,5,12.8,0.8333333333333334
2781,2,6,9,5,12.25,0.8333333333333334
2782,1,6,6,6,13.5,1.0
2782,2,6,6,6,11.166666666666666,1.0
2783,1,8,8,7,15.57,0.875
2783,2,8,8,7,15.57,0.875
2784,1,5,10,4,11.0,0.8
2784,2,5,13,2,12.0,0.4
2785,1,7,7,7,14.114285714285714,1.0
2785,2,8,9,8,15.91111111111111,1.0
2786,1,5,12,3,11.0,0.6
2786,2,5,12,4,11.5,0.8
2787,1,6,0,0,0.0,0.0
2787,2,6,0,0,0.0,0.0
2788,1,5,6,4,13.5,0.8
2788,2,5,6,4,13.75,0.8
2789,1,6,9,4,11.25,0.6666666666666666
2789,2,6,10,0,0.0,0.0
2790,1,6,7,6,12.142857142857142,1.0
2790,2,6,8,6,11.333333333333334,1.0
2791,1,8,8,7,13.075714285714286,0.875
2791,2,8,8,7,13.075714285714286,0.875
2792,1,5,0,0,0.0,0.0
2792,2,5,0,0,0.0,0.0
2793,1,5,9,3,11.0,0.6
2793,2,5,11,2,13.5,0.4
2794,1,6,16,0,0.0,0.0
2794,2,6,7,0,0.0,0.0
2795,1,7,12,4,13.125,0.5714285714285714
2795,2,7,8,6,12.333333333333334,0.8571428571428571
2796,1,8,8,7,13.512857142857142,0.875
2796,2,8,8,7,13.512857142857142,0.875
2797,1,6,7,6,12.833333333333334,1.0
2797,2,6,6,6,12.166666666666666,1.0
2798,1,5,8,3,15.0,0.6
2798,2,5,9,3,11.666666666666666,0.6
2799,1,6,12,5,12.8,0.8333333333333334
2799,2,6,16,3,13.333333333333334,0.5
2800,1,6,14,3,12.333333333333334,0.5
2800,2,6,16,0,0.0,0.0
2801,1,8,15,5,12.288,0.625
2801,2,8,15,5,12.288,0.625
2802,1,12,21,12,12.333333333333334,1.0
2802,2,10,13,7,13.285714285714286,0.7
2803,1,5,9,4,11.5,0.8
2803,2,5,5,5,12.8,1.0
2804,1,6,6,6,11.833333333333334,1.0
2804,2,6,11,4,11.142857142857142,0.6666666666666666
2805,1,5,5,0,0.0,0.0
2805,2,5,5,0,0.0,0.0
2806,1,5,5,0,0.0,0.0
2806,2,5,5,0,0.0,0.0
2807,1,5,10,5,11.8,1.0
2807,2,5,12,3,11.5,0.6
2808,1,6,0,0,0.0,0.0
2808,2,6,0,0,0.0,0.0
2809,1,5,6,5,12.2,1.0
2809,2,5,8,4,12.0,0.8
2810,1,6,6,6,12.333333333333334,1.0
2810,2,5,5,5,13.0,1.0
2811,1,6,7,6,12.428571428571429,1.0
2811,2,6,6,6,12.833333333333334,1.0
2812,1,7,7,7,12.765714285714289,1.0
2812,2,8,9,8,13.544444444444444,1.0
2813,1,7,11,5,12.1,0.7142857142857143
2813,2,7,10,5,12.6,0.7142857142857143
2814,1,5,10,5,12.0,1.0
2814,2,5,9,5,11.5,1.0
2815,1,6,6,0,0.0,0.0
2815,2,6,6,0,0.0,0.0
2816,1,6,10,6,14.88888888888889,1.0
2816,2,6,11,6,13.727272727272728,1.0
2817,1,14,19,13,11.357142857142858,0.9285714285714286
2817,2,14,14,13,12.0,0.9285714285714286
2818,1,6,6,6,13.5,1.0
2818,2,6,6,6,12.5,1.0
2819,1,6,6,0,0.0,0.0
2819,2,6,0,0,0.0,0.0
2820,1,7,7,7,13.884285714285712,1.0
2820,2,8,9,8,14.75,1.0
2821,1,6,12,5,13.0,0.8333333333333334
2821,2,6,12,3,11.666666666666666,0.5
2822,1,7,11,4,12.65,0.5714285714285714
2822,2,7,9,5,11.1,0.7142857142857143
2823,1,5,10,1,11.0,0.2
2823,2,5,13,0,0.0,0.0
2824,1,6,12,2,11.666666666666666,0.3333333333333333
2824,2,6,20,2,10.5,0.3333333333333333
2825,1,6,6,6,14.5,1.0
2825,2,6,6,6,12.666666666666666,1.0
2826,1,6,7,6,14.714285714285714,1.0
2826,2,6,7,6,14.166666666666666,1.0
2827,1,6,7,6,13.285714285714286,1.0
2827,2,6,6,6,14.333333333333334,1.0
2828,1,5,13,3,11.333333333333334,0.6
2828,2,5,12,2,10.5,0.4
2829,1,7,7,0,0.0,0.0
2829,2,7,7,0,0.0,0.0
2830,1,5,11,4,11.571428571428571,0.8
2830,2,5,9,5,12.0,1.0
2831,1,6,10,5,13.0,0.8333333333333334
2831,2,6,10,4,11.5,0.6666666666666666
2832,1,6,9,6,11.5,1.0
2832,2,6,11,5,14.0,0.8333333333333334
2833,1,5,8,5,11.8,1.0
2833,2,5,10,5,11.6,1.0
2834,1,5,7,3,10.666666666666666,0.6
2834,2,5,10,3,12.285714285714286,0.6
2835,1,7,11,6,13.8875,0.8571428571428571
2835,2,8,9,8,14.864444444444445,1.0
2836,1,6,7,5,11.4,0.8333333333333334
2836,2,6,9,6,11.5,1.0
2837,1,11,17,9,12.333333333333334,0.8181818181818182
2837,2,7,12,7,12.142857142857142,1.0
2838,1,7,8,5,12.16,0.7142857142857143
2838,2,7,8,5,12.16,0.7142857142857143
2839,1,8,8,8,13.427499999999998,1.0
2839,2,8,8,8,13.427499999999998,1.0
2840,1,6,6,6,15.166666666666666,1.0
2840,2,6,6,2,15.5,0.3333333333333333
2841,1,6,12,0,0.0,0.0
2841,2,6,0,0,0.0,0.0
2842,1,5,11,2,10.5,0.4
2842,2,5,9,0,0.0,0.0
2843,1,5,5,5,11.8,1.0
2843,2,5,8,3,11.0,0.6
2844,1,5,6,5,13.2,1.0
2844,2,5,10,5,11.4,1.0
2845,1,7,8,7,13.075,1.0
2845,2,8,11,8,12.36111111111111,1.0
2846,1,6,8,4,11.6,0.6666666666666666
2846,2,6,14,2,13.0,0.3333333333333333
2847,1,6,10,6,13.666666666666666,1.0
2847,2,6,10,4,12.25,0.6666666666666666
2848,1,5,9,4,10.75,0.8
2848,2,5,7,2,10.0,0.4
2849,1,7,10,6,13.492857142857144,0.8571428571428571
2849,2,8,9,8,12.68888888888889,1.0
2850,1,6,14,3,12.5,0.5
2850,2,6,9,4,11.0,0.6666666666666666
2851,1,7,0,0,0.0,0.0
2851,2,8,0,0,0.0,0.0
2852,1,5,12,5,13.285714285714286,1.0
2852,2,5,16,5,14.8,1.0
2853,1,5,6,5,12.6,1.0
2853,2,5,13,5,11.8,1.0
2854,1,6,7,6,14.0,1.0
2854,2,6,7,6,14.666666666666666,1.0
2855,1,5,7,2,11.5,0.4
2855,2,5,8,2,10.5,0.4
2856,1,6,6,0,0.0,0.0
2856,2,6,9,0,0.0,0.0
2857,1,6,6,6,11.833333333333334,1.0
2857,2,6,8,6,12.875,1.0
2858,1,6,10,5,11.5,0.8333333333333334
2858,2,6,8,5,12.4,0.8333333333333334
2859,1,6,6,6,14.166666666666666,1.0
2859,2,6,8,6,12.333333333333334,1.0
2860,1,2,2,2,12.5,1.0
2860,2,5,6,2,12.5,0.4
2861,1,5,5,0,0.0,0.0
2861,2,5,5,0,0.0,0.0
2862,1,5,7,0,0.0,0.0
2862,2,5,8,1,11.0,0.2
2863,1,6,14,2,10.5,0.3333333333333333
2863,2,6,16,0,0.0,0.0
2864,1,6,6,6,11.833333333333334,1.0
2864,2,6,6,6,13.166666666666666,1.0
2865,1,5,9,0,0.0,0.0
2865,2,5,6,0,0.0,0.0
2866,1,5,5,5,12.4,1.0
2866,2,5,5,5,12.4,1.0
2867,1,5,5,2,10.5,0.4
2867,2,5,9,0,0.0,0.0
2868,1,5,9,0,0.0,0.0
2868,2,5,6,0,0.0,0.0
2869,1,12,12,12,14.583333333333334,1.0
2869,2,11,14,11,14.333333333333334,1.0
2870,1,6,6,6,11.666666666666666,1.0
2870,2,6,10,3,12.666666666666666,0.5
2871,1,5,5,0,0.0,0.0
2871,2,5,5,0,0.0,0.0
2872,1,7,14,1,13.0,0.14285714285714285
2872,2,7,15,0,0.0,0.0
2873,1,7,7,7,15.66,1.0
2873,2,10,11,9,15.011111111111113,0.9
2874,1,6,10,0,0.0,0.0
2874,2,5,10,0,0.0,0.0
2875,1,6,6,6,12.166666666666666,1.0
2875,2,6,8,4,12.75,0.6666666666666666
2876,1,7,7,6,13.3,0.8571428571428571
2876,2,7,7,6,13.3,0.8571428571428571
2877,1,7,15,0,0.0,0.0
2877,2,7,13,0,0.0,0.0
2878,1,7,0,0,0.0,0.0
2878,2,8,0,0,0.0,0.0
2879,1,0,0,0,0.0,0.0
2879,2,0,0,0,0.0,0.0
2880,1,8,8,7,13.55714285714286,0.875
2880,2,8,8,7,13.55714285714286,0.875
2881,1,7,15,5,14.333333333333334,0.7142857142857143
2881,2,6,16,6,14.636363636363637,1.0
2882,1,6,16,4,12.0,0.6666666666666666
2882,2,6,11,3,10.333333333333334,0.5
2883,1,5,5,0,0.0,0.0
2883,2,6,0,0,0.0,0.0
2884,1,0,0,0,0.0,0.0
2884,2,0,0,0,0.0,0.0
2885,1,7,11,4,11.75,0.5714285714285714
2885,2,7,14,3,11.725,0.42857142857142855
2886,1,7,7,6,12.183333333333332,0.8571428571428571
2886,2,7,7,6,12.183333333333332,0.8571428571428571
2887,1,9,18,6,11.833333333333334,0.6666666666666666
2887,2,8,21,4,11.0,0.5
2888,1,4,4,0,0.0,0.0
2888,2,4,4,0,0.0,0.0
2889,1,6,8,6,15.0,1.0
2889,2,6,10,5,14.333333333333334,0.8333333333333334
2890,1,0,0,0,0.0,0.0
2890,2,0,0,0,0.0,0.0
2891,1,0,0,0,0.0,0.0
2891,2,0,0,0,0.0,0.0
2892,1,8,8,8,13.435,1.0
2892,2,8,8,8,13.435,1.0
2893,1,5,8,4,13.5,0.8
2893,2,5,9,0,0.0,0.0
2894,1,0,0,0,0.0,0.0
2894,2,0,0,0,0.0,0.0
2895,1,17,18,17,11.5,1.0
2895,2,17,17,17,12.176470588235292,1.0
2896,1,6,10,2,10.5,0.3333333333333333
2896,2,6,6,3,11.0,0.5
2897,1,6,13,4,12.0,0.6666666666666666
2897,2,6,17,2,11.5,0.3333333333333333
2898,1,6,7,5,12.2,0.8333333333333334
2898,2,6,11,4,11.5,0.6666666666666666
2899,1,0,0,0,0.0,0.0
2899,2,0,0,0,0.0,0.0
2900,1,11,15,10,14.5,0.9090909090909091
2900,2,9,15,8,14.0,0.8888888888888888
2901,1,6,7,6,13.333333333333334,1.0
2901,2,6,8,6,12.666666666666666,1.0
2902,1,11,29,9,12.0,0.8181818181818182
2902,2,10,21,9,12.555555555555555,0.9
2903,1,6,9,6,15.125,1.0
2903,2,6,9,6,14.0,1.0
2904,1,7,7,6,13.116666666666667,0.8571428571428571
2904,2,7,7,6,13.116666666666667,0.8571428571428571
2905,1,6,7,6,12.833333333333334,1.0
2905,2,6,7,6,11.666666666666666,1.0
2906,1,6,6,6,13.333333333333334,1.0
2906,2,6,6,6,14.166666666666666,1.0
2907,1,7,7,7,13.877142857142855,1.0
2907,2,8,8,8,15.6625,1.0
2908,1,8,8,7,12.944285714285714,0.875
2908,2,8,8,7,12.944285714285714,0.875
2909,1,6,8,5,12.333333333333334,0.8333333333333334
2909,2,6,8,5,11.0,0.8333333333333334
2910,1,7,7,6,14.266666666666666,0.8571428571428571
2910,2,7,7,6,14.266666666666666,0.8571428571428571
2911,1,6,8,5,13.0,0.8333333333333334
2911,2,6,8,5,14.0,0.8333333333333334
2912,1,8,8,8,12.48375,1.0
2912,2,8,8,8,12.48375,1.0
2913,1,7,8,7,13.428571428571429,1.0
2913,2,8,8,8,15.3125,1.0
2914,1,6,9,3,10.666666666666666,0.5
2914,2,6,12,0,0.0,0.0
2915,1,6,8,5,15.4,0.8333333333333334
2915,2,6,7,5,12.2,0.8333333333333334
2916,1,7,7,6,13.45,0.8571428571428571
2916,2,7,7,6,13.45,0.8571428571428571
2917,1,7,7,6,12.6,0.8571428571428571
2917,2,7,7,6,12.6,0.8571428571428571
2918,1,7,7,7,12.485714285714286,1.0
2918,2,8,12,8,12.9375,1.0
2919,1,6,10,5,10.8,0.8333333333333334
2919,2,6,7,5,12.8,0.8333333333333334
2920,1,6,12,5,12.2,0.8333333333333334
2920,2,6,8,5,14.6,0.8333333333333334
2921,1,6,11,5,14.2,0.8333333333333334
2921,2,6,12,2,13.5,0.3333333333333333
2922,1,6,7,6,13.833333333333334,1.0
2922,2,6,6,6,14.0,1.0
2923,1,6,8,5,12.8,0.8333333333333334
2923,2,6,14,3,10.0,0.5
2924,1,5,5,5,13.2,1.0
2924,2,5,6,4,12.5,0.8
2925,1,6,7,1,14.0,0.16666666666666666
2925,2,6,6,0,0.0,0.0
2926,1,8,8,8,13.875,1.0
2926,2,6,8,5,14.0,0.8333333333333334
2927,1,5,7,5,12.5,1.0
2927,2,5,8,5,12.714285714285714,1.0
2928,1,6,7,6,13.428571428571429,1.0
2928,2,6,6,6,12.5,1.0
2929,1,6,7,5,11.8,0.8333333333333334
2929,2,6,7,5,13.0,0.8333333333333334
2930,1,7,7,7,14.868571428571428,1.0
2930,2,8,9,8,15.11111111111111,1.0
2931,1,7,10,7,13.03,1.0
2931,2,8,8,8,13.21875,1.0
2932,1,6,7,6,14.571428571428571,1.0
2932,2,6,7,6,12.333333333333334,1.0
2933,1,6,9,5,11.0,0.8333333333333334
2933,2,6,9,4,11.25,0.6666666666666666
2934,1,8,8,8,13.3675,1.0
2934,2,8,8,8,13.3675,1.0
2935,1,7,7,6,12.808333333333332,0.8571428571428571
2935,2,8,11,7,12.825714285714286,0.875
2936,1,7,7,7,13.918571428571427,1.0
2936,2,8,9,8,13.8875,1.0
2937,1,6,8,6,13.0,1.0
2937,2,6,9,4,12.8,0.6666666666666666
2938,1,7,7,6,13.683333333333332,0.8571428571428571
2938,2,7,7,6,13.683333333333332,0.8571428571428571
2939,1,6,11,5,13.0,0.8333333333333334
2939,2,6,12,1,12.0,0.16666666666666666
2940,1,6,8,5,12.8,0.8333333333333334
2940,2,6,7,5,11.2,0.8333333333333334
2941,1,6,9,6,13.571428571428571,1.0
2941,2,6,6,6,12.166666666666666,1.0
2942,1,6,6,6,13.166666666666666,1.0
2942,2,6,6,6,13.166666666666666,1.0
2943,1,6,6,6,15.0,1.0
2943,2,6,6,6,14.5,1.0
2944,1,6,6,6,12.666666666666666,1.0
2944,2,6,8,5,11.4,0.8333333333333334
2945,1,6,7,6,13.857142857142858,1.0
2945,2,6,7,6,13.142857142857142,1.0
2946,1,7,7,7,14.692857142857145,1.0
2946,2,8,8,8,14.9625,1.0
2947,1,8,8,8,14.035,1.0
2947,2,8,8,8,14.035,1.0
2948,1,5,8,4,11.0,0.8
2948,2,5,8,3,14.0,0.6
2949,1,6,6,6,13.333333333333334,1.0
2949,2,6,6,6,13.333333333333334,1.0
2950,1,7,13,6,11.7725,0.8571428571428571
2950,2,8,9,7,12.33,0.875
2951,1,6,0,0,0.0,0.0
2951,2,6,0,0,0.0,0.0
2952,1,6,0,0,0.0,0.0
2952,2,6,12,0,0.0,0.0
2953,1,0,0,0,0.0,0.0
2953,2,0,0,0,0.0,0.0
2954,1,6,7,6,12.285714285714286,1.0
2954,2,6,6,6,12.0,1.0
2955,1,8,14,5,12.46,0.625
2955,2,8,14,5,12.46,0.625
2956,1,7,10,6,12.166666666666666,0.8571428571428571
2956,2,7,9,6,13.166666666666666,0.8571428571428571
2957,1,6,9,5,11.833333333333334,0.8333333333333334
2957,2,6,8,2,11.5,0.3333333333333333
2958,1,8,8,7,14.805714285714286,0.875
2958,2,8,8,7,14.805714285714286,0.875
2959,1,6,11,5,10.6,0.8333333333333334
2959,2,6,10,6,11.714285714285714,1.0
2960,1,9,9,8,13.125,0.8888888888888888
2960,2,9,13,6,13.0,0.6666666666666666
2961,1,6,6,6,12.833333333333334,1.0
2961,2,6,6,6,12.666666666666666,1.0
2962,1,8,8,0,0.0,0.0
2962,2,8,8,0,0.0,0.0
2963,1,6,9,5,13.0,0.8333333333333334
2963,2,6,6,5,13.8,0.8333333333333334
2964,1,7,8,7,12.725,1.0
2964,2,8,8,8,13.7125,1.0
2965,1,5,10,4,11.25,0.8
2965,2,5,10,3,10.333333333333334,0.6
2966,1,12,12,11,13.818181818181818,0.9166666666666666
2966,2,12,16,12,13.461538461538462,1.0
2967,1,5,12,3,12.333333333333334,0.6
2967,2,5,8,3,13.0,0.6
2968,1,5,14,3,12.333333333333334,0.6
2968,2,5,8,5,11.6,1.0
2969,1,6,8,4,13.25,0.6666666666666666
2969,2,6,10,3,10.666666666666666,0.5
2970,1,6,7,6,13.666666666666666,1.0
2970,2,6,9,5,15.4,0.8333333333333334
2971,1,11,18,8,12.625,0.7272727272727273
2971,2,10,10,3,11.0,0.3
2972,1,6,6,6,14.833333333333334,1.0
2972,2,6,8,6,12.142857142857142,1.0
2973,1,6,7,5,11.2,0.8333333333333334
2973,2,6,10,5,13.125,0.8333333333333334
2974,1,5,6,5,11.4,1.0
2974,2,5,6,5,12.2,1.0
2975,1,7,8,7,13.135,1.0
2975,2,8,9,8,13.244444444444444,1.0
2976,1,10,10,10,13.0,1.0
2976,2,11,11,10,11.4,0.9090909090909091
2977,1,7,12,4,12.85,0.5714285714285714
2977,2,7,7,7,12.62142857142857,1.0
2978,1,6,6,6,13.5,1.0
2978,2,6,9,5,12.5,0.8333333333333334
2979,1,6,7,6,14.285714285714286,1.0
2979,2,6,9,3,13.0,0.5
2980,1,6,8,5,13.5,0.8333333333333334
2980,2,6,6,6,14.5,1.0
2981,1,5,8,4,10.75,0.8
2981,2,5,5,5,13.0,1.0
2982,1,6,9,6,11.333333333333334,1.0
2982,2,6,9,6,11.833333333333334,1.0
2983,1,7,15,3,13.0,0.42857142857142855
2983,2,5,12,5,13.285714285714286,1.0
2984,1,7,7,6,13.966666666666669,0.8571428571428571
2984,2,7,7,6,13.966666666666669,0.8571428571428571
2985,1,8,8,8,14.14125,1.0
2985,2,8,8,8,14.14125,1.0
2986,1,6,10,4,11.6,0.6666666666666666
2986,2,6,10,4,11.75,0.6666666666666666
2987,1,8,8,8,14.6625,1.0
2987,2,8,8,8,14.6625,1.0
2988,1,5,5,0,0.0,0.0
2988,2,5,5,0,0.0,0.0
2989,1,7,8,6,12.993333333333334,0.8571428571428571
2989,2,8,9,8,12.66875,1.0
2990,1,6,10,4,11.25,0.6666666666666666
2990,2,6,11,5,12.2,0.8333333333333334
2991,1,6,8,5,12.2,0.8333333333333334
2991,2,6,10,5,12.8,0.8333333333333334
2992,1,0,0,0,0.0,0.0
2992,2,0,0,0,0.0,0.0
2993,1,6,6,6,11.333333333333334,1.0
2993,2,6,6,4,11.75,0.6666666666666666
2994,1,5,7,5,12.2,1.0
2994,2,5,7,5,11.8,1.0
2995,1,6,12,0,0.0,0.0
2995,2,6,12,0,0.0,0.0
2996,1,6,8,6,11.333333333333334,1.0
2996,2,6,6,6,11.666666666666666,1.0
2997,1,6,8,6,13.857142857142858,1.0
2997,2,6,15,6,13.1,1.0
2998,1,6,7,6,12.857142857142858,1.0
2998,2,6,6,6,13.333333333333334,1.0
2999,1,6,10,1,10.0,0.16666666666666666
2999,2,6,12,0,0.0,0.0
3000,1,15,17,14,10.214285714285714,0.9333333333333333
3000,2,13,13,13,11.384615384615383,1.0
3001,1,6,14,6,11.285714285714286,1.0
3001,2,6,16,3,10.333333333333334,0.5
3002,1,6,6,6,13.833333333333334,1.0
3002,2,6,7,0,0.0,0.0
3003,1,6,8,6,12.857142857142858,1.0
3003,2,6,8,5,12.6,0.8333333333333334
3004,1,6,8,6,11.666666666666666,1.0
3004,2,6,9,4,12.0,0.6666666666666666
3005,1,6,12,0,0.0,0.0
3005,2,5,10,0,0.0,0.0
3006,1,5,7,5,14.4,1.0
3006,2,5,6,5,13.2,1.0
3007,1,6,6,6,14.833333333333334,1.0
3007,2,6,6,6,14.166666666666666,1.0
3008,1,6,14,6,14.333333333333334,1.0
3008,2,6,9,6,12.0,1.0
3009,1,0,0,0,0.0,0.0
3009,2,0,0,0,0.0,0.0
3010,1,6,0,0,0.0,0.0
3010,2,6,0,0,0.0,0.0
3011,1,7,9,6,12.333333333333334,0.8571428571428571
3011,2,7,7,6,12.666666666666666,0.8571428571428571
3012,1,5,5,5,11.8,1.0
3012,2,5,5,5,12.4,1.0
3013,1,6,7,5,13.2,0.8333333333333334
3013,2,6,7,5,10.6,0.8333333333333334
3014,1,6,6,0,0.0,0.0
3014,2,5,10,0,0.0,0.0
3015,1,6,0,0,0.0,0.0
3015,2,6,0,0,0.0,0.0
3016,1,6,6,6,11.5,1.0
3016,2,6,7,6,13.285714285714286,1.0
3017,1,6,8,5,12.6,0.8333333333333334
3017,2,6,7,5,12.2,0.8333333333333334
3018,1,7,7,7,13.542857142857144,1.0
3018,2,8,9,8,14.22222222222222,1.0
3019,1,6,8,5,11.6,0.8333333333333334
3019,2,6,6,5,13.0,0.8333333333333334
3020,1,6,7,6,13.666666666666666,1.0
3020,2,6,6,6,13.833333333333334,1.0
3021,1,6,10,0,0.0,0.0
3021,2,6,8,0,0.0,0.0
3022,1,6,0,0,0.0,0.0
3022,2,6,0,0,0.0,0.0
3023,1,0,0,0,0.0,0.0
3023,2,0,0,0,0.0,0.0
3024,1,6,6,6,11.5,1.0
3024,2,6,8,6,12.285714285714286,1.0
3025,1,5,12,2,11.5,0.4
3025,2,5,9,4,11.75,0.8
3026,1,7,7,7,11.828571428571427,1.0
3026,2,8,10,7,12.9125,0.875
3027,1,0,0,0,0.0,0.0
3027,2,0,0,0,0.0,0.0
3028,1,0,0,0,0.0,0.0
3028,2,0,0,0,0.0,0.0
3029,1,7,7,6,12.966666666666669,0.8571428571428571
3029,2,7,7,6,12.966666666666669,0.8571428571428571
3030,1,6,6,6,13.833333333333334,1.0
3030,2,6,6,6,13.666666666666666,1.0
3031,1,7,7,7,14.125714285714285,1.0
3031,2,8,8,8,14.36875,1.0
3032,1,10,12,5,12.166666666666666,0.5
3032,2,8,8,0,0.0,0.0
3033,1,6,17,6,12.666666666666666,1.0
3033,2,6,21,4,12.25,0.6666666666666666
3034,1,4,4,0,0.0,0.0
3034,2,5,0,0,0.0,0.0
3035,1,6,8,6,12.285714285714286,1.0
3035,2,6,7,6,14.166666666666666,1.0
3036,1,6,7,3,14.5,0.5
3036,2,7,8,4,14.375,0.5714285714285714
3037,1,5,8,2,10.0,0.4
3037,2,5,7,1,10.0,0.2
3038,1,5,11,2,11.5,0.4
3038,2,5,8,2,12.0,0.4
3039,1,5,6,5,11.6,1.0
3039,2,5,6,4,11.5,0.8
3040,1,6,6,6,12.5,1.0
3040,2,6,6,6,11.666666666666666,1.0
3041,1,6,9,3,11.666666666666666,0.5
3041,2,6,10,2,11.0,0.3333333333333333
3042,1,10,11,7,13.428571428571429,0.7
3042,2,10,11,10,11.6,1.0
3043,1,6,6,6,13.666666666666666,1.0
3043,2,6,6,6,13.5,1.0
3044,1,6,6,6,12.5,1.0
3044,2,6,6,6,12.166666666666666,1.0
3045,1,6,7,6,13.0,1.0
3045,2,6,15,4,12.8,0.6666666666666666
3046,1,7,9,6,12.783333333333331,0.8571428571428571
3046,2,8,9,7,12.842857142857143,0.875
3047,1,7,0,0,0.0,0.0
3047,2,8,0,0,0.0,0.0
3048,1,7,13,4,13.5,0.5714285714285714
3048,2,7,11,4,11.225,0.5714285714285714
3049,1,7,7,7,13.457142857142856,1.0
3049,2,8,8,8,15.125,1.0
3050,1,8,8,7,13.44285714285714,0.875
3050,2,8,8,7,13.44285714285714,0.875
3051,1,6,13,4,11.0,0.6666666666666666
3051,2,6,12,5,10.833333333333334,0.8333333333333334
3052,1,6,6,6,11.333333333333334,1.0
3052,2,6,7,6,12.285714285714286,1.0
3053,1,5,7,2,10.0,0.4
3053,2,1,1,0,0.0,0.0
3054,1,7,10,5,13.44,0.7142857142857143
3054,2,7,8,6,13.066666666666668,0.8571428571428571
3055,1,7,8,7,12.214285714285714,1.0
3055,2,8,8,8,14.0625,1.0
3056,1,6,6,6,14.166666666666666,1.0
3056,2,6,6,6,13.5,1.0
3057,1,12,13,12,12.846153846153848,1.0
3057,2,11,13,11,12.636363636363637,1.0
3058,1,6,8,6,13.0,1.0
3058,2,6,18,2,12.0,0.3333333333333333
3059,1,5,6,5,12.8,1.0
3059,2,5,7,4,11.25,0.8
3060,1,6,13,4,13.0,0.6666666666666666
3060,2,6,11,5,12.0,0.8333333333333334
3061,1,7,7,7,13.371428571428572,1.0
3061,2,8,9,8,13.666666666666666,1.0
3062,1,7,8,7,13.385714285714286,1.0
3062,2,8,8,8,13.3875,1.0
3063,1,8,8,7,13.328571428571427,0.875
3063,2,8,8,7,13.328571428571427,0.875
3064,1,6,12,5,14.0,0.8333333333333334
3064,2,6,14,5,11.0,0.8333333333333334
3065,1,5,5,5,12.6,1.0
3065,2,5,5,5,13.2,1.0
3066,1,6,7,6,14.0,1.0
3066,2,6,6,6,15.0,1.0
3067,1,6,7,6,13.428571428571429,1.0
3067,2,6,6,6,12.666666666666666,1.0
3068,1,6,6,6,13.0,1.0
3068,2,6,6,6,12.5,1.0
3069,1,6,8,5,12.666666666666666,0.8333333333333334
3069,2,6,8,5,11.0,0.8333333333333334
3070,1,5,9,3,10.0,0.6
3070,2,5,9,3,12.333333333333334,0.6
3071,1,6,7,6,12.833333333333334,1.0
3071,2,6,10,6,11.77777777777778,1.0
3072,1,7,7,6,12.916666666666666,0.8571428571428571
3072,2,7,7,6,12.916666666666666,0.8571428571428571
3073,1,6,9,6,13.285714285714286,1.0
3073,2,6,8,5,13.8,0.8333333333333334
3074,1,5,6,5,14.6,1.0
3074,2,5,5,5,13.8,1.0
3075,1,6,6,6,14.0,1.0
3075,2,6,6,6,13.666666666666666,1.0
3076,1,6,7,6,14.142857142857142,1.0
3076,2,6,6,6,15.0,1.0
3077,1,6,8,6,11.666666666666666,1.0
3077,2,6,6,6,12.333333333333334,1.0
3078,1,8,9,8,14.3775,1.0
3078,2,8,9,8,14.3775,1.0
3079,1,7,8,7,12.5,1.0
3079,2,8,9,7,13.042857142857144,0.875
3080,1,7,7,6,14.15,0.8571428571428571
3080,2,7,7,6,14.15,0.8571428571428571
3081,1,8,12,7,12.471428571428572,0.875
3081,2,8,12,7,12.471428571428572,0.875
3082,1,7,7,6,14.15,0.8571428571428571
3082,2,7,7,6,14.15,0.8571428571428571
3083,1,7,11,7,14.072222222222225,1.0
3083,2,8,8,8,14.0475,1.0
3084,1,6,7,6,14.857142857142858,1.0
3084,2,6,6,6,14.666666666666666,1.0
3085,1,6,7,6,14.285714285714286,1.0
3085,2,6,6,6,13.166666666666666,1.0
3086,1,4,4,0,0.0,0.0
3086,2,4,4,0,0.0,0.0
3087,1,6,0,0,0.0,0.0
3087,2,6,0,0,0.0,0.0
3088,1,6,8,6,15.0,1.0
3088,2,6,8,5,15.166666666666666,0.8333333333333334
3089,1,7,7,6,12.633333333333333,0.8571428571428571
3089,2,7,7,6,12.633333333333333,0.8571428571428571
3090,1,5,5,5,11.2,1.0
3090,2,5,5,5,12.6,1.0
3091,1,7,7,6,14.233333333333334,0.8571428571428571
3091,2,7,7,6,14.233333333333334,0.8571428571428571
3092,1,5,13,5,12.2,1.0
3092,2,5,10,3,11.333333333333334,0.6
3093,1,8,8,7,15.7,0.875
3093,2,8,8,7,15.7,0.875
3094,1,7,7,6,15.2,0.8571428571428571
3094,2,7,7,6,15.2,0.8571428571428571
3095,1,6,9,6,16.333333333333332,1.0
3095,2,6,8,5,15.6,0.8333333333333334
3096,1,17,29,14,12.5625,0.8235294117647058
3096,2,12,24,12,12.857142857142858,1.0
3097,1,7,0,0,0.0,0.0
3097,2,8,0,0,0.0,0.0
3098,1,6,8,5,12.4,0.8333333333333334
3098,2,6,6,6,12.0,1.0
3099,1,8,9,8,13.78125,1.0
3099,2,8,9,8,13.78125,1.0
3100,1,6,10,6,12.166666666666666,1.0
3100,2,6,8,5,11.666666666666666,0.8333333333333334
3101,1,6,8,5,11.8,0.8333333333333334
3101,2,6,8,5,11.833333333333334,0.8333333333333334
3102,1,6,13,4,10.8,0.6666666666666666
3102,2,6,15,4,12.0,0.6666666666666666
3103,1,7,8,7,13.26,1.0
3103,2,8,8,8,14.28625,1.0
3104,1,6,10,4,12.0,0.6666666666666666
3104,2,6,15,3,10.666666666666666,0.5
3105,1,6,9,6,11.875,1.0
3105,2,6,7,6,14.428571428571429,1.0
3106,1,7,11,5,12.16,0.7142857142857143
3106,2,7,7,2,13.4,0.2857142857142857
3107,1,6,6,1,15.0,0.16666666666666666
3107,2,6,7,4,12.5,0.6666666666666666
3108,1,6,6,6,13.333333333333334,1.0
3108,2,6,9,5,13.2,0.8333333333333334
3109,1,5,12,2,11.5,0.4
3109,2,5,12,3,11.8,0.6
3110,1,6,7,6,14.428571428571429,1.0
3110,2,6,9,5,13.0,0.8333333333333334
3111,1,5,10,1,13.0,0.2
3111,2,5,8,3,15.333333333333334,0.6
3112,1,6,7,6,15.0,1.0
3112,2,6,8,6,14.333333333333334,1.0
3113,1,7,9,7,15.155555555555557,1.0
3113,2,8,8,8,16.8,1.0
3114,1,6,8,6,10.666666666666666,1.0
3114,2,6,7,6,11.857142857142858,1.0
3115,1,6,9,5,11.0,0.8333333333333334
3115,2,6,9,4,11.25,0.6666666666666666
3116,1,6,0,0,0.0,0.0
3116,2,6,0,0,0.0,0.0
3117,1,6,7,6,12.285714285714286,1.0
3117,2,6,7,6,12.0,1.0
3118,1,8,8,8,12.82875,1.0
3118,2,8,8,8,12.82875,1.0
3119,1,6,6,6,12.666666666666666,1.0
3119,2,6,8,5,14.4,0.8333333333333334
3120,1,0,0,0,0.0,0.0
3120,2,0,0,0,0.0,0.0
3121,1,6,16,2,13.0,0.3333333333333333
3121,2,6,8,0,0.0,0.0
3122,1,5,10,5,10.875,1.0
3122,2,5,8,4,12.4,0.8
3123,1,5,5,5,12.8,1.0
3123,2,5,8,5,11.6,1.0
3124,1,6,10,5,11.285714285714286,0.8333333333333334
3124,2,6,7,0,0.0,0.0
3125,1,0,0,0,0.0,0.0
3125,2,0,0,0,0.0,0.0
3126,1,6,0,0,0.0,0.0
3126,2,6,11,1,10.0,0.16666666666666666
3127,1,7,9,6,13.766666666666666,0.8571428571428571
3127,2,8,9,8,13.744444444444444,1.0
3128,1,8,9,6,12.758333333333333,0.75
3128,2,8,9,6,12.758333333333333,0.75
3129,1,0,0,0,0.0,0.0
3129,2,0,0,0,0.0,0.0
3130,1,6,6,6,12.666666666666666,1.0
3130,2,6,8,6,13.25,1.0
3131,1,6,13,6,12.0,1.0
3131,2,6,16,4,12.75,0.6666666666666666
3132,1,6,8,6,12.25,1.0
3132,2,6,8,6,12.0,1.0
3133,1,5,8,3,11.333333333333334,0.6
3133,2,5,8,5,12.2,1.0
3134,1,7,9,7,13.507142857142856,1.0
3134,2,8,12,8,13.05,1.0
3135,1,8,8,7,13.614285714285714,0.875
3135,2,8,8,7,13.614285714285714,0.875
3136,1,6,6,0,0.0,0.0
3136,2,6,6,0,0.0,0.0
3137,1,6,9,4,11.5,0.6666666666666666
3137,2,6,6,6,12.166666666666666,1.0
3138,1,6,7,6,12.333333333333334,1.0
3138,2,6,7,6,12.5,1.0
3139,1,7,7,7,11.971428571428572,1.0
3139,2,8,8,8,14.4375,1.0
3140,1,5,12,2,13.0,0.4
3140,2,5,13,2,11.5,0.4
3141,1,7,9,7,12.385714285714286,1.0
3141,2,8,9,7,12.728571428571428,0.875
3142,1,5,12,2,13.5,0.4
3142,2,5,12,5,11.285714285714286,1.0
3143,1,6,8,6,12.166666666666666,1.0
3143,2,6,7,6,13.285714285714286,1.0
3144,1,0,0,0,0.0,0.0
3144,2,0,0,0,0.0,0.0
3145,1,6,6,6,11.666666666666666,1.0
3145,2,6,6,6,13.666666666666666,1.0
3146,1,6,9,5,12.4,0.8333333333333334
3146,2,6,12,5,14.166666666666666,0.8333333333333334
3147,1,6,7,5,13.4,0.8333333333333334
3147,2,6,6,6,12.833333333333334,1.0
3148,1,6,11,6,12.0,1.0
3148,2,6,11,4,12.5,0.6666666666666666
3149,1,5,6,5,14.2,1.0
3149,2,5,5,5,14.8,1.0
3150,1,6,8,6,12.125,1.0
3150,2,6,7,6,14.428571428571429,1.0
3151,1,7,7,7,13.857142857142858,1.0
3151,2,7,7,7,13.285714285714286,1.0
3152,1,6,13,3,11.75,0.5
3152,2,6,13,5,12.333333333333334,0.8333333333333334
3153,1,7,9,7,14.283333333333337,1.0
3153,2,8,9,8,13.125555555555556,1.0
3154,1,13,21,11,13.272727272727272,0.8461538461538461
3154,2,11,13,9,13.0,0.8181818181818182
3155,1,6,6,6,14.666666666666666,1.0
3155,2,6,7,6,15.142857142857142,1.0
3156,1,7,10,7,15.114999999999998,1.0
3156,2,8,10,8,15.092,1.0
3157,1,0,0,0,0.0,0.0
3157,2,0,0,0,0.0,0.0
3158,1,6,13,6,15.0,1.0
3158,2,6,7,6,13.142857142857142,1.0
3159,1,6,8,5,13.2,0.8333333333333334
3159,2,6,9,5,14.333333333333334,0.8333333333333334
3160,1,6,14,2,11.0,0.3333333333333333
3160,2,6,14,3,10.333333333333334,0.5
3161,1,8,8,7,14.565714285714288,0.875
3161,2,8,8,7,14.565714285714288,0.875
3162,1,5,8,3,12.0,0.6
3162,2,5,6,4,10.75,0.8
3163,1,6,6,0,0.0,0.0
3163,2,5,5,0,0.0,0.0
3164,1,7,7,6,13.796666666666669,0.8571428571428571
3164,2,8,11,7,13.775,0.875
3165,1,6,6,6,14.833333333333334,1.0
3165,2,6,6,6,15.333333333333334,1.0
3166,1,6,6,6,12.833333333333334,1.0
3166,2,6,6,6,13.833333333333334,1.0
3167,1,8,8,7,14.962857142857144,0.875
3167,2,8,8,7,14.962857142857144,0.875
3168,1,5,8,4,12.0,0.8
3168,2,5,8,5,11.2,1.0
3169,1,7,8,7,12.4,1.0
3169,2,8,9,8,12.8,1.0
3170,1,6,7,6,15.571428571428571,1.0
3170,2,6,6,6,17.166666666666668,1.0
3171,1,8,8,7,13.714285714285714,0.875
3171,2,8,8,7,13.714285714285714,0.875
3172,1,6,9,6,13.142857142857142,1.0
3172,2,6,9,6,12.166666666666666,1.0
3173,1,6,7,6,15.0,1.0
3173,2,6,8,3,11.0,0.5
3174,1,5,6,1,13.0,0.2
3174,2,5,5,0,0.0,0.0
3175,1,11,12,11,12.0,1.0
3175,2,11,14,11,12.75,1.0
3176,1,0,0,0,0.0,0.0
3176,2,0,0,0,0.0,0.0
3177,1,6,6,6,15.166666666666666,1.0
3177,2,6,6,6,14.166666666666666,1.0
3178,1,6,9,4,12.0,0.6666666666666666
3178,2,6,13,2,10.5,0.3333333333333333
3179,1,7,7,7,13.642857142857142,1.0
3179,2,8,11,8,14.772727272727272,1.0
3180,1,6,8,6,12.666666666666666,1.0
3180,2,6,7,6,12.714285714285714,1.0
3181,1,0,0,0,0.0,0.0
3181,2,0,0,0,0.0,0.0
3182,1,6,8,5,10.8,0.8333333333333334
3182,2,6,9,6,10.5,1.0
3183,1,7,9,6,14.25,0.8571428571428571
3183,2,8,11,8,13.063636363636364,1.0
3184,1,14,22,12,12.153846153846152,0.8571428571428571
3184,2,12,18,10,12.9,0.8333333333333334
3185,1,6,14,1,11.5,0.16666666666666666
3185,2,6,12,2,10.5,0.3333333333333333
3186,1,6,10,4,12.25,0.6666666666666666
3186,2,6,9,3,12.333333333333334,0.5
3187,1,6,8,6,12.0,1.0
3187,2,6,12,5,11.142857142857142,0.8333333333333334
3188,1,8,8,8,13.40375,1.0
3188,2,8,8,8,13.40375,1.0
3189,1,6,15,6,11.333333333333334,1.0
3189,2,6,9,3,12.666666666666666,0.5
3190,1,6,7,5,12.2,0.8333333333333334
3190,2,6,6,6,12.333333333333334,1.0
3191,1,0,0,0,0.0,0.0
3191,2,0,0,0,0.0,0.0
3192,1,7,0,0,0.0,0.0
3192,2,8,0,0,0.0,0.0
3193,1,6,8,5,16.166666666666668,0.8333333333333334
3193,2,6,10,4,16.0,0.6666666666666666
3194,1,5,10,3,11.0,0.6
3194,2,5,6,3,11.0,0.6
3195,1,0,0,0,0.0,0.0
3195,2,0,0,0,0.0,0.0
3196,1,6,8,4,12.0,0.6666666666666666
3196,2,6,8,6,12.285714285714286,1.0
3197,1,5,8,2,10.5,0.4
3197,2,5,11,4,12.25,0.8
3198,1,6,7,3,11.666666666666666,0.5
3198,2,6,13,4,10.333333333333334,0.6666666666666666
3199,1,5,8,3,11.0,0.6
3199,2,5,7,2,10.0,0.4
3200,1,7,18,0,0.0,0.0
3200,2,7,13,0,0.0,0.0
3201,1,6,11,4,12.5,0.6666666666666666
3201,2,6,7,0,0.0,0.0
3202,1,7,11,7,11.294444444444444,1.0
3202,2,8,22,2,12.6,0.25
3203,1,6,8,5,11.2,0.8333333333333334
3203,2,6,11,4,12.5,0.6666666666666666
3204,1,0,0,0,0.0,0.0
3204,2,0,0,0,0.0,0.0
3205,1,6,7,5,13.2,0.8333333333333334
3205,2,6,6,5,11.8,0.8333333333333334
3206,1,7,12,6,14.142857142857142,0.8571428571428571
3206,2,6,10,6,14.125,1.0
3207,1,5,0,0,0.0,0.0
3207,2,5,0,0,0.0,0.0
3208,1,5,5,0,0.0,0.0
3208,2,5,9,3,13.333333333333334,0.6
3209,1,5,7,3,12.333333333333334,0.6
3209,2,5,9,3,10.571428571428571,0.6
3210,1,6,6,0,0.0,0.0
3210,2,6,0,0,0.0,0.0
3211,1,8,8,7,13.1,0.875
3211,2,8,8,7,13.1,0.875
3212,1,6,6,6,13.5,1.0
3212,2,6,6,6,13.166666666666666,1.0
3213,1,5,7,5,10.2,1.0
3213,2,5,8,3,12.0,0.6
3214,1,6,10,5,11.571428571428571,0.8333333333333334
3214,2,6,10,3,13.0,0.5
3215,1,6,7,6,15.285714285714286,1.0
3215,2,6,6,6,15.166666666666666,1.0
3216,1,6,9,5,12.6,0.8333333333333334
3216,2,10,16,8,11.0,0.8
3217,1,7,11,6,13.433333333333332,0.8571428571428571
3217,2,7,10,4,13.6,0.5714285714285714
3218,1,5,8,5,11.6,1.0
3218,2,5,9,3,11.0,0.6
3219,1,6,6,6,14.666666666666666,1.0
3219,2,6,6,6,13.5,1.0
3220,1,6,9,6,14.666666666666666,1.0
3220,2,6,12,6,14.666666666666666,1.0
3221,1,8,8,7,12.742857142857144,0.875
3221,2,8,8,7,12.742857142857144,0.875
3222,1,7,9,7,11.975,1.0
3222,2,8,9,7,13.12857142857143,0.875
3223,1,5,9,4,12.25,0.8
3223,2,5,11,3,11.666666666666666,0.6
3224,1,0,0,0,0.0,0.0
3224,2,0,0,0,0.0,0.0
3225,1,8,8,7,14.935714285714283,0.875
3225,2,8,8,7,14.935714285714283,0.875
3226,1,6,16,2,10.5,0.3333333333333333
3226,2,6,15,4,10.0,0.6666666666666666
3227,1,6,9,5,13.333333333333334,0.8333333333333334
3227,2,6,6,5,13.0,0.8333333333333334
3228,1,6,6,0,0.0,0.0
3228,2,6,8,0,0.0,0.0
3229,1,6,12,5,13.8,0.8333333333333334
3229,2,6,13,4,14.0,0.6666666666666666
3230,1,6,6,6,11.833333333333334,1.0
3230,2,6,8,4,10.75,0.6666666666666666
3231,1,0,0,0,0.0,0.0
3231,2,0,0,0,0.0,0.0
3232,1,0,0,0,0.0,0.0
3232,2,0,0,0,0.0,0.0
3233,1,5,9,2,10.0,0.4
3233,2,5,9,0,0.0,0.0
3234,1,6,10,4,11.5,0.6666666666666666
3234,2,6,11,3,11.666666666666666,0.5
3235,1,6,12,3,10.666666666666666,0.5
3235,2,6,9,4,12.0,0.6666666666666666
3236,1,0,0,0,0.0,0.0
3236,2,0,0,0,0.0,0.0
3237,1,6,10,4,12.75,0.6666666666666666
3237,2,6,12,2,13.0,0.3333333333333333
3238,1,6,7,0,0.0,0.0
3238,2,6,7,0,0.0,0.0
3239,1,6,11,6,11.333333333333334,1.0
3239,2,6,12,3,11.333333333333334,0.5
3240,1,6,6,0,0.0,0.0
3240,2,6,6,0,0.0,0.0
3241,1,6,10,6,13.0,1.0
3241,2,6,8,5,12.2,0.8333333333333334
3242,1,5,7,4,10.75,0.8
3242,2,5,7,3,11.333333333333334,0.6
3243,1,5,8,5,12.0,1.0
3243,2,5,12,2,10.5,0.4
3244,1,7,7,7,13.462857142857144,1.0
3244,2,8,8,8,13.90625,1.0
3245,1,6,13,3,10.0,0.5
3245,2,6,15,1,10.0,0.16666666666666666
3246,1,6,6,6,12.333333333333334,1.0
3246,2,6,7,6,13.666666666666666,1.0
3247,1,7,11,6,12.528571428571428,0.8571428571428571
3247,2,7,10,6,12.416666666666666,0.8571428571428571
3248,1,8,8,0,0.0,0.0
3248,2,8,8,0,0.0,0.0
3249,1,5,6,0,0.0,0.0
3249,2,5,7,0,0.0,0.0
3250,1,5,5,5,13.6,1.0
3250,2,5,6,4,13.25,0.8
3251,1,6,7,6,12.333333333333334,1.0
3251,2,6,6,2,14.0,0.3333333333333333
3252,1,13,16,10,11.454545454545457,0.7692307692307693
3252,2,11,13,7,12.25,0.6363636363636364
3253,1,13,13,8,13.5,0.6153846153846154
3253,2,11,12,5,14.4,0.45454545454545453
3254,1,5,5,0,0.0,0.0
3254,2,5,6,0,0.0,0.0
3255,1,5,5,2,11.0,0.4
3255,2,5,0,0,0.0,0.0
3256,1,6,9,6,13.714285714285714,1.0
3256,2,6,13,5,14.333333333333334,0.8333333333333334
3257,1,21,26,21,12.363636363636363,1.0
3257,2,16,21,12,12.25,0.75
3258,1,7,13,3,10.666666666666666,0.42857142857142855
3258,2,6,14,2,11.5,0.3333333333333333
3259,1,6,9,2,12.0,0.3333333333333333
3259,2,6,10,3,12.666666666666666,0.5
3260,1,7,7,7,12.857142857142858,1.0
3260,2,6,6,6,13.166666666666666,1.0
3261,1,6,10,6,13.125,1.0
3261,2,6,9,6,12.714285714285714,1.0
3262,1,5,6,0,0.0,0.0
3262,2,5,8,2,11.5,0.4
3263,1,6,13,2,13.5,0.3333333333333333
3263,2,6,6,0,0.0,0.0
3264,1,11,14,11,15.090909090909092,1.0
3264,2,10,11,10,15.0,1.0
3265,1,6,9,5,12.4,0.8333333333333334
3265,2,6,10,5,11.8,0.8333333333333334
3266,1,6,10,5,14.0,0.8333333333333334
3266,2,6,11,4,14.8,0.6666666666666666
3267,1,6,8,2,13.5,0.3333333333333333
3267,2,6,9,1,13.0,0.16666666666666666
3268,1,5,5,0,0.0,0.0
3268,2,5,5,0,0.0,0.0
3269,1,7,12,4,12.65,0.5714285714285714
3269,2,7,10,3,10.666666666666666,0.42857142857142855
3270,1,5,7,0,0.0,0.0
3270,2,5,7,0,0.0,0.0
3271,1,5,5,0,0.0,0.0
3271,2,5,5,0,0.0,0.0
3272,1,6,8,6,13.333333333333334,1.0
3272,2,6,7,5,12.8,0.8333333333333334
3273,1,5,9,3,11.333333333333334,0.6
3273,2,5,8,5,11.142857142857142,1.0
3274,1,6,0,0,0.0,0.0
3274,2,6,0,0,0.0,0.0
3275,1,0,0,0,0.0,0.0
3275,2,0,0,0,0.0,0.0
3276,1,5,7,3,11.666666666666666,0.6
3276,2,5,8,2,10.5,0.4
3277,1,6,8,6,12.166666666666666,1.0
3277,2,6,8,6,14.428571428571429,1.0
3278,1,6,7,6,13.333333333333334,1.0
3278,2,6,6,4,12.75,0.6666666666666666
3279,1,6,7,5,11.4,0.8333333333333334
3279,2,6,10,3,11.0,0.5
3280,1,6,9,6,12.142857142857142,1.0
3280,2,6,6,0,0.0,0.0
3281,1,18,36,17,13.058823529411764,0.9444444444444444
3281,2,12,15,12,12.307692307692308,1.0
3282,1,6,13,4,11.75,0.6666666666666666
3282,2,6,15,4,10.5,0.6666666666666666
3283,1,6,9,5,11.833333333333334,0.8333333333333334
3283,2,6,8,5,10.0,0.8333333333333334
3284,1,11,14,10,12.4,0.9090909090909091
3284,2,10,13,10,11.8,1.0
3285,1,6,8,6,13.428571428571429,1.0
3285,2,6,12,4,11.5,0.6666666666666666
3286,1,5,5,0,0.0,0.0
3286,2,5,9,0,0.0,0.0
3287,1,5,5,5,11.0,1.0
3287,2,5,5,5,13.4,1.0
3288,1,6,8,6,13.625,1.0
3288,2,6,8,6,14.428571428571429,1.0
3289,1,5,6,4,11.8,0.8
3289,2,5,7,2,11.5,0.4
3290,1,5,5,0,0.0,0.0
3290,2,5,7,0,0.0,0.0
3291,1,6,9,2,15.0,0.3333333333333333
3291,2,6,7,2,13.5,0.3333333333333333
3292,1,6,9,5,10.8,0.8333333333333334
3292,2,6,11,5,11.0,0.8333333333333334
3293,1,5,11,3,13.666666666666666,0.6
3293,2,5,10,3,11.333333333333334,0.6
3294,1,6,8,6,12.833333333333334,1.0
3294,2,6,8,6,13.333333333333334,1.0
3295,1,0,0,0,0.0,0.0
3295,2,0,0,0,0.0,0.0
3296,1,6,8,6,15.125,1.0
3296,2,6,7,6,13.428571428571429,1.0
3297,1,5,11,0,0.0,0.0
3297,2,5,7,1,10.0,0.2
3298,1,6,10,5,11.4,0.8333333333333334
3298,2,6,8,5,11.0,0.8333333333333334
3299,1,6,12,4,12.25,0.6666666666666666
3299,2,6,9,6,11.0,1.0
3300,1,6,0,0,0.0,0.0
3300,2,6,0,0,0.0,0.0
3301,1,7,12,3,14.0,0.42857142857142855
3301,2,6,12,1,14.0,0.16666666666666666
3302,1,6,7,6,12.333333333333334,1.0
3302,2,6,10,5,10.8,0.8333333333333334
3303,1,5,8,5,10.666666666666666,1.0
3303,2,5,11,2,11.0,0.4
3304,1,5,9,5,11.833333333333334,1.0
3304,2,5,9,5,14.714285714285714,1.0
3305,1,5,14,0,0.0,0.0
3305,2,5,5,0,0.0,0.0
3306,1,6,6,6,11.666666666666666,1.0
3306,2,6,6,6,12.166666666666666,1.0
3307,1,5,7,2,13.0,0.4
3307,2,5,5,0,0.0,0.0
3308,1,2,5,0,0.0,0.0
3308,2,4,4,0,0.0,0.0
3309,1,8,8,0,0.0,0.0
3309,2,8,8,0,0.0,0.0
3310,1,5,5,5,13.0,1.0
3310,2,5,5,5,14.2,1.0
3311,1,6,7,6,13.857142857142858,1.0
3311,2,6,6,6,14.0,1.0
3312,1,7,7,6,13.391666666666666,0.8571428571428571
3312,2,8,8,8,12.4875,1.0
3313,1,5,7,4,12.75,0.8
3313,2,5,5,0,0.0,0.0
3314,1,5,7,4,14.5,0.8
3314,2,5,5,5,14.6,1.0
3315,1,6,7,6,12.166666666666666,1.0
3315,2,6,6,6,12.166666666666666,1.0
3316,1,5,5,5,15.4,1.0
3316,2,5,5,5,15.6,1.0
3317,1,5,9,2,13.333333333333334,0.4
3317,2,5,9,2,16.0,0.4
3318,1,5,5,0,0.0,0.0
3318,2,5,5,0,0.0,0.0
3319,1,6,0,0,0.0,0.0
3319,2,6,0,0,0.0,0.0
3320,1,6,7,6,13.714285714285714,1.0
3320,2,6,8,6,14.714285714285714,1.0
3321,1,6,7,4,12.25,0.6666666666666666
3321,2,6,7,0,0.0,0.0
3322,1,6,9,5,16.0,0.8333333333333334
3322,2,6,11,4,16.5,0.6666666666666666
3323,1,5,8,1,11.0,0.2
3323,2,5,5,1,13.0,0.2
3324,1,7,7,7,14.085714285714284,1.0
3324,2,7,7,7,14.085714285714284,1.0
3325,1,6,9,6,10.166666666666666,1.0
3325,2,6,10,6,10.5,1.0
3326,1,5,8,1,10.0,0.2
3326,2,5,9,0,0.0,0.0
3327,1,5,10,0,0.0,0.0
3327,2,5,7,1,10.0,0.2
3328,1,5,10,2,10.5,0.4
3328,2,5,5,3,10.666666666666666,0.6
3329,1,0,0,0,0.0,0.0
3329,2,0,0,0,0.0,0.0
3330,1,6,6,0,0.0,0.0
3330,2,6,6,0,0.0,0.0
3331,1,6,12,0,0.0,0.0
3331,2,5,10,0,0.0,0.0
3332,1,6,8,0,0.0,0.0
3332,2,6,10,0,0.0,0.0
3333,1,6,15,5,13.333333333333334,0.8333333333333334
3333,2,6,15,5,12.4,0.8333333333333334
3334,1,0,0,0,0.0,0.0
3334,2,0,0,0,0.0,0.0
3335,1,6,7,6,13.571428571428571,1.0
3335,2,6,6,6,14.333333333333334,1.0
3336,1,6,6,6,12.833333333333334,1.0
3336,2,6,7,6,11.166666666666666,1.0
3337,1,5,6,4,10.25,0.8
3337,2,8,18,5,11.2,0.625
3338,1,6,6,0,0.0,0.0
3338,2,6,6,0,0.0,0.0
3339,1,5,5,4,14.5,0.8
3339,2,6,8,3,13.333333333333334,0.5
3340,1,5,6,5,15.8,1.0
3340,2,5,8,5,13.714285714285714,1.0
3341,1,6,0,0,0.0,0.0
3341,2,6,0,0,0.0,0.0
3342,1,5,8,4,12.5,0.8
3342,2,5,7,3,14.666666666666666,0.6
3343,1,18,22,18,11.666666666666666,1.0
3343,2,13,13,12,11.5,0.9230769230769231
3344,1,5,6,4,13.0,0.8
3344,2,5,5,5,13.0,1.0
3345,1,7,8,7,12.12142857142857,1.0
3345,2,9,12,8,11.50625,0.8888888888888888
3346,1,11,15,9,14.22222222222222,0.8181818181818182
3346,2,9,15,7,13.75,0.7777777777777778
3347,1,6,17,4,12.5,0.6666666666666666
3347,2,6,8,4,13.25,0.6666666666666666
3348,1,5,7,5,12.166666666666666,1.0
3348,2,5,7,5,15.285714285714286,1.0
3349,1,6,0,0,0.0,0.0
3349,2,6,0,0,0.0,0.0
3350,1,6,6,6,12.666666666666666,1.0
3350,2,6,6,6,11.5,1.0
3351,1,8,8,7,13.614285714285714,0.875
3351,2,8,8,7,13.614285714285714,0.875
3352,1,18,32,12,12.857142857142858,0.6666666666666666
3352,2,12,15,10,14.3,0.8333333333333334
3353,1,5,7,4,14.0,0.8
3353,2,5,5,5,14.2,1.0
3354,1,6,8,4,14.75,0.6666666666666666
3354,2,6,6,5,11.8,0.8333333333333334
3355,1,6,0,0,0.0,0.0
3355,2,6,0,0,0.0,0.0
3356,1,6,8,6,13.625,1.0
3356,2,6,7,6,14.285714285714286,1.0
3357,1,0,0,0,0.0,0.0
3357,2,0,0,0,0.0,0.0
3358,1,6,12,4,11.8,0.6666666666666666
3358,2,6,11,4,11.875,0.6666666666666666
3359,1,6,8,6,15.125,1.0
3359,2,6,10,6,14.6,1.0
3360,1,6,10,4,11.5,0.6666666666666666
3360,2,6,10,2,10.5,0.3333333333333333
3361,1,5,12,1,10.0,0.2
3361,2,5,11,1,11.0,0.2
3362,1,4,8,0,0.0,0.0
3362,2,5,10,0,0.0,0.0
3363,1,5,9,3,10.333333333333334,0.6
3363,2,5,6,5,12.8,1.0
3364,1,5,9,0,0.0,0.0
3364,2,5,6,2,11.666666666666666,0.4
3365,1,6,9,4,12.0,0.6666666666666666
3365,2,6,10,4,12.5,0.6666666666666666
3366,1,6,6,6,13.833333333333334,1.0
3366,2,6,6,6,14.5,1.0
3367,1,17,19,13,12.153846153846152,0.7647058823529411
3367,2,17,28,11,11.909090909090908,0.6470588235294118
3368,1,6,7,6,14.0,1.0
3368,2,6,8,6,13.666666666666666,1.0
3369,1,6,8,6,16.5,1.0
3369,2,6,6,5,13.8,0.8333333333333334
3370,1,5,11,1,18.0,0.2
3370,2,5,10,3,13.333333333333334,0.6
3371,1,6,11,6,11.285714285714286,1.0
3371,2,6,12,5,11.77777777777778,0.8333333333333334
3372,1,0,0,0,0.0,0.0
3372,2,0,0,0,0.0,0.0
3373,1,0,0,0,0.0,0.0
3373,2,0,0,0,0.0,0.0
3374,1,6,10,5,14.0,0.8333333333333334
3374,2,6,10,6,12.0,1.0
3375,1,5,13,4,13.75,0.8
3375,2,5,9,3,12.0,0.6
3376,1,6,9,4,13.25,0.6666666666666666
3376,2,6,6,5,11.0,0.8333333333333334
3377,1,5,7,4,14.25,0.8
3377,2,5,7,4,14.75,0.8
3378,1,5,9,0,0.0,0.0
3378,2,5,5,0,0.0,0.0
3379,1,12,12,8,11.25,0.6666666666666666
3379,2,8,8,3,11.333333333333334,0.375
3380,1,6,7,6,13.5,1.0
3380,2,6,8,6,12.5,1.0
3381,1,6,8,5,12.666666666666666,0.8333333333333334
3381,2,6,10,6,12.857142857142858,1.0
3382,1,6,6,6,15.166666666666666,1.0
3382,2,6,6,6,12.333333333333334,1.0
3383,1,6,6,6,13.166666666666666,1.0
3383,2,5,7,5,15.142857142857142,1.0
3384,1,12,20,10,11.8,0.8333333333333334
3384,2,12,15,9,11.444444444444445,0.75
3385,1,5,10,4,11.5,0.8
3385,2,5,11,0,0.0,0.0
3386,1,6,6,6,14.5,1.0
3386,2,6,8,6,11.333333333333334,1.0
3387,1,6,10,5,13.4,0.8333333333333334
3387,2,6,12,3,10.666666666666666,0.5
3388,1,0,0,0,0.0,0.0
3388,2,0,0,0,0.0,0.0
3389,1,5,8,4,10.8,0.8
3389,2,5,10,2,12.5,0.4
3390,1,5,6,0,0.0,0.0
3390,2,5,5,0,0.0,0.0
3391,1,10,23,6,11.428571428571429,0.6
3391,2,7,15,4,12.0,0.5714285714285714
3392,1,14,24,8,12.5,0.5714285714285714
3392,2,13,23,10,11.6,0.7692307692307693
3393,1,5,11,2,13.5,0.4
3393,2,5,11,3,12.333333333333334,0.6
3394,1,6,6,0,0.0,0.0
3394,2,6,12,0,0.0,0.0
3395,1,5,8,5,12.75,1.0
3395,2,5,7,5,11.5,1.0
3396,1,6,17,3,11.333333333333334,0.5
3396,2,6,14,3,12.333333333333334,0.5
3397,1,6,8,0,0.0,0.0
3397,2,6,10,0,0.0,0.0
3398,1,6,9,5,11.4,0.8333333333333334
3398,2,6,13,5,12.4,0.8333333333333334
3399,1,6,7,6,14.428571428571429,1.0
3399,2,6,7,6,14.571428571428571,1.0
3400,1,7,9,7,12.492857142857144,1.0
3400,2,8,10,8,11.7125,1.0
3401,1,8,10,4,11.5,0.5
3401,2,8,13,4,11.0,0.5
3402,1,5,7,5,11.2,1.0
3402,2,5,6,5,12.8,1.0
3403,1,5,9,3,12.0,0.6
3403,2,5,7,3,11.0,0.6
3404,1,8,8,7,15.885714285714286,0.875
3404,2,8,8,7,15.885714285714286,0.875
3405,1,7,12,4,12.94,0.5714285714285714
3405,2,7,12,4,11.58,0.5714285714285714
3406,1,6,6,6,14.0,1.0
3406,2,6,6,6,14.166666666666666,1.0
3407,1,0,0,0,0.0,0.0
3407,2,0,0,0,0.0,0.0
3408,1,7,7,0,0.0,0.0
3408,2,8,8,0,0.0,0.0
3409,1,5,0,0,0.0,0.0
3409,2,5,0,0,0.0,0.0
3410,1,5,8,4,11.25,0.8
3410,2,5,8,3,11.0,0.6
3411,1,5,5,0,0.0,0.0
3411,2,5,6,0,0.0,0.0
3412,1,6,13,4,11.25,0.6666666666666666
3412,2,6,12,0,0.0,0.0
3413,1,5,11,3,10.666666666666666,0.6
3413,2,5,10,4,12.5,0.8
3414,1,6,9,5,11.8,0.8333333333333334
3414,2,6,10,3,10.666666666666666,0.5
3415,1,10,19,8,11.625,0.8
3415,2,10,16,10,11.181818181818182,1.0
3416,1,6,11,0,0.0,0.0
3416,2,5,10,0,0.0,0.0
3417,1,6,8,4,10.25,0.6666666666666666
3417,2,6,6,4,11.25,0.6666666666666666
3418,1,15,16,15,10.8,1.0
3418,2,14,14,14,11.357142857142858,1.0
3419,1,12,15,11,12.545454545454543,0.9166666666666666
3419,2,11,16,11,12.666666666666666,1.0
3420,1,7,7,7,13.571428571428571,1.0
3420,2,6,9,5,13.4,0.8333333333333334
3421,1,6,0,0,0.0,0.0
3421,2,6,0,0,0.0,0.0
3422,1,5,5,0,0.0,0.0
3422,2,5,5,0,0.0,0.0
3423,1,6,9,6,14.77777777777778,1.0
3423,2,6,11,5,12.2,0.8333333333333334
3424,1,3,4,0,0.0,0.0
3424,2,4,8,0,0.0,0.0
3425,1,2,2,0,0.0,0.0
3425,2,2,2,0,0.0,0.0
3426,1,4,4,0,0.0,0.0
3426,2,5,0,0,0.0,0.0
3427,1,5,10,0,0.0,0.0
3427,2,5,5,0,0.0,0.0
3428,1,5,5,5,11.4,1.0
3428,2,5,7,5,11.6,1.0
3429,1,9,13,6,11.666666666666666,0.6666666666666666
3429,2,7,10,6,10.857142857142858,0.8571428571428571
3430,1,10,12,7,11.285714285714286,0.7
3430,2,8,8,5,13.0,0.625
3431,1,6,12,4,11.5,0.6666666666666666
3431,2,6,10,5,12.6,0.8333333333333334
3432,1,5,5,5,16.0,1.0
3432,2,5,5,5,16.0,1.0
3433,1,6,6,6,12.5,1.0
3433,2,6,7,6,12.666666666666666,1.0
3434,1,5,7,4,12.0,0.8
3434,2,5,10,3,13.0,0.6
3435,1,5,11,0,0.0,0.0
3435,2,5,11,3,11.666666666666666,0.6
3436,1,5,10,5,13.0,1.0
3436,2,5,10,5,12.6,1.0
3437,1,18,27,13,13.714285714285714,0.7222222222222222
3437,2,12,18,12,12.083333333333334,1.0
3438,1,5,9,3,12.333333333333334,0.6
3438,2,6,14,3,12.5,0.5
3439,1,17,31,11,12.727272727272728,0.6470588235294118
3439,2,12,24,10,12.7,0.8333333333333334
3440,1,5,5,1,14.0,0.2
3440,2,5,5,0,0.0,0.0
3441,1,5,0,0,0.0,0.0
3441,2,5,0,0,0.0,0.0
3442,1,6,8,5,11.4,0.8333333333333334
3442,2,6,12,3,11.0,0.5
3443,1,5,5,0,0.0,0.0
3443,2,5,5,1,10.0,0.2
3444,1,6,8,6,18.875,1.0
3444,2,12,14,12,17.692307692307693,1.0
3445,1,6,12,0,0.0,0.0
3445,2,6,12,0,0.0,0.0
3446,1,7,15,6,11.333333333333334,0.8571428571428571
3446,2,7,16,4,12.6,0.5714285714285714
3447,1,7,9,7,13.5,1.0
3447,2,5,6,5,16.2,1.0
3448,1,11,12,2,15.0,0.18181818181818182
3448,2,9,10,3,10.0,0.3333333333333333
3449,1,5,10,0,0.0,0.0
3449,2,5,7,0,0.0,0.0
3450,1,9,9,9,14.22222222222222,1.0
3450,2,5,5,5,12.8,1.0
3451,1,0,0,0,0.0,0.0
3451,2,0,0,0,0.0,0.0
3452,1,7,14,4,12.0,0.5714285714285714
3452,2,6,16,0,0.0,0.0
3453,1,5,9,5,12.6,1.0
3453,2,5,8,4,12.0,0.8
3454,1,12,12,12,15.083333333333334,1.0
3454,2,11,15,11,13.083333333333334,1.0
3455,1,5,5,0,0.0,0.0
3455,2,5,5,0,0.0,0.0
3456,1,6,8,6,14.5,1.0
3456,2,6,10,6,15.3,1.0
3457,1,6,6,6,14.5,1.0
3457,2,6,6,6,13.5,1.0
3458,1,5,12,3,10.0,0.6
3458,2,5,12,1,13.0,0.2
3459,1,5,0,0,0.0,0.0
3459,2,5,0,0,0.0,0.0
3460,1,5,5,5,11.6,1.0
3460,2,5,5,5,13.2,1.0
3461,1,6,10,4,11.75,0.6666666666666666
3461,2,6,7,0,0.0,0.0
3462,1,6,0,0,0.0,0.0
3462,2,6,0,0,0.0,0.0
3463,1,0,0,0,0.0,0.0
3463,2,0,0,0,0.0,0.0
3464,1,6,7,0,0.0,0.0
3464,2,6,6,0,0.0,0.0
3465,1,5,7,4,11.25,0.8
3465,2,5,8,4,11.8,0.8
3466,1,6,9,5,11.571428571428571,0.8333333333333334
3466,2,6,11,0,0.0,0.0
3467,1,5,7,4,10.0,0.8
3467,2,5,8,1,16.0,0.2
3468,1,6,11,5,13.833333333333334,0.8333333333333334
3468,2,6,13,6,12.3,1.0
3469,1,6,6,4,12.75,0.6666666666666666
3469,2,9,12,3,12.666666666666666,0.3333333333333333
3470,1,4,4,0,0.0,0.0
3470,2,5,9,0,0.0,0.0
3471,1,6,13,5,11.6,0.8333333333333334
3471,2,6,12,2,11.0,0.3333333333333333
3472,1,5,5,0,0.0,0.0
3472,2,5,5,0,0.0,0.0
3473,1,6,6,4,11.25,0.6666666666666666
3473,2,6,10,3,10.333333333333334,0.5
3474,1,6,0,0,0.0,0.0
3474,2,6,0,0,0.0,0.0
3475,1,6,6,6,14.333333333333334,1.0
3475,2,6,7,6,15.0,1.0
3476,1,6,7,0,0.0,0.0
3476,2,5,5,0,0.0,0.0
3477,1,23,23,20,13.5,0.8695652173913043
3477,2,23,23,20,13.5,0.8695652173913043
3478,1,6,8,6,12.666666666666666,1.0
3478,2,6,10,5,12.2,0.8333333333333334
3479,1,7,7,7,12.444285714285714,1.0
3479,2,8,11,7,11.347142857142858,0.875
3480,1,5,7,3,10.666666666666666,0.6
3480,2,5,7,3,11.333333333333334,0.6
3481,1,0,0,0,0.0,0.0
3481,2,0,0,0,0.0,0.0
3482,1,6,6,6,12.666666666666666,1.0
3482,2,6,6,5,12.4,0.8333333333333334
3483,1,5,5,5,13.2,1.0
3483,2,5,6,5,14.833333333333334,1.0
3484,1,12,20,10,12.7,0.8333333333333334
3484,2,12,14,11,12.181818181818182,0.9166666666666666
3485,1,5,6,5,14.833333333333334,1.0
3485,2,5,5,5,14.8,1.0
3486,1,10,10,4,11.5,0.4
3486,2,7,8,1,12.0,0.14285714285714285
3487,1,6,0,0,0.0,0.0
3487,2,6,0,0,0.0,0.0
3488,1,5,0,0,0.0,0.0
3488,2,5,0,0,0.0,0.0
3489,1,5,7,3,12.666666666666666,0.6
3489,2,5,12,2,12.5,0.4
3490,1,6,7,6,14.714285714285714,1.0
3490,2,6,6,6,12.5,1.0
3491,1,6,11,3,13.666666666666666,0.5
3491,2,6,13,4,10.25,0.6666666666666666
3492,1,5,9,5,10.8,1.0
3492,2,5,13,2,13.5,0.4
3493,1,8,13,4,10.5,0.5
3493,2,10,16,7,10.428571428571429,0.7
3494,1,6,10,6,15.0,1.0
3494,2,6,11,5,12.5,0.8333333333333334
3495,1,6,6,6,12.666666666666666,1.0
3495,2,6,6,6,14.0,1.0
3496,1,6,7,6,13.166666666666666,1.0
3496,2,6,6,6,13.666666666666666,1.0
3497,1,0,0,0,0.0,0.0
3497,2,0,0,0,0.0,0.0
3498,1,6,6,6,13.0,1.0
3498,2,6,6,6,12.5,1.0
3499,1,0,0,0,0.0,0.0
3499,2,0,0,0,0.0,0.0
3500,1,6,13,2,10.0,0.3333333333333333
3500,2,6,10,1,15.0,0.16666666666666666
3501,1,6,7,6,13.333333333333334,1.0
3501,2,6,16,5,13.375,0.8333333333333334
3502,1,6,13,3,12.333333333333334,0.5
3502,2,6,6,6,13.333333333333334,1.0
3503,1,21,23,20,13.181818181818182,0.9523809523809523
3503,2,14,18,14,11.642857142857142,1.0
3504,1,7,7,6,12.513333333333334,0.8571428571428571
3504,2,8,9,7,13.071428571428571,0.875
3505,1,6,0,0,0.0,0.0
3505,2,6,0,0,0.0,0.0
3506,1,8,8,7,13.585714285714284,0.875
3506,2,8,8,7,13.585714285714284,0.875
3507,1,7,9,7,11.155555555555557,1.0
3507,2,8,10,8,11.425,1.0
3508,1,7,9,6,11.857142857142858,0.8571428571428571
3508,2,6,7,5,12.0,0.8333333333333334
3509,1,0,0,0,0.0,0.0
3509,2,0,0,0,0.0,0.0
3510,1,14,14,14,14.0,1.0
3510,2,13,13,13,13.615384615384617,1.0
3511,1,6,8,5,12.0,0.8333333333333334
3511,2,6,0,0,0.0,0.0
3512,1,7,15,4,11.575,0.5714285714285714
3512,2,7,10,5,12.419999999999998,0.7142857142857143
3513,1,7,8,7,13.198571428571428,1.0
3513,2,8,8,8,13.0625,1.0
3514,1,6,10,6,13.5,1.0
3514,2,6,12,6,12.0,1.0
3515,1,6,6,6,13.333333333333334,1.0
3515,2,6,8,5,12.8,0.8333333333333334
3516,1,5,10,4,14.25,0.8
3516,2,5,14,1,10.0,0.2
3517,1,6,7,6,12.166666666666666,1.0
3517,2,6,9,4,12.0,0.6666666666666666
3518,1,8,8,7,12.214285714285714,0.875
3518,2,8,8,7,12.214285714285714,0.875
3519,1,6,8,6,12.666666666666666,1.0
3519,2,6,6,6,13.0,1.0
3520,1,6,7,6,12.285714285714286,1.0
3520,2,6,6,6,13.5,1.0
3521,1,6,7,6,13.0,1.0
3521,2,6,6,6,13.0,1.0
3522,1,6,8,6,12.142857142857142,1.0
3522,2,6,6,6,11.166666666666666,1.0
3523,1,7,8,7,13.875714285714285,1.0
3523,2,8,9,7,13.085714285714284,0.875
3524,1,6,0,0,0.0,0.0
3524,2,6,0,0,0.0,0.0
3525,1,6,12,6,11.666666666666666,1.0
3525,2,6,7,0,0.0,0.0
3526,1,6,13,6,13.153846153846152,1.0
3526,2,6,12,3,11.0,0.5
3527,1,6,6,6,14.5,1.0
3527,2,6,6,6,12.833333333333334,1.0
3528,1,7,7,7,14.44142857142857,1.0
3528,2,8,8,8,13.65625,1.0
3529,1,6,6,6,15.166666666666666,1.0
3529,2,6,7,6,14.285714285714286,1.0
3530,1,5,5,5,11.6,1.0
3530,2,5,12,4,12.625,0.8
3531,1,6,6,6,11.666666666666666,1.0
3531,2,6,6,6,12.333333333333334,1.0
3532,1,6,8,6,12.625,1.0
3532,2,6,10,6,13.2,1.0
3533,1,6,14,3,12.666666666666666,0.5
3533,2,6,7,6,11.0,1.0
3534,1,6,7,6,12.833333333333334,1.0
3534,2,6,8,6,13.0,1.0
3535,1,6,7,6,11.857142857142858,1.0
3535,2,6,8,6,13.142857142857142,1.0
3536,1,6,8,5,11.4,0.8333333333333334
3536,2,6,7,4,10.75,0.6666666666666666
3537,1,5,10,5,14.857142857142858,1.0
3537,2,5,7,5,15.142857142857142,1.0
3538,1,6,7,6,14.714285714285714,1.0
3538,2,6,6,6,15.833333333333334,1.0
3539,1,6,6,6,13.5,1.0
3539,2,6,9,5,13.0,0.8333333333333334
3540,1,5,7,4,11.5,0.8
3540,2,5,5,5,12.4,1.0
3541,1,5,9,2,14.0,0.4
3541,2,5,5,0,0.0,0.0
3542,1,7,8,6,12.833333333333334,0.8571428571428571
3542,2,6,6,0,0.0,0.0
3543,1,7,7,7,13.428571428571429,1.0
3543,2,8,8,8,14.75,1.0
3544,1,6,0,0,0.0,0.0
3544,2,6,0,0,0.0,0.0
3545,1,6,18,3,11.666666666666666,0.5
3545,2,6,14,4,11.5,0.6666666666666666
3546,1,6,6,6,16.0,1.0
3546,2,6,7,6,14.333333333333334,1.0
3547,1,6,6,6,13.833333333333334,1.0
3547,2,6,6,6,11.833333333333334,1.0
3548,1,8,9,8,13.2325,1.0
3548,2,8,9,8,13.2325,1.0
3549,1,6,6,6,14.0,1.0
3549,2,6,6,6,14.166666666666666,1.0
3550,1,6,14,2,10.0,0.3333333333333333
3550,2,6,6,0,0.0,0.0
3551,1,16,16,15,13.333333333333334,0.9375
3551,2,13,13,11,12.272727272727272,0.8461538461538461
3552,1,6,6,6,12.5,1.0
3552,2,6,6,6,14.333333333333334,1.0
3553,1,6,6,6,12.5,1.0
3553,2,6,6,6,11.5,1.0
3554,1,5,8,2,10.5,0.4
3554,2,5,5,0,0.0,0.0
3555,1,5,11,3,10.666666666666666,0.6
3555,2,5,9,3,11.333333333333334,0.6
3556,1,5,9,4,10.5,0.8
3556,2,5,11,2,10.5,0.4
3557,1,5,10,4,12.0,0.8
3557,2,5,6,5,11.4,1.0
3558,1,0,0,0,0.0,0.0
3558,2,0,0,0,0.0,0.0
3559,1,5,11,5,11.5,1.0
3559,2,5,9,2,10.666666666666666,0.4
3560,1,6,6,6,14.0,1.0
3560,2,6,6,6,13.5,1.0
3561,1,6,7,6,13.5,1.0
3561,2,6,8,5,12.6,0.8333333333333334
3562,1,8,8,8,13.07375,1.0
3562,2,8,8,8,13.07375,1.0
3563,1,7,9,2,10.75,0.2857142857142857
3563,2,7,9,0,0.0,0.0
3564,1,6,11,1,12.0,0.16666666666666666
3564,2,5,10,0,0.0,0.0
3565,1,6,6,6,14.0,1.0
3565,2,6,6,6,13.333333333333334,1.0
3566,1,6,7,6,12.333333333333334,1.0
3566,2,6,7,6,13.428571428571429,1.0
3567,1,7,7,7,13.464285714285714,1.0
3567,2,8,9,8,14.788888888888888,1.0
3568,1,6,14,3,10.666666666666666,0.5
3568,2,6,9,5,11.2,0.8333333333333334
3569,1,5,6,5,11.6,1.0
3569,2,5,8,5,12.2,1.0
3570,1,6,6,6,13.666666666666666,1.0
3570,2,6,6,6,14.666666666666666,1.0
3571,1,8,9,8,14.4025,1.0
3571,2,8,9,8,14.4025,1.0
3572,1,7,9,7,15.46875,1.0
3572,2,8,8,8,16.3875,1.0
3573,1,6,8,6,12.625,1.0
3573,2,6,6,6,14.166666666666666,1.0
3574,1,7,7,6,14.983333333333334,0.8571428571428571
3574,2,7,7,6,14.983333333333334,0.8571428571428571
3575,1,6,6,6,15.0,1.0
3575,2,6,6,6,13.0,1.0
3576,1,9,9,9,15.88888888888889,1.0
3576,2,7,7,7,14.142857142857142,1.0
3577,1,6,14,4,11.5,0.6666666666666666
3577,2,6,14,3,11.0,0.5
3578,1,6,14,2,10.5,0.3333333333333333
3578,2,6,11,1,10.0,0.16666666666666666
3579,1,7,7,6,13.983333333333334,0.8571428571428571
3579,2,7,7,6,13.983333333333334,0.8571428571428571
3580,1,6,6,6,13.0,1.0
3580,2,6,6,6,12.833333333333334,1.0
3581,1,6,6,6,13.666666666666666,1.0
3581,2,6,6,6,13.0,1.0
3582,1,6,8,0,0.0,0.0
3582,2,6,8,0,0.0,0.0
3583,1,5,5,5,14.4,1.0
3583,2,5,5,5,15.4,1.0
3584,1,5,10,4,12.0,0.8
3584,2,5,9,4,11.25,0.8
3585,1,6,6,6,14.166666666666666,1.0
3585,2,6,7,6,13.666666666666666,1.0
3586,1,6,8,5,12.2,0.8333333333333334
3586,2,6,7,6,12.0,1.0
3587,1,5,8,3,12.0,0.6
3587,2,5,9,3,12.666666666666666,0.6
3588,1,5,11,2,10.5,0.4
3588,2,5,14,1,11.0,0.2
3589,1,6,8,3,12.333333333333334,0.5
3589,2,6,11,2,10.5,0.3333333333333333
3590,1,6,7,5,12.2,0.8333333333333334
3590,2,6,7,5,12.2,0.8333333333333334
3591,1,6,6,0,0.0,0.0
3591,2,6,6,0,0.0,0.0
3592,1,7,10,6,11.5,0.8571428571428571
3592,2,7,8,6,13.166666666666666,0.8571428571428571
3593,1,9,9,9,10.88888888888889,1.0
3593,2,10,18,10,11.615384615384617,1.0
3594,1,7,12,6,12.166666666666666,0.8571428571428571
3594,2,8,8,8,11.675,1.0
3595,1,5,7,2,10.0,0.4
3595,2,5,9,1,12.0,0.2
3596,1,6,6,6,12.666666666666666,1.0
3596,2,6,6,6,12.166666666666666,1.0
3597,1,6,9,5,11.4,0.8333333333333334
3597,2,6,8,5,12.2,0.8333333333333334
3598,1,0,0,0,0.0,0.0
3598,2,0,0,0,0.0,0.0
3599,1,5,14,2,13.0,0.4
3599,2,5,8,4,12.0,0.8
3600,1,6,8,5,13.4,0.8333333333333334
3600,2,6,7,5,12.0,0.8333333333333334
3601,1,6,6,6,13.5,1.0
3601,2,6,8,5,12.8,0.8333333333333334
3602,1,6,14,4,12.25,0.6666666666666666
3602,2,6,11,3,11.333333333333334,0.5
3603,1,6,7,6,12.285714285714286,1.0
3603,2,6,7,6,12.833333333333334,1.0
3604,1,5,12,0,0.0,0.0
3604,2,5,8,0,0.0,0.0
3605,1,6,10,2,10.5,0.3333333333333333
3605,2,6,11,1,13.0,0.16666666666666666
3606,1,5,12,3,14.0,0.6
3606,2,5,8,5,12.0,1.0
3607,1,5,7,5,14.2,1.0
3607,2,5,10,5,12.2,1.0
3608,1,6,8,5,13.0,0.8333333333333334
3608,2,6,7,6,13.142857142857142,1.0
3609,1,6,6,6,11.0,1.0
3609,2,6,8,4,12.75,0.6666666666666666
3610,1,8,9,3,11.0,0.375
3610,2,7,7,2,10.0,0.2857142857142857
3611,1,7,9,6,12.385714285714286,0.8571428571428571
3611,2,8,9,8,13.755555555555556,1.0
3612,1,6,12,4,14.75,0.6666666666666666
3612,2,6,7,4,12.25,0.6666666666666666
3613,1,5,6,5,16.166666666666668,1.0
3613,2,5,6,5,15.833333333333334,1.0
3614,1,5,7,0,0.0,0.0
3614,2,5,8,0,0.0,0.0
3615,1,5,6,5,12.4,1.0
3615,2,5,9,3,13.0,0.6
3616,1,6,8,5,11.6,0.8333333333333334
3616,2,6,11,4,13.0,0.6666666666666666
3617,1,6,8,5,12.2,0.8333333333333334
3617,2,6,13,0,0.0,0.0
3618,1,6,7,5,11.0,0.8333333333333334
3618,2,6,7,5,12.8,0.8333333333333334
3619,1,6,8,6,12.333333333333334,1.0
3619,2,6,7,5,12.4,0.8333333333333334
3620,1,6,6,6,14.833333333333334,1.0
3620,2,6,7,6,12.571428571428571,1.0
3621,1,10,15,9,11.555555555555555,0.9
3621,2,11,17,10,11.9,0.9090909090909091
3622,1,6,6,6,12.0,1.0
3622,2,6,6,6,11.833333333333334,1.0
3623,1,13,13,11,12.727272727272728,0.8461538461538461
3623,2,11,11,10,12.6,0.9090909090909091
3624,1,2,2,2,10.5,1.0
3624,2,1,1,1,11.0,1.0
3625,1,6,6,6,12.333333333333334,1.0
3625,2,6,6,6,12.0,1.0
3626,1,5,10,0,0.0,0.0
3626,2,5,7,1,12.0,0.2
3627,1,7,7,7,14.842857142857143,1.0
3627,2,8,9,8,14.38888888888889,1.0
3628,1,7,7,7,12.2,1.0
3628,2,7,7,7,12.2,1.0
3629,1,5,10,4,10.8,0.8
3629,2,5,10,4,11.75,0.8
3630,1,5,7,4,12.75,0.8
3630,2,5,7,5,14.333333333333334,1.0
3631,1,5,13,2,11.0,0.4
3631,2,5,12,1,12.0,0.2
3632,1,6,9,4,10.75,0.6666666666666666
3632,2,6,12,0,0.0,0.0
3633,1,8,9,8,12.55375,1.0
3633,2,8,9,8,12.55375,1.0
3634,1,8,8,7,12.665714285714284,0.875
3634,2,8,8,7,12.665714285714284,0.875
3635,1,6,10,6,12.714285714285714,1.0
3635,2,6,8,4,13.0,0.6666666666666666
3636,1,7,7,2,11.75,0.2857142857142857
3636,2,5,10,0,0.0,0.0
3637,1,6,11,3,11.0,0.5
3637,2,6,14,0,0.0,0.0
3638,1,0,0,0,0.0,0.0
3638,2,0,0,0,0.0,0.0
3639,1,5,5,5,13.4,1.0
3639,2,5,6,5,12.2,1.0
3640,1,17,21,17,12.578947368421051,1.0
3640,2,17,20,17,12.117647058823527,1.0
3641,1,5,0,0,0.0,0.0
3641,2,5,0,0,0.0,0.0
3642,1,6,8,6,12.0,1.0
3642,2,6,8,6,11.5,1.0
3643,1,6,6,3,12.333333333333334,0.5
3643,2,6,9,0,0.0,0.0
3644,1,5,11,4,11.5,0.8
3644,2,5,11,3,13.5,0.6
3645,1,6,7,5,12.8,0.8333333333333334
3645,2,6,11,5,13.833333333333334,0.8333333333333334
3646,1,0,0,0,0.0,0.0
3646,2,0,0,0,0.0,0.0
3647,1,7,8,7,13.285714285714286,1.0
3647,2,8,11,7,12.142857142857142,0.875
3648,1,6,16,4,11.8,0.6666666666666666
3648,2,6,15,2,12.0,0.3333333333333333
3649,1,13,13,6,11.333333333333334,0.46153846153846156
3649,2,11,11,2,13.5,0.18181818181818182
3650,1,8,12,5,12.002,0.625
3650,2,8,12,5,12.002,0.625
3651,1,7,10,5,13.976666666666668,0.7142857142857143
3651,2,8,9,8,13.22222222222222,1.0
3652,1,6,10,5,15.2,0.8333333333333334
3652,2,6,9,1,11.0,0.16666666666666666
3653,1,6,7,6,13.142857142857142,1.0
3653,2,6,8,6,14.166666666666666,1.0
3654,1,5,14,0,0.0,0.0
3654,2,5,5,0,0.0,0.0
3655,1,8,11,7,13.867142857142856,0.875
3655,2,8,11,7,13.867142857142856,0.875
3656,1,8,11,6,12.675,0.75
3656,2,8,11,6,12.675,0.75
3657,1,0,0,0,0.0,0.0
3657,2,0,0,0,0.0,0.0
3658,1,6,6,6,12.0,1.0
3658,2,6,7,6,12.5,1.0
3659,1,0,0,0,0.0,0.0
3659,2,0,0,0,0.0,0.0
3660,1,6,7,6,11.0,1.0
3660,2,6,6,5,12.2,0.8333333333333334
3661,1,5,11,4,10.75,0.8
3661,2,5,11,4,11.333333333333334,0.8
3662,1,6,7,5,14.2,0.8333333333333334
3662,2,6,6,6,14.166666666666666,1.0
3663,1,7,11,4,12.6,0.5714285714285714
3663,2,7,7,4,11.575,0.5714285714285714
3664,1,5,5,0,0.0,0.0
3664,2,5,5,0,0.0,0.0
3665,1,5,6,5,14.0,1.0
3665,2,5,6,5,14.166666666666666,1.0
3666,1,6,16,2,10.0,0.3333333333333333
3666,2,6,12,4,12.25,0.6666666666666666
3667,1,6,6,6,13.833333333333334,1.0
3667,2,6,8,6,13.125,1.0
3668,1,5,8,2,11.0,0.4
3668,2,5,5,1,11.0,0.2
3669,1,8,8,7,11.635714285714286,0.875
3669,2,8,8,7,11.635714285714286,0.875
3670,1,6,6,4,12.25,0.6666666666666666
3670,2,5,5,0,0.0,0.0
3671,1,5,9,4,12.5,0.8
3671,2,5,11,5,11.285714285714286,1.0
3672,1,5,5,5,13.8,1.0
3672,2,5,6,5,13.666666666666666,1.0
3673,1,6,8,3,12.0,0.5
3673,2,6,9,1,11.0,0.16666666666666666
3674,1,5,9,3,11.0,0.6
3674,2,5,8,4,12.5,0.8
3675,1,6,7,4,13.75,0.6666666666666666
3675,2,6,10,6,11.555555555555555,1.0
3676,1,6,6,6,10.666666666666666,1.0
3676,2,6,8,4,11.25,0.6666666666666666
3677,1,7,7,0,0.0,0.0
3677,2,8,13,2,13.15,0.25
3678,1,5,6,5,13.833333333333334,1.0
3678,2,5,7,5,15.4,1.0
3679,1,6,6,0,0.0,0.0
3679,2,6,7,0,0.0,0.0
3680,1,5,5,5,15.8,1.0
3680,2,5,5,5,16.8,1.0
3681,1,14,26,12,12.52608695652174,0.8571428571428571
3681,2,14,26,12,12.52608695652174,0.8571428571428571
3682,1,7,9,6,12.783333333333331,0.8571428571428571
3682,2,8,11,0,0.0,0.0
3683,1,5,5,0,0.0,0.0
3683,2,5,5,1,10.0,0.2
3684,1,5,8,3,13.0,0.6
3684,2,5,8,3,10.666666666666666,0.6
3685,1,6,8,0,0.0,0.0
3685,2,6,10,0,0.0,0.0
3686,1,5,7,5,10.8,1.0
3686,2,5,9,3,12.0,0.6
3687,1,5,7,5,11.0,1.0
3687,2,5,7,3,10.0,0.6
3688,1,4,4,0,0.0,0.0
3688,2,5,5,0,0.0,0.0
3689,1,5,7,0,0.0,0.0
3689,2,5,5,0,0.0,0.0
3690,1,6,10,2,12.0,0.3333333333333333
3690,2,6,0,0,0.0,0.0
3691,1,5,7,4,10.75,0.8
3691,2,5,10,2,11.0,0.4
3692,1,5,8,5,11.6,1.0
3692,2,5,10,4,13.5,0.8
3693,1,5,6,5,11.8,1.0
3693,2,5,8,4,11.6,0.8
3694,1,6,7,6,16.0,1.0
3694,2,6,6,6,15.166666666666666,1.0
3695,1,6,6,6,12.666666666666666,1.0
3695,2,6,6,6,11.5,1.0
3696,1,7,12,4,14.4,0.5714285714285714
3696,2,7,9,6,13.5,0.8571428571428571
3697,1,6,6,0,0.0,0.0
3697,2,6,6,0,0.0,0.0
3698,1,6,11,4,12.25,0.6666666666666666
3698,2,6,9,4,13.4,0.6666666666666666
3699,1,7,9,5,12.6,0.7142857142857143
3699,2,9,10,8,12.75,0.8888888888888888
3700,1,8,8,7,13.4,0.875
3700,2,8,8,7,13.4,0.875
3701,1,0,0,0,0.0,0.0
3701,2,0,0,0,0.0,0.0
3702,1,6,9,1,10.0,0.16666666666666666
3702,2,6,6,0,0.0,0.0
3703,1,5,5,0,0.0,0.0
3703,2,5,5,0,0.0,0.0
3704,1,6,16,3,11.25,0.5
3704,2,6,14,4,11.2,0.6666666666666666
3705,1,5,10,0,0.0,0.0
3705,2,5,5,0,0.0,0.0
3706,1,5,8,3,10.666666666666666,0.6
3706,2,5,5,1,14.0,0.2
3707,1,5,7,4,11.75,0.8
3707,2,5,5,5,13.4,1.0
3708,1,5,5,0,0.0,0.0
3708,2,5,5,0,0.0,0.0
3709,1,6,6,6,12.666666666666666,1.0
3709,2,6,8,6,14.125,1.0
3710,1,7,14,7,11.95,1.0
3710,2,8,15,7,12.042857142857144,0.875
3711,1,6,7,5,14.0,0.8333333333333334
3711,2,6,6,6,15.666666666666666,1.0
3712,1,6,6,0,0.0,0.0
3712,2,6,12,0,0.0,0.0
3713,1,5,11,2,11.5,0.4
3713,2,5,10,0,0.0,0.0
3714,1,6,10,6,12.0,1.0
3714,2,6,12,5,12.8,0.8333333333333334
3715,1,6,7,6,16.428571428571427,1.0
3715,2,6,7,6,16.666666666666668,1.0
3716,1,7,9,5,13.336000000000002,0.7142857142857143
3716,2,8,9,7,13.207142857142856,0.875
3717,1,7,7,0,0.0,0.0
3717,2,8,8,0,0.0,0.0
3718,1,7,9,7,14.666666666666666,1.0
3718,2,6,8,6,14.0,1.0
3719,1,8,8,7,14.115714285714288,0.875
3719,2,8,8,7,14.115714285714288,0.875
3720,1,6,7,6,14.857142857142858,1.0
3720,2,6,10,6,13.11111111111111,1.0
3721,1,6,7,6,13.833333333333334,1.0
3721,2,6,10,6,13.714285714285714,1.0
3722,1,5,10,3,11.0,0.6
3722,2,5,9,4,11.75,0.8
3723,1,6,11,4,11.75,0.6666666666666666
3723,2,6,12,3,13.666666666666666,0.5
3724,1,5,15,2,10.0,0.4
3724,2,5,14,2,12.0,0.4
3725,1,8,15,6,12.415,0.75
3725,2,8,15,6,12.415,0.75
3726,1,5,12,1,11.0,0.2
3726,2,5,9,2,10.5,0.4
3727,1,6,14,5,14.428571428571429,0.8333333333333334
3727,2,6,7,6,13.428571428571429,1.0
3728,1,8,8,7,14.312857142857142,0.875
3728,2,8,8,7,14.312857142857142,0.875
3729,1,6,8,6,15.428571428571429,1.0
3729,2,6,7,5,14.5,0.8333333333333334
3730,1,5,9,4,12.0,0.8
3730,2,5,6,5,13.4,1.0
3731,1,6,7,6,13.833333333333334,1.0
3731,2,6,7,6,13.714285714285714,1.0
3732,1,6,6,6,12.166666666666666,1.0
3732,2,6,7,6,12.142857142857142,1.0
3733,1,8,8,7,14.014285714285714,0.875
3733,2,8,8,7,14.014285714285714,0.875
3734,1,6,15,2,10.333333333333334,0.3333333333333333
3734,2,6,13,3,13.333333333333334,0.5
3735,1,6,7,5,13.2,0.8333333333333334
3735,2,6,7,5,13.6,0.8333333333333334
3736,1,7,7,6,15.4,0.8571428571428571
3736,2,7,7,6,15.4,0.8571428571428571
3737,1,7,7,7,13.385714285714286,1.0
3737,2,8,8,8,15.925,1.0
3738,1,6,13,6,10.857142857142858,1.0
3738,2,6,10,4,11.0,0.6666666666666666
3739,1,5,11,5,11.333333333333334,1.0
3739,2,5,8,5,12.0,1.0
3740,1,5,7,4,14.5,0.8
3740,2,5,5,5,13.6,1.0
3741,1,6,6,6,14.166666666666666,1.0
3741,2,6,8,6,12.375,1.0
3742,1,6,7,6,12.833333333333334,1.0
3742,2,6,8,6,12.0,1.0
3743,1,6,7,6,13.333333333333334,1.0
3743,2,6,6,6,14.5,1.0
3744,1,6,7,6,13.666666666666666,1.0
3744,2,6,7,6,14.571428571428571,1.0
3745,1,6,6,6,10.833333333333334,1.0
3745,2,6,7,5,11.0,0.8333333333333334
3746,1,6,7,6,13.428571428571429,1.0
3746,2,6,8,6,13.142857142857142,1.0
3747,1,7,7,7,12.401428571428571,1.0
3747,2,8,10,6,11.808333333333332,0.75
3748,1,6,8,0,0.0,0.0
3748,2,6,10,0,0.0,0.0
3749,1,4,4,0,0.0,0.0
3749,2,5,0,0,0.0,0.0
3750,1,5,9,4,11.5,0.8
3750,2,5,6,5,11.6,1.0
3751,1,5,8,0,0.0,0.0
3751,2,5,5,0,0.0,0.0
3752,1,6,8,6,14.142857142857142,1.0
3752,2,6,6,6,13.5,1.0
3753,1,6,6,0,0.0,0.0
3753,2,5,6,0,0.0,0.0
3754,1,10,12,10,13.8,1.0
3754,2,10,10,10,12.8,1.0
3755,1,10,10,10,13.6,1.0
3755,2,10,10,5,13.6,0.5
3756,1,16,23,15,11.733333333333333,0.9375
3756,2,11,17,9,11.88888888888889,0.8181818181818182
3757,1,5,8,1,10.0,0.2
3757,2,5,9,1,10.0,0.2
3758,1,6,19,0,0.0,0.0
3758,2,6,6,0,0.0,0.0
3759,1,6,6,0,0.0,0.0
3759,2,6,8,0,0.0,0.0
3760,1,6,12,4,10.8,0.6666666666666666
3760,2,6,13,4,12.0,0.6666666666666666
3761,1,7,8,6,13.046666666666669,0.8571428571428571
3761,2,8,10,7,13.30625,0.875
3762,1,9,13,8,11.0,0.8888888888888888
3762,2,7,10,6,10.833333333333334,0.8571428571428571
3763,1,6,10,3,12.333333333333334,0.5
3763,2,6,14,3,11.666666666666666,0.5
3764,1,11,16,10,11.8,0.9090909090909091
3764,2,7,7,7,13.285714285714286,1.0
3765,1,5,8,3,11.0,0.6
3765,2,5,8,3,11.25,0.6
3766,1,8,8,8,13.11,1.0
3766,2,8,8,8,13.11,1.0
3767,1,8,8,7,14.414285714285716,0.875
3767,2,8,8,7,14.414285714285716,0.875
3768,1,5,5,0,0.0,0.0
3768,2,5,10,0,0.0,0.0
3769,1,5,8,5,12.333333333333334,1.0
3769,2,5,7,5,12.2,1.0
3770,1,7,9,0,0.0,0.0
3770,2,7,8,1,10.0,0.14285714285714285
3771,1,7,9,7,14.1,1.0
3771,2,8,8,8,13.3125,1.0
3772,1,8,8,8,13.045,1.0
3772,2,8,8,8,13.045,1.0
3773,1,8,10,5,12.858,0.625
3773,2,8,10,5,12.858,0.625
3774,1,8,8,8,14.2525,1.0
3774,2,8,8,8,14.2525,1.0
3775,1,7,9,5,14.06,0.7142857142857143
3775,2,7,9,7,11.242857142857142,1.0
3776,1,8,8,7,15.075714285714286,0.875
3776,2,8,8,7,15.075714285714286,0.875
3777,1,0,0,0,0.0,0.0
3777,2,0,0,0,0.0,0.0
3778,1,5,5,4,13.75,0.8
3778,2,6,9,5,12.6,0.8333333333333334
3779,1,17,28,17,13.15,1.0
3779,2,12,22,12,13.214285714285714,1.0
3780,1,6,9,5,12.333333333333334,0.8333333333333334
3780,2,6,7,5,11.8,0.8333333333333334
3781,1,7,8,7,13.778571428571428,1.0
3781,2,8,10,8,13.122222222222222,1.0
3782,1,6,12,3,10.333333333333334,0.5
3782,2,6,14,1,11.0,0.16666666666666666
3783,1,6,11,3,11.333333333333334,0.5
3783,2,6,7,2,11.0,0.3333333333333333
3784,1,6,7,5,13.2,0.8333333333333334
3784,2,6,6,6,12.666666666666666,1.0
3785,1,6,8,6,13.571428571428571,1.0
3785,2,6,11,6,12.375,1.0
3786,1,11,14,11,12.75,1.0
3786,2,7,7,7,13.428571428571429,1.0
3787,1,6,11,3,13.0,0.5
3787,2,6,15,1,12.0,0.16666666666666666
3788,1,5,7,3,11.333333333333334,0.6
3788,2,5,7,4,11.0,0.8
3789,1,6,12,0,0.0,0.0
3789,2,6,9,0,0.0,0.0
3790,1,0,0,0,0.0,0.0
3790,2,0,0,0,0.0,0.0
3791,1,5,7,2,12.5,0.4
3791,2,5,13,1,11.0,0.2
3792,1,6,7,6,14.857142857142858,1.0
3792,2,6,8,6,14.142857142857142,1.0
3793,1,9,13,8,12.0,0.8888888888888888
3793,2,7,8,7,11.571428571428571,1.0
3794,1,0,0,0,0.0,0.0
3794,2,0,0,0,0.0,0.0
3795,1,5,5,0,0.0,0.0
3795,2,5,5,0,0.0,0.0
3796,1,7,8,7,12.828571428571427,1.0
3796,2,8,8,8,12.6875,1.0
3797,1,7,0,0,0.0,0.0
3797,2,8,0,0,0.0,0.0
3798,1,6,6,6,13.333333333333334,1.0
3798,2,6,8,5,14.0,0.8333333333333334
3799,1,14,20,14,13.072857142857144,1.0
3799,2,14,20,14,13.072857142857144,1.0
3800,1,7,13,5,12.0,0.7142857142857143
3800,2,7,7,3,11.0,0.42857142857142855
3801,1,6,6,6,15.5,1.0
3801,2,6,6,6,16.0,1.0
3802,1,6,6,0,0.0,0.0
3802,2,6,6,0,0.0,0.0
3803,1,6,7,6,14.714285714285714,1.0
3803,2,6,6,6,15.166666666666666,1.0
3804,1,6,7,6,16.714285714285715,1.0
3804,2,6,6,6,15.333333333333334,1.0
3805,1,6,9,6,10.857142857142858,1.0
3805,2,6,7,6,11.666666666666666,1.0
3806,1,7,8,6,11.658333333333331,0.8571428571428571
3806,2,8,11,6,12.416666666666666,0.75
3807,1,6,8,5,11.6,0.8333333333333334
3807,2,6,7,6,12.0,1.0
3808,1,6,8,6,14.625,1.0
3808,2,6,9,6,14.142857142857142,1.0
3809,1,6,6,6,12.166666666666666,1.0
3809,2,6,8,6,12.666666666666666,1.0
3810,1,7,12,4,13.375,0.5714285714285714
3810,2,7,8,6,12.116666666666667,0.8571428571428571
3811,1,6,6,6,12.5,1.0
3811,2,6,6,6,12.833333333333334,1.0
3812,1,7,8,5,12.56,0.7142857142857143
3812,2,7,8,5,12.56,0.7142857142857143
3813,1,7,7,7,13.19,1.0
3813,2,8,8,8,14.23125,1.0
3814,1,6,11,3,11.0,0.5
3814,2,6,9,4,11.25,0.6666666666666666
3815,1,0,0,0,0.0,0.0
3815,2,0,0,0,0.0,0.0
3816,1,6,11,5,11.6,0.8333333333333334
3816,2,6,10,6,11.714285714285714,1.0
3817,1,7,7,6,14.266666666666666,0.8571428571428571
3817,2,7,7,6,14.266666666666666,0.8571428571428571
3818,1,5,6,4,11.0,0.8
3818,2,5,9,4,13.857142857142858,0.8
3819,1,10,11,9,12.666666666666666,0.9
3819,2,7,7,7,12.428571428571429,1.0
3820,1,6,6,0,0.0,0.0
3820,2,6,10,3,11.0,0.5
3821,1,8,11,7,12.771428571428572,0.875
3821,2,8,11,7,12.771428571428572,0.875
3822,1,5,12,0,0.0,0.0
3822,2,5,5,0,0.0,0.0
3823,1,6,6,6,15.5,1.0
3823,2,6,7,6,13.571428571428571,1.0
3824,1,6,7,6,13.285714285714286,1.0
3824,2,6,9,5,14.6,0.8333333333333334
3825,1,7,11,5,11.716666666666669,0.7142857142857143
3825,2,7,8,5,13.7,0.7142857142857143
3826,1,6,8,6,11.333333333333334,1.0
3826,2,6,12,4,13.75,0.6666666666666666
3827,1,6,6,6,13.333333333333334,1.0
3827,2,6,10,5,13.4,0.8333333333333334
3828,1,5,13,4,12.333333333333334,0.8
3828,2,5,14,2,10.0,0.4
3829,1,6,6,6,12.333333333333334,1.0
3829,2,6,6,6,12.833333333333334,1.0
3830,1,0,0,0,0.0,0.0
3830,2,0,0,0,0.0,0.0
3831,1,5,8,5,12.6,1.0
3831,2,5,9,4,11.6,0.8
3832,1,5,5,5,12.6,1.0
3832,2,5,5,4,11.0,0.8
3833,1,6,10,6,14.333333333333334,1.0
3833,2,6,9,6,12.833333333333334,1.0
3834,1,5,8,3,12.0,0.6
3834,2,5,9,2,11.0,0.4
3835,1,6,7,6,14.857142857142858,1.0
3835,2,6,10,5,13.6,0.8333333333333334
3836,1,15,17,12,11.916666666666666,0.8
3836,2,13,13,11,13.181818181818182,0.8461538461538461
3837,1,5,5,0,0.0,0.0
3837,2,5,5,0,0.0,0.0
3838,1,5,12,3,13.333333333333334,0.6
3838,2,5,8,5,12.2,1.0
3839,1,5,5,0,0.0,0.0
3839,2,5,5,0,0.0,0.0
3840,1,6,6,6,17.0,1.0
3840,2,6,6,6,15.5,1.0
3841,1,6,13,3,11.666666666666666,0.5
3841,2,6,14,2,11.333333333333334,0.3333333333333333
3842,1,19,24,19,12.210526315789474,1.0
3842,2,13,13,13,11.384615384615383,1.0
3843,1,6,8,6,13.0,1.0
3843,2,6,9,5,12.857142857142858,0.8333333333333334
3844,1,5,0,0,0.0,0.0
3844,2,5,0,0,0.0,0.0
3845,1,5,9,2,10.5,0.4
3845,2,5,7,3,11.0,0.6
3846,1,6,7,6,13.571428571428571,1.0
3846,2,6,9,6,12.714285714285714,1.0
3847,1,3,7,1,14.0,0.3333333333333333
3847,2,2,4,0,0.0,0.0
3848,1,5,5,0,0.0,0.0
3848,2,4,5,0,0.0,0.0
3849,1,15,20,13,12.461538461538462,0.8666666666666667
3849,2,13,13,10,11.1,0.7692307692307693
3850,1,6,8,4,14.4,0.6666666666666666
3850,2,6,6,5,13.0,0.8333333333333334
3851,1,6,6,0,0.0,0.0
3851,2,6,0,0,0.0,0.0
3852,1,6,6,6,14.333333333333334,1.0
3852,2,6,6,6,14.166666666666666,1.0
3853,1,13,21,11,11.909090909090908,0.8461538461538461
3853,2,11,14,11,10.727272727272728,1.0
3854,1,6,8,6,13.714285714285714,1.0
3854,2,6,8,6,14.375,1.0
3855,1,7,0,0,0.0,0.0
3855,2,8,0,0,0.0,0.0
3856,1,7,10,5,13.46,0.7142857142857143
3856,2,7,8,7,12.2375,1.0
3857,1,6,6,6,15.0,1.0
3857,2,6,6,6,13.333333333333334,1.0
3858,1,0,0,0,0.0,0.0
3858,2,0,0,0,0.0,0.0
3859,1,6,7,5,13.4,0.8333333333333334
3859,2,6,6,5,12.8,0.8333333333333334
3860,1,6,9,5,13.0,0.8333333333333334
3860,2,6,10,4,12.5,0.6666666666666666
3861,1,6,13,4,11.25,0.6666666666666666
3861,2,6,8,4,13.75,0.6666666666666666
3862,1,5,5,5,12.6,1.0
3862,2,5,7,5,11.6,1.0
3863,1,6,8,6,12.666666666666666,1.0
3863,2,6,6,6,11.833333333333334,1.0
3864,1,21,23,21,12.333333333333334,1.0
3864,2,19,19,19,12.105263157894736,1.0
3865,1,6,11,5,12.0,0.8333333333333334
3865,2,6,11,5,11.0,0.8333333333333334
3866,1,5,5,5,16.4,1.0
3866,2,5,5,5,16.6,1.0
3867,1,1,1,0,0.0,0.0
3867,2,6,0,0,0.0,0.0
3868,1,6,10,6,12.75,1.0
3868,2,6,6,4,14.75,0.6666666666666666
3869,1,5,14,4,14.5,0.8
3869,2,5,12,5,13.0,1.0
3870,1,5,5,5,14.8,1.0
3870,2,5,5,5,14.4,1.0
3871,1,17,22,17,10.36842105263158,1.0
3871,2,17,18,17,11.5,1.0
3872,1,7,0,0,0.0,0.0
3872,2,8,0,0,0.0,0.0
3873,1,10,15,6,10.666666666666666,0.6
3873,2,10,17,9,11.333333333333334,0.9
3874,1,15,21,13,12.692307692307692,0.8666666666666667
3874,2,15,22,13,12.384615384615383,0.8666666666666667
3875,1,5,0,0,0.0,0.0
3875,2,5,0,0,0.0,0.0
3876,1,15,15,15,11.8,1.0
3876,2,13,13,12,11.666666666666666,0.9230769230769231
3877,1,7,7,0,0.0,0.0
3877,2,5,10,0,0.0,0.0
3878,1,6,9,5,12.333333333333334,0.8333333333333334
3878,2,6,12,4,11.5,0.6666666666666666
3879,1,12,18,11,13.0,0.9166666666666666
3879,2,13,22,8,11.875,0.6153846153846154
3880,1,6,13,4,12.5,0.6666666666666666
3880,2,6,8,3,11.666666666666666,0.5
3881,1,6,8,5,12.2,0.8333333333333334
3881,2,6,10,4,11.25,0.6666666666666666
3882,1,10,15,8,11.0,0.8
3882,2,7,16,5,11.2,0.7142857142857143
3883,1,5,14,1,10.0,0.2
3883,2,5,13,2,12.0,0.4
3884,1,6,7,6,12.333333333333334,1.0
3884,2,6,8,6,11.5,1.0
3885,1,13,13,13,14.307692307692308,1.0
3885,2,12,15,12,15.23076923076923,1.0
3886,1,11,13,11,14.454545454545457,1.0
3886,2,8,8,8,13.5,1.0
3887,1,5,6,5,11.0,1.0
3887,2,5,5,5,13.2,1.0
3888,1,6,8,6,13.142857142857142,1.0
3888,2,6,6,6,12.833333333333334,1.0
3889,1,6,8,6,13.75,1.0
3889,2,6,7,6,11.857142857142858,1.0
3890,1,6,6,6,14.0,1.0
3890,2,6,9,5,13.8,0.8333333333333334
3891,1,8,13,8,13.75,1.0
3891,2,6,9,6,12.5,1.0
3892,1,5,5,0,0.0,0.0
3892,2,5,6,0,0.0,0.0
3893,1,6,6,6,13.166666666666666,1.0
3893,2,6,8,6,12.428571428571429,1.0
3894,1,12,12,9,12.444444444444445,0.75
3894,2,7,8,6,12.0,0.8571428571428571
3895,1,6,7,6,12.666666666666666,1.0
3895,2,6,7,5,13.0,0.8333333333333334
3896,1,6,7,6,11.333333333333334,1.0
3896,2,6,7,6,10.5,1.0
3897,1,5,9,4,11.25,0.8
3897,2,5,6,5,12.0,1.0
3898,1,7,8,7,13.6125,1.0
3898,2,8,8,8,14.575,1.0
3899,1,8,8,7,12.414285714285716,0.875
3899,2,8,8,7,12.414285714285716,0.875
3900,1,0,0,0,0.0,0.0
3900,2,0,0,0,0.0,0.0
3901,1,12,21,11,11.5,0.9166666666666666
3901,2,12,22,12,11.4375,1.0
3902,1,5,5,0,0.0,0.0
3902,2,6,0,0,0.0,0.0
3903,1,7,10,7,11.0,1.0
3903,2,8,8,8,13.125,1.0
3904,1,6,6,6,14.0,1.0
3904,2,6,6,6,13.5,1.0
3905,1,6,13,4,12.0,0.6666666666666666
3905,2,6,10,3,12.0,0.5
3906,1,6,7,6,12.5,1.0
3906,2,6,7,6,12.5,1.0
3907,1,6,8,6,11.333333333333334,1.0
3907,2,6,9,6,11.333333333333334,1.0
3908,1,7,7,6,14.066666666666668,0.8571428571428571
3908,2,7,7,6,14.066666666666668,0.8571428571428571
3909,1,9,14,8,13.555555555555555,0.8888888888888888
3909,2,7,10,7,13.571428571428571,1.0
3910,1,6,13,5,11.6,0.8333333333333334
3910,2,6,11,4,12.25,0.6666666666666666
3911,1,6,0,0,0.0,0.0
3911,2,6,0,0,0.0,0.0
3912,1,8,8,8,13.27625,1.0
3912,2,8,8,8,13.27625,1.0
3913,1,6,0,0,0.0,0.0
3913,2,6,0,0,0.0,0.0
3914,1,6,8,6,14.375,1.0
3914,2,6,8,6,14.75,1.0
3915,1,5,0,0,0.0,0.0
3915,2,5,0,0,0.0,0.0
3916,1,6,7,6,10.666666666666666,1.0
3916,2,6,9,5,11.8,0.8333333333333334
3917,1,13,19,12,13.416666666666666,0.9230769230769231
3917,2,10,10,10,14.5,1.0
3918,1,7,9,6,12.97166666666667,0.8571428571428571
3918,2,8,9,7,12.321428571428571,0.875
3919,1,15,16,14,10.928571428571429,0.9333333333333333
3919,2,14,16,12,11.833333333333334,0.8571428571428571
3920,1,6,6,0,0.0,0.0
3920,2,6,7,0,0.0,0.0
3921,1,0,0,0,0.0,0.0
3921,2,0,0,0,0.0,0.0
3922,1,6,6,4,13.25,0.6666666666666666
3922,2,6,6,0,0.0,0.0
3923,1,6,14,6,11.333333333333334,1.0
3923,2,6,11,5,12.4,0.8333333333333334
3924,1,5,6,1,11.0,0.2
3924,2,5,5,0,0.0,0.0
3925,1,8,9,7,12.757142857142856,0.875
3925,2,8,9,7,12.757142857142856,0.875
3926,1,6,6,6,14.5,1.0
3926,2,6,6,6,14.666666666666666,1.0
3927,1,6,6,6,13.833333333333334,1.0
3927,2,6,7,6,14.571428571428571,1.0
3928,1,5,8,4,11.25,0.8
3928,2,5,7,5,10.4,1.0
3929,1,0,0,0,0.0,0.0
3929,2,0,0,0,0.0,0.0
3930,1,8,10,1,13.67,0.125
3930,2,8,10,1,13.67,0.125
3931,1,5,9,0,0.0,0.0
3931,2,5,5,2,12.5,0.4
3932,1,5,10,1,13.0,0.2
3932,2,5,14,0,0.0,0.0
3933,1,5,5,0,0.0,0.0
3933,2,5,5,0,0.0,0.0
3934,1,8,12,7,11.971428571428572,0.875
3934,2,8,12,7,11.971428571428572,0.875
3935,1,6,12,0,0.0,0.0
3935,2,6,11,0,0.0,0.0
3936,1,6,11,1,16.0,0.16666666666666666
3936,2,6,8,4,12.25,0.6666666666666666
3937,1,6,0,0,0.0,0.0
3937,2,6,0,0,0.0,0.0
3938,1,6,9,4,12.75,0.6666666666666666
3938,2,5,5,0,0.0,0.0
3939,1,5,9,4,11.0,0.8
3939,2,5,10,4,10.75,0.8
3940,1,2,2,0,0.0,0.0
3940,2,6,0,0,0.0,0.0
3941,1,6,7,5,12.2,0.8333333333333334
3941,2,6,6,6,12.333333333333334,1.0
3942,1,7,9,7,12.428571428571429,1.0
3942,2,8,8,8,12.3,1.0
3943,1,12,12,12,14.5,1.0
3943,2,11,15,11,13.583333333333334,1.0
3944,1,12,13,6,13.0,0.5
3944,2,12,14,11,13.833333333333334,0.9166666666666666
3945,1,7,7,7,11.714285714285714,1.0
3945,2,8,8,8,12.75,1.0
3946,1,7,12,4,10.25,0.5714285714285714
3946,2,7,10,3,13.0,0.42857142857142855
3947,1,6,0,0,0.0,0.0
3947,2,6,0,0,0.0,0.0
3948,1,6,9,6,12.375,1.0
3948,2,6,7,6,13.142857142857142,1.0
3949,1,6,6,6,12.666666666666666,1.0
3949,2,6,6,6,12.0,1.0
3950,1,6,13,3,10.5,0.5
3950,2,6,19,1,12.0,0.16666666666666666
3951,1,6,11,6,14.125,1.0
3951,2,6,10,5,12.6,0.8333333333333334
3952,1,6,7,6,14.666666666666666,1.0
3952,2,6,12,6,13.833333333333334,1.0
3953,1,5,8,5,11.4,1.0
3953,2,5,7,3,12.333333333333334,0.6
3954,1,0,0,0,0.0,0.0
3954,2,0,0,0,0.0,0.0
3955,1,6,7,6,14.0,1.0
3955,2,6,7,5,14.8,0.8333333333333334
3956,1,0,0,0,0.0,0.0
3956,2,0,0,0,0.0,0.0
3957,1,7,7,0,0.0,0.0
3957,2,7,7,0,0.0,0.0
3958,1,11,11,11,12.636363636363637,1.0
3958,2,8,8,8,11.0,1.0
3959,1,6,11,3,12.333333333333334,0.5
3959,2,6,13,2,11.0,0.3333333333333333
3960,1,6,7,6,15.0,1.0
3960,2,6,10,6,12.833333333333334,1.0
3961,1,6,8,4,11.75,0.6666666666666666
3961,2,6,10,6,12.666666666666666,1.0
3962,1,8,8,7,14.13714285714286,0.875
3962,2,8,8,7,14.13714285714286,0.875
3963,1,6,6,2,12.0,0.3333333333333333
3963,2,6,6,1,11.0,0.16666666666666666
3964,1,5,5,5,10.8,1.0
3964,2,5,9,4,11.5,0.8
3965,1,6,8,6,13.285714285714286,1.0
3965,2,6,8,6,12.5,1.0
3966,1,5,7,5,13.6,1.0
3966,2,5,5,5,12.6,1.0
3967,1,7,8,7,13.55,1.0
3967,2,8,8,8,14.1875,1.0
3968,1,8,8,0,0.0,0.0
3968,2,8,8,0,0.0,0.0
3969,1,6,10,4,13.5,0.6666666666666666
3969,2,6,7,6,11.166666666666666,1.0
3970,1,6,8,5,11.6,0.8333333333333334
3970,2,6,9,5,14.2,0.8333333333333334
3971,1,10,16,10,12.5,1.0
3971,2,7,9,4,12.6,0.5714285714285714
3972,1,5,14,1,11.0,0.2
3972,2,5,11,2,12.666666666666666,0.4
3973,1,5,9,3,12.0,0.6
3973,2,5,6,4,13.0,0.8
3974,1,5,8,4,11.6,0.8
3974,2,5,10,3,12.333333333333334,0.6
3975,1,0,0,0,0.0,0.0
3975,2,0,0,0,0.0,0.0
3976,1,10,14,10,14.636363636363637,1.0
3976,2,10,13,10,14.6,1.0
3977,1,6,8,6,13.0,1.0
3977,2,6,6,6,12.166666666666666,1.0
3978,1,18,23,14,12.785714285714286,0.7777777777777778
3978,2,17,18,16,13.875,0.9411764705882353
3979,1,6,6,6,14.5,1.0
3979,2,6,7,5,12.0,0.8333333333333334
3980,1,5,12,4,14.6,0.8
3980,2,5,5,4,12.75,0.8
3981,1,6,7,6,12.5,1.0
3981,2,6,6,6,12.166666666666666,1.0
3982,1,6,6,6,14.0,1.0
3982,2,6,8,6,13.125,1.0
3983,1,7,7,7,13.801428571428572,1.0
3983,2,8,8,8,14.575,1.0
3984,1,6,7,6,14.428571428571429,1.0
3984,2,6,7,6,13.666666666666666,1.0
3985,1,7,7,6,14.35,0.8571428571428571
3985,2,7,7,6,14.35,0.8571428571428571
3986,1,6,6,6,14.333333333333334,1.0
3986,2,6,6,6,13.5,1.0
3987,1,6,10,4,12.25,0.6666666666666666
3987,2,6,8,4,11.5,0.6666666666666666
3988,1,6,9,6,13.333333333333334,1.0
3988,2,6,6,6,11.833333333333334,1.0
3989,1,12,12,12,13.0,1.0
3989,2,11,14,11,13.25,1.0
3990,1,6,10,4,11.75,0.6666666666666666
3990,2,6,9,5,11.2,0.8333333333333334
3991,1,6,8,6,14.5,1.0
3991,2,6,11,4,13.0,0.6666666666666666
3992,1,8,8,7,11.82,0.875
3992,2,8,8,7,11.82,0.875
3993,1,6,0,0,0.0,0.0
3993,2,6,0,0,0.0,0.0
3994,1,6,6,5,12.4,0.8333333333333334
3994,2,6,7,6,12.666666666666666,1.0
3995,1,6,7,6,12.571428571428571,1.0
3995,2,6,8,6,11.857142857142858,1.0
3996,1,7,7,7,13.857142857142858,1.0
3996,2,8,8,8,14.9,1.0
3997,1,6,9,5,11.833333333333334,0.8333333333333334
3997,2,6,7,5,13.8,0.8333333333333334
3998,1,5,10,4,11.0,0.8
3998,2,5,7,4,11.5,0.8
3999,1,6,6,6,14.666666666666666,1.0
3999,2,6,8,6,13.666666666666666,1.0
4000,1,4,4,0,0.0,0.0
4000,2,5,10,0,0.0,0.0
4001,1,8,12,7,12.714285714285714,0.875
4001,2,8,12,7,12.714285714285714,0.875
4002,1,7,9,7,13.422222222222224,1.0
4002,2,8,11,7,12.18888888888889,0.875
4003,1,6,7,6,14.0,1.0
4003,2,6,8,5,12.2,0.8333333333333334
4004,1,7,8,7,12.142857142857142,1.0
4004,2,8,8,8,13.375,1.0
4005,1,5,5,5,12.8,1.0
4005,2,5,5,5,13.0,1.0
4006,1,7,7,7,14.572857142857142,1.0
4006,2,8,9,8,14.955555555555556,1.0
4007,1,5,9,4,11.25,0.8
4007,2,5,6,4,11.0,0.8
4008,1,5,12,2,10.0,0.4
4008,2,5,11,4,11.75,0.8
4009,1,6,8,5,14.4,0.8333333333333334
4009,2,6,11,4,14.6,0.6666666666666666
4010,1,7,7,7,12.982857142857142,1.0
4010,2,8,8,8,14.4625,1.0
4011,1,6,14,6,15.75,1.0
4011,2,6,8,6,13.0,1.0
4012,1,6,11,5,12.285714285714286,0.8333333333333334
4012,2,6,19,3,14.0,0.5
4013,1,7,7,6,13.755,0.8571428571428571
4013,2,8,9,7,13.571428571428571,0.875
4014,1,6,7,6,13.833333333333334,1.0
4014,2,6,11,6,13.5,1.0
4015,1,7,0,0,0.0,0.0
4015,2,8,0,0,0.0,0.0
4016,1,7,9,7,14.711111111111112,1.0
4016,2,8,9,8,14.627777777777778,1.0
4017,1,11,13,11,14.615384615384617,1.0
4017,2,9,11,9,13.7,1.0
4018,1,7,7,7,13.677142857142858,1.0
4018,2,8,9,8,14.533333333333331,1.0
4019,1,5,8,5,13.166666666666666,1.0
4019,2,5,5,5,12.8,1.0
4020,1,6,11,5,10.8,0.8333333333333334
4020,2,6,12,5,11.333333333333334,0.8333333333333334
4021,1,5,8,3,12.0,0.6
4021,2,5,7,5,12.833333333333334,1.0
4022,1,7,8,6,13.958333333333334,0.8571428571428571
4022,2,8,8,8,14.71875,1.0
4023,1,6,9,4,13.0,0.6666666666666666
4023,2,6,9,4,12.25,0.6666666666666666
4024,1,0,0,0,0.0,0.0
4024,2,0,0,0,0.0,0.0
4025,1,0,0,0,0.0,0.0
4025,2,0,0,0,0.0,0.0
4026,1,8,8,7,14.0,0.875
4026,2,8,8,7,14.0,0.875
4027,1,6,10,6,12.571428571428571,1.0
4027,2,6,11,6,12.571428571428571,1.0
4028,1,6,6,4,12.0,0.6666666666666666
4028,2,6,11,3,11.333333333333334,0.5
4029,1,8,8,8,13.625,1.0
4029,2,7,7,7,14.0,1.0
4030,1,5,7,4,12.5,0.8
4030,2,5,8,4,10.0,0.8
4031,1,15,25,14,12.428571428571429,0.9333333333333333
4031,2,14,22,11,11.909090909090908,0.7857142857142857
4032,1,7,8,7,13.3875,1.0
4032,2,8,8,8,15.9,1.0
4033,1,7,8,6,12.648333333333332,0.8571428571428571
4033,2,8,9,8,12.205555555555556,1.0
4034,1,6,6,6,14.0,1.0
4034,2,6,6,6,13.333333333333334,1.0
4035,1,5,12,5,12.8,1.0
4035,2,5,10,5,11.857142857142858,1.0
4036,1,6,8,6,11.333333333333334,1.0
4036,2,6,11,6,10.833333333333334,1.0
4037,1,7,0,0,0.0,0.0
4037,2,8,0,0,0.0,0.0
4038,1,6,6,6,14.166666666666666,1.0
4038,2,6,9,6,13.0,1.0
4039,1,6,6,6,12.833333333333334,1.0
4039,2,6,6,6,13.833333333333334,1.0
4040,1,7,11,4,12.0,0.5714285714285714
4040,2,7,9,6,11.833333333333334,0.8571428571428571
4041,1,6,6,6,13.0,1.0
4041,2,6,7,6,13.142857142857142,1.0
4042,1,7,8,6,13.39,0.8571428571428571
4042,2,8,10,7,12.757142857142856,0.875
4043,1,6,6,6,12.333333333333334,1.0
4043,2,6,8,5,13.6,0.8333333333333334
4044,1,6,8,6,12.571428571428571,1.0
4044,2,6,8,6,11.625,1.0
4045,1,6,6,6,12.333333333333334,1.0
4045,2,6,6,6,12.833333333333334,1.0
4046,1,6,8,5,13.0,0.8333333333333334
4046,2,6,8,4,10.75,0.6666666666666666
4047,1,5,7,3,12.333333333333334,0.6
4047,2,5,7,4,10.25,0.8
4048,1,6,6,6,13.166666666666666,1.0
4048,2,6,8,5,14.2,0.8333333333333334
4049,1,5,7,5,13.333333333333334,1.0
4049,2,5,6,5,13.6,1.0
4050,1,5,9,4,13.0,0.8
4050,2,5,8,5,13.142857142857142,1.0
4051,1,7,21,5,10.9,0.7142857142857143
4051,2,8,21,3,11.7,0.375
4052,1,5,8,2,11.5,0.4
4052,2,5,10,3,10.857142857142858,0.6
4053,1,6,7,6,15.857142857142858,1.0
4053,2,6,6,6,16.0,1.0
4054,1,5,5,5,12.6,1.0
4054,2,5,9,3,13.0,0.6
4055,1,6,8,6,14.0,1.0
4055,2,6,7,6,14.571428571428571,1.0
4056,1,5,8,3,14.666666666666666,0.6
4056,2,5,7,2,13.0,0.4
4057,1,6,6,6,13.666666666666666,1.0
4057,2,6,6,6,14.0,1.0
4058,1,6,0,0,0.0,0.0
4058,2,6,0,0,0.0,0.0
4059,1,8,8,7,12.628571428571428,0.875
4059,2,8,8,7,12.628571428571428,0.875
4060,1,8,8,7,14.232857142857142,0.875
4060,2,8,8,7,14.232857142857142,0.875
4061,1,6,6,6,15.0,1.0
4061,2,6,7,6,14.0,1.0
4062,1,6,15,2,10.0,0.3333333333333333
4062,2,6,12,0,0.0,0.0
4063,1,6,11,4,12.25,0.6666666666666666
4063,2,6,10,4,11.0,0.6666666666666666
4064,1,6,6,6,13.5,1.0
4064,2,6,6,6,13.0,1.0
4065,1,6,8,5,12.2,0.8333333333333334
4065,2,6,7,6,11.5,1.0
4066,1,6,0,0,0.0,0.0
4066,2,6,0,0,0.0,0.0
4067,1,7,11,6,12.0,0.8571428571428571
4067,2,9,9,8,12.75,0.8888888888888888
4068,1,7,9,5,12.32,0.7142857142857143
4068,2,7,9,5,11.9,0.7142857142857143
4069,1,7,11,6,12.35,0.8571428571428571
4069,2,7,12,5,12.5,0.7142857142857143
4070,1,6,0,0,0.0,0.0
4070,2,6,0,0,0.0,0.0
4071,1,6,7,6,11.333333333333334,1.0
4071,2,6,10,4,10.571428571428571,0.6666666666666666
4072,1,6,6,0,0.0,0.0
4072,2,5,5,0,0.0,0.0
4073,1,6,8,5,11.6,0.8333333333333334
4073,2,6,9,5,12.0,0.8333333333333334
4074,1,5,10,4,12.0,0.8
4074,2,5,8,3,13.666666666666666,0.6
4075,1,15,17,12,11.75,0.8
4075,2,14,16,9,12.22222222222222,0.6428571428571429
4076,1,6,8,5,12.8,0.8333333333333334
4076,2,6,10,5,11.6,0.8333333333333334
4077,1,5,7,3,11.333333333333334,0.6
4077,2,5,7,3,13.666666666666666,0.6
4078,1,5,5,0,0.0,0.0
4078,2,5,7,0,0.0,0.0
4079,1,5,5,5,10.8,1.0
4079,2,5,5,4,12.25,0.8
4080,1,6,10,5,12.5,0.8333333333333334
4080,2,6,8,2,13.5,0.3333333333333333
4081,1,5,5,5,15.2,1.0
4081,2,5,6,5,14.166666666666666,1.0
4082,1,7,7,7,13.314285714285717,1.0
4082,2,8,8,8,12.575,1.0
4083,1,12,12,11,13.090909090909092,0.9166666666666666
4083,2,11,12,11,12.083333333333334,1.0
4084,1,6,0,0,0.0,0.0
4084,2,6,0,0,0.0,0.0
4085,1,6,8,5,12.2,0.8333333333333334
4085,2,6,6,6,11.5,1.0
4086,1,8,10,6,12.833333333333334,0.75
4086,2,5,8,4,12.0,0.8
4087,1,15,17,15,11.2,1.0
4087,2,14,15,14,12.428571428571429,1.0
4088,1,5,8,3,12.333333333333334,0.6
4088,2,5,7,4,12.0,0.8
4089,1,8,8,7,15.94285714285714,0.875
4089,2,8,8,7,15.94285714285714,0.875
4090,1,5,0,0,0.0,0.0
4090,2,5,0,0,0.0,0.0
4091,1,6,10,4,10.25,0.6666666666666666
4091,2,6,8,6,10.714285714285714,1.0
4092,1,6,10,5,13.2,0.8333333333333334
4092,2,6,12,5,12.833333333333334,0.8333333333333334
4093,1,6,6,6,14.166666666666666,1.0
4093,2,6,6,6,12.5,1.0
4094,1,23,23,20,14.575,0.8695652173913043
4094,2,23,23,20,14.575,0.8695652173913043
4095,1,6,9,1,10.0,0.16666666666666666
4095,2,6,6,0,0.0,0.0
4096,1,6,7,6,12.285714285714286,1.0
4096,2,6,8,6,11.428571428571429,1.0
4097,1,6,6,6,14.0,1.0
4097,2,6,6,6,12.333333333333334,1.0
4098,1,6,8,4,11.25,0.6666666666666666
4098,2,6,0,0,0.0,0.0
4099,1,6,11,5,11.6,0.8333333333333334
4099,2,6,11,6,11.666666666666666,1.0
4100,1,6,12,1,12.0,0.16666666666666666
4100,2,6,12,0,0.0,0.0
4101,1,7,10,7,13.47,1.0
4101,2,8,8,8,13.32625,1.0
4102,1,5,6,5,12.4,1.0
4102,2,5,5,5,12.8,1.0
4103,1,6,9,3,11.75,0.5
4103,2,6,11,4,11.5,0.6666666666666666
4104,1,0,0,0,0.0,0.0
4104,2,0,0,0,0.0,0.0
4105,1,6,7,6,12.0,1.0
4105,2,6,7,6,12.428571428571429,1.0
4106,1,5,8,5,15.333333333333334,1.0
4106,2,5,6,5,15.4,1.0
4107,1,8,8,8,12.32,1.0
4107,2,8,8,8,12.32,1.0
4108,1,7,7,7,13.79857142857143,1.0
4108,2,8,8,8,14.75625,1.0
4109,1,6,6,6,13.166666666666666,1.0
4109,2,6,6,6,12.5,1.0
4110,1,5,6,5,16.333333333333332,1.0
4110,2,5,5,5,15.4,1.0
4111,1,0,0,0,0.0,0.0
4111,2,0,0,0,0.0,0.0
4112,1,7,7,7,14.757142857142856,1.0
4112,2,8,9,8,15.366666666666667,1.0
4113,1,6,7,6,11.666666666666666,1.0
4113,2,6,6,6,12.333333333333334,1.0
4114,1,6,7,5,12.6,0.8333333333333334
4114,2,6,10,5,12.375,0.8333333333333334
4115,1,6,6,6,11.666666666666666,1.0
4115,2,6,6,6,11.5,1.0
4116,1,6,6,6,15.0,1.0
4116,2,6,6,6,13.333333333333334,1.0
4117,1,7,0,0,0.0,0.0
4117,2,8,0,0,0.0,0.0
4118,1,6,7,6,13.571428571428571,1.0
4118,2,6,6,6,13.333333333333334,1.0
4119,1,6,8,5,10.8,0.8333333333333334
4119,2,6,9,4,11.5,0.6666666666666666
4120,1,5,8,3,11.333333333333334,0.6
4120,2,5,8,3,13.333333333333334,0.6
4121,1,10,16,5,11.4,0.5
4121,2,10,10,6,12.833333333333334,0.6
4122,1,7,14,7,10.642857142857142,1.0
4122,2,8,8,8,11.55,1.0
4123,1,5,8,3,10.5,0.6
4123,2,5,6,4,11.75,0.8
4124,1,7,7,6,14.65,0.8571428571428571
4124,2,7,7,6,14.65,0.8571428571428571
4125,1,7,7,7,13.714285714285714,1.0
4125,2,8,11,8,14.863636363636363,1.0
4126,1,16,19,15,12.266666666666667,0.9375
4126,2,13,14,13,12.071428571428571,1.0
4127,1,6,11,6,10.375,1.0
4127,2,6,12,3,11.666666666666666,0.5
4128,1,5,8,5,11.0,1.0
4128,2,5,6,5,15.4,1.0
4129,1,5,5,5,13.8,1.0
4129,2,5,5,5,13.0,1.0
4130,1,6,6,6,12.666666666666666,1.0
4130,2,6,6,6,12.833333333333334,1.0
4131,1,6,8,6,11.75,1.0
4131,2,6,10,5,12.0,0.8333333333333334
4132,1,8,8,7,12.785714285714286,0.875
4132,2,8,8,7,12.785714285714286,0.875
4133,1,6,11,6,14.444444444444445,1.0
4133,2,6,6,6,13.333333333333334,1.0
4134,1,7,8,6,13.25,0.8571428571428571
4134,2,8,8,8,13.8375,1.0
4135,1,7,9,7,12.50625,1.0
4135,2,8,15,5,13.2,0.625
4136,1,0,0,0,0.0,0.0
4136,2,0,0,0,0.0,0.0
4137,1,5,8,4,12.75,0.8
4137,2,5,10,4,11.75,0.8
4138,1,6,7,6,16.857142857142858,1.0
4138,2,6,6,6,16.5,1.0
4139,1,6,6,6,13.166666666666666,1.0
4139,2,6,6,6,15.0,1.0
4140,1,6,9,5,12.2,0.8333333333333334
4140,2,6,10,4,11.5,0.6666666666666666
4141,1,6,7,6,16.5,1.0
4141,2,6,8,6,14.285714285714286,1.0
4142,1,5,10,4,11.75,0.8
4142,2,5,6,5,11.6,1.0
4143,1,5,14,1,11.0,0.2
4143,2,5,6,0,0.0,0.0
4144,1,8,8,7,15.114285714285714,0.875
4144,2,8,8,7,15.114285714285714,0.875
4145,1,6,8,6,15.5,1.0
4145,2,6,7,6,14.285714285714286,1.0
4146,1,10,12,7,11.142857142857142,0.7
4146,2,10,10,8,12.0,0.8
4147,1,6,6,6,11.333333333333334,1.0
4147,2,6,8,6,11.333333333333334,1.0
4148,1,7,9,5,12.04,0.7142857142857143
4148,2,7,9,6,11.77142857142857,0.8571428571428571
4149,1,5,7,5,11.166666666666666,1.0
4149,2,5,9,4,10.75,0.8
4150,1,5,6,5,10.6,1.0
4150,2,5,7,4,10.75,0.8
4151,1,5,10,4,12.5,0.8
4151,2,5,12,2,13.0,0.4
4152,1,0,0,0,0.0,0.0
4152,2,0,0,0,0.0,0.0
4153,1,6,6,6,15.666666666666666,1.0
4153,2,6,6,6,13.833333333333334,1.0
4154,1,12,12,12,15.333333333333334,1.0
4154,2,11,15,11,15.0,1.0
4155,1,7,9,6,12.183333333333332,0.8571428571428571
4155,2,7,9,6,11.783333333333331,0.8571428571428571
4156,1,5,8,2,10.0,0.4
4156,2,5,9,3,11.333333333333334,0.6
4157,1,14,23,9,12.0,0.6428571428571429
4157,2,12,21,8,11.25,0.6666666666666666
4158,1,5,8,3,10.333333333333334,0.6
4158,2,5,11,2,10.0,0.4
4159,1,6,11,6,11.166666666666666,1.0
4159,2,6,14,3,14.666666666666666,0.5
4160,1,6,8,3,11.0,0.5
4160,2,6,8,2,11.333333333333334,0.3333333333333333
4161,1,0,0,0,0.0,0.0
4161,2,0,0,0,0.0,0.0
4162,1,6,7,6,12.857142857142858,1.0
4162,2,6,8,5,11.8,0.8333333333333334
4163,1,8,8,7,14.328571428571427,0.875
4163,2,8,8,7,14.328571428571427,0.875
4164,1,6,7,6,15.0,1.0
4164,2,6,6,6,16.333333333333332,1.0
4165,1,5,9,5,13.6,1.0
4165,2,5,5,5,12.4,1.0
4166,1,5,12,5,12.857142857142858,1.0
4166,2,5,8,4,13.25,0.8
4167,1,6,7,2,14.5,0.3333333333333333
4167,2,6,6,1,10.0,0.16666666666666666
4168,1,5,7,3,10.666666666666666,0.6
4168,2,5,7,3,10.5,0.6
4169,1,6,7,6,13.428571428571429,1.0
4169,2,6,8,6,11.333333333333334,1.0
4170,1,7,12,7,11.716666666666663,1.0
4170,2,8,13,4,10.868,0.5
4171,1,5,11,4,12.0,0.8
4171,2,5,5,5,12.8,1.0
4172,1,6,11,5,13.2,0.8333333333333334
4172,2,6,8,4,10.75,0.6666666666666666
4173,1,6,7,5,12.2,0.8333333333333334
4173,2,6,10,4,12.25,0.6666666666666666
4174,1,7,11,5,12.58,0.7142857142857143
4174,2,7,9,6,12.157142857142857,0.8571428571428571
4175,1,6,9,5,11.333333333333334,0.8333333333333334
4175,2,6,6,6,10.833333333333334,1.0
4176,1,7,9,0,0.0,0.0
4176,2,7,8,0,0.0,0.0
4177,1,7,9,6,12.428571428571429,0.8571428571428571
4177,2,8,8,8,14.0,1.0
4178,1,6,6,6,13.0,1.0
4178,2,6,6,6,13.0,1.0
4179,1,8,8,7,14.535714285714286,0.875
4179,2,8,8,7,14.535714285714286,0.875
4180,1,7,8,5,11.2,0.7142857142857143
4180,2,7,8,5,11.2,0.7142857142857143
4181,1,6,6,6,16.0,1.0
4181,2,6,6,6,13.666666666666666,1.0
4182,1,6,13,5,13.142857142857142,0.8333333333333334
4182,2,6,15,3,12.666666666666666,0.5
4183,1,14,23,11,11.6875,0.7857142857142857
4183,2,10,20,8,11.142857142857142,0.8
4184,1,5,11,4,10.5,0.8
4184,2,5,12,4,11.0,0.8
4185,1,6,9,6,13.833333333333334,1.0
4185,2,6,12,5,13.666666666666666,0.8333333333333334
4186,1,5,0,0,0.0,0.0
4186,2,5,0,0,0.0,0.0
4187,1,5,13,0,0.0,0.0
4187,2,5,5,0,0.0,0.0
4188,1,7,9,0,0.0,0.0
4188,2,7,8,0,0.0,0.0
4189,1,5,10,1,10.0,0.2
4189,2,5,5,0,0.0,0.0
4190,1,0,0,0,0.0,0.0
4190,2,0,0,0,0.0,0.0
4191,1,6,9,0,0.0,0.0
4191,2,6,6,0,0.0,0.0
4192,1,6,7,4,12.6,0.6666666666666666
4192,2,6,6,4,13.0,0.6666666666666666
4193,1,5,10,3,11.25,0.6
4193,2,5,9,3,11.0,0.6
4194,1,7,13,7,12.375,1.0
4194,2,7,8,4,11.25,0.5714285714285714
4195,1,10,15,7,10.714285714285714,0.7
4195,2,10,11,9,12.555555555555555,0.9
4196,1,6,6,0,0.0,0.0
4196,2,6,0,0,0.0,0.0
4197,1,6,14,5,12.0,0.8333333333333334
4197,2,6,12,5,12.142857142857142,0.8333333333333334
4198,1,5,6,5,12.6,1.0
4198,2,5,8,3,12.666666666666666,0.6
4199,1,6,7,0,0.0,0.0
4199,2,6,6,0,0.0,0.0
4200,1,8,8,7,12.84142857142857,0.875
4200,2,8,8,7,12.84142857142857,0.875
4201,1,6,6,0,0.0,0.0
4201,2,5,5,0,0.0,0.0
4202,1,6,7,6,14.166666666666666,1.0
4202,2,6,6,6,12.833333333333334,1.0
4203,1,6,7,6,12.166666666666666,1.0
4203,2,6,9,3,12.0,0.5
4204,1,6,12,4,10.8,0.6666666666666666
4204,2,6,14,3,11.0,0.5
4205,1,6,6,6,13.0,1.0
4205,2,6,12,0,0.0,0.0
4206,1,5,0,0,0.0,0.0
4206,2,5,0,0,0.0,0.0
4207,1,5,5,5,13.0,1.0
4207,2,5,6,5,13.333333333333334,1.0
4208,1,6,8,6,11.571428571428571,1.0
4208,2,6,9,6,11.571428571428571,1.0
4209,1,6,6,4,11.5,0.6666666666666666
4209,2,6,6,5,11.0,0.8333333333333334
4210,1,6,8,5,11.0,0.8333333333333334
4210,2,6,6,4,10.75,0.6666666666666666
4211,1,6,10,6,17.11111111111111,1.0
4211,2,6,9,6,15.571428571428571,1.0
4212,1,0,0,0,0.0,0.0
4212,2,0,0,0,0.0,0.0
4213,1,6,9,6,12.571428571428571,1.0
4213,2,6,6,6,12.166666666666666,1.0
4214,1,6,6,0,0.0,0.0
4214,2,6,8,0,0.0,0.0
4215,1,6,7,6,14.5,1.0
4215,2,6,6,6,15.166666666666666,1.0
4216,1,6,6,6,13.5,1.0
4216,2,6,6,6,12.333333333333334,1.0
4217,1,6,9,5,11.2,0.8333333333333334
4217,2,6,14,2,10.0,0.3333333333333333
4218,1,5,10,3,10.666666666666666,0.6
4218,2,5,5,4,12.25,0.8
4219,1,13,15,9,11.0,0.6923076923076923
4219,2,11,12,7,11.571428571428571,0.6363636363636364
4220,1,1,2,0,0.0,0.0
4220,2,5,8,0,0.0,0.0
4221,1,5,5,1,10.0,0.2
4221,2,5,5,0,0.0,0.0
4222,1,7,14,5,12.36,0.7142857142857143
4222,2,8,15,5,12.0,0.625
4223,1,6,8,6,15.25,1.0
4223,2,6,7,6,14.714285714285714,1.0
4224,1,5,5,0,0.0,0.0
4224,2,5,6,0,0.0,0.0
4225,1,5,8,1,13.0,0.2
4225,2,5,9,4,12.25,0.8
4226,1,8,8,8,13.81375,1.0
4226,2,8,8,8,13.81375,1.0
4227,1,6,8,6,13.285714285714286,1.0
4227,2,6,13,6,12.875,1.0
4228,1,6,11,4,11.5,0.6666666666666666
4228,2,6,12,4,12.2,0.6666666666666666
4229,1,7,8,7,11.9625,1.0
4229,2,8,9,8,13.044444444444444,1.0
4230,1,7,9,6,13.683333333333332,0.8571428571428571
4230,2,8,11,6,13.116666666666667,0.75
4231,1,8,8,7,14.985714285714286,0.875
4231,2,8,8,7,14.985714285714286,0.875
4232,1,5,8,4,11.25,0.8
4232,2,5,8,4,11.5,0.8
4233,1,6,8,4,12.5,0.6666666666666666
4233,2,6,6,5,12.6,0.8333333333333334
4234,1,6,0,0,0.0,0.0
4234,2,6,0,0,0.0,0.0
4235,1,7,10,7,13.78,1.0
4235,2,8,10,8,13.661,1.0
4236,1,7,10,7,13.805,1.0
4236,2,8,8,8,14.2725,1.0
4237,1,5,7,5,13.8,1.0
4237,2,5,5,5,12.6,1.0
4238,1,5,7,3,12.666666666666666,0.6
4238,2,5,6,4,12.0,0.8
4239,1,7,7,7,14.424285714285714,1.0
4239,2,8,8,8,13.9375,1.0
4240,1,6,7,6,13.166666666666666,1.0
4240,2,6,6,6,12.5,1.0
4241,1,5,10,3,10.666666666666666,0.6
4241,2,5,8,5,10.4,1.0
4242,1,16,20,14,12.071428571428571,0.875
4242,2,13,13,11,12.272727272727272,0.8461538461538461
4243,1,6,10,3,10.25,0.5
4243,2,6,7,1,12.0,0.16666666666666666
4244,1,8,8,8,14.11,1.0
4244,2,8,8,8,14.11,1.0
4245,1,6,9,5,12.4,0.8333333333333334
4245,2,6,10,3,10.666666666666666,0.5
4246,1,6,7,6,12.0,1.0
4246,2,6,6,6,12.0,1.0
4247,1,6,6,6,14.833333333333334,1.0
4247,2,6,6,6,13.5,1.0
4248,1,6,7,6,15.428571428571429,1.0
4248,2,6,7,6,13.5,1.0
4249,1,5,7,5,11.6,1.0
4249,2,5,11,5,11.4,1.0
4250,1,6,6,6,14.166666666666666,1.0
4250,2,6,6,6,14.0,1.0
4251,1,7,9,1,9.8,0.14285714285714285
4251,2,7,7,0,0.0,0.0
4252,1,5,12,4,10.714285714285714,0.8
4252,2,5,9,4,11.0,0.8
4253,1,5,7,0,0.0,0.0
4253,2,5,5,0,0.0,0.0
4254,1,6,13,3,12.333333333333334,0.5
4254,2,6,12,1,13.0,0.16666666666666666
4255,1,6,13,6,13.0,1.0
4255,2,6,15,6,12.25,1.0
4256,1,5,7,4,11.4,0.8
4256,2,5,5,4,11.25,0.8
4257,1,7,7,6,12.766666666666666,0.8571428571428571
4257,2,7,7,6,12.766666666666666,0.8571428571428571
4258,1,6,11,5,12.6,0.8333333333333334
4258,2,6,6,6,12.666666666666666,1.0
4259,1,7,8,7,13.0,1.0
4259,2,5,5,5,13.4,1.0
4260,1,7,7,6,14.316666666666668,0.8571428571428571
4260,2,7,7,6,14.316666666666668,0.8571428571428571
4261,1,5,7,4,12.75,0.8
4261,2,5,5,5,12.0,1.0
4262,1,5,5,5,13.4,1.0
4262,2,5,5,5,12.6,1.0
4263,1,6,6,0,0.0,0.0
4263,2,5,5,0,0.0,0.0
4264,1,5,6,4,15.75,0.8
4264,2,5,5,5,13.8,1.0
4265,1,6,9,5,12.4,0.8333333333333334
4265,2,6,11,1,11.0,0.16666666666666666
4266,1,6,8,6,11.5,1.0
4266,2,6,7,6,12.333333333333334,1.0
4267,1,5,5,5,13.4,1.0
4267,2,5,5,5,14.0,1.0
4268,1,5,9,3,11.666666666666666,0.6
4268,2,5,7,5,11.8,1.0
4269,1,7,0,0,0.0,0.0
4269,2,8,0,0,0.0,0.0
4270,1,8,11,7,13.285714285714286,0.875
4270,2,7,13,5,11.6,0.7142857142857143
4271,1,6,10,4,11.5,0.6666666666666666
4271,2,6,16,2,10.5,0.3333333333333333
4272,1,9,11,8,13.25,0.8888888888888888
4272,2,7,8,7,11.714285714285714,1.0
4273,1,14,24,11,12.25,0.7857142857142857
4273,2,10,12,10,13.4,1.0
4274,1,7,8,6,12.0,0.8571428571428571
4274,2,7,8,6,12.0,0.8571428571428571
4275,1,6,10,1,12.0,0.16666666666666666
4275,2,6,6,0,0.0,0.0
4276,1,15,15,13,10.923076923076923,0.8666666666666667
4276,2,10,10,7,11.142857142857142,0.7
4277,1,12,12,10,12.0,0.8333333333333334
4277,2,10,11,5,11.0,0.5
4278,1,5,10,5,13.714285714285714,1.0
4278,2,5,7,5,14.4,1.0
4279,1,5,8,1,10.0,0.2
4279,2,5,8,2,13.0,0.4
4280,1,6,18,2,10.333333333333334,0.3333333333333333
4280,2,6,7,6,11.5,1.0
4281,1,7,8,7,12.728571428571428,1.0
4281,2,8,8,8,14.625,1.0
4282,1,15,22,12,13.333333333333334,0.8
4282,2,8,8,8,12.875,1.0
4283,1,11,20,9,12.22222222222222,0.8181818181818182
4283,2,9,16,9,11.6,1.0
4284,1,6,7,6,11.333333333333334,1.0
4284,2,6,9,6,10.833333333333334,1.0
4285,1,5,8,4,11.0,0.8
4285,2,5,7,4,12.0,0.8
4286,1,5,5,5,13.8,1.0
4286,2,5,6,5,13.8,1.0
4287,1,7,16,1,12.0,0.14285714285714285
4287,2,7,13,0,0.0,0.0
4288,1,6,9,4,11.25,0.6666666666666666
4288,2,6,11,3,10.166666666666666,0.5
4289,1,5,6,4,10.5,0.8
4289,2,5,6,5,12.0,1.0
4290,1,18,20,18,11.555555555555555,1.0
4290,2,13,13,13,11.615384615384617,1.0
4291,1,6,13,1,14.0,0.16666666666666666
4291,2,6,7,0,0.0,0.0
4292,1,6,17,1,13.0,0.16666666666666666
4292,2,6,8,0,0.0,0.0
4293,1,6,13,2,11.0,0.3333333333333333
4293,2,6,14,1,11.0,0.16666666666666666
4294,1,8,8,7,13.68142857142857,0.875
4294,2,8,8,7,13.68142857142857,0.875
4295,1,7,11,6,12.1,0.8571428571428571
4295,2,7,7,6,12.616666666666667,0.8571428571428571
4296,1,6,8,4,10.5,0.6666666666666666
4296,2,6,8,4,11.25,0.6666666666666666
4297,1,7,10,5,11.94,0.7142857142857143
4297,2,7,8,6,12.8,0.8571428571428571
4298,1,7,11,4,12.86,0.5714285714285714
4298,2,7,10,5,11.566666666666668,0.7142857142857143
4299,1,6,10,6,14.25,1.0
4299,2,6,7,6,14.0,1.0
4300,1,7,0,0,0.0,0.0
4300,2,8,0,0,0.0,0.0
4301,1,0,0,0,0.0,0.0
4301,2,0,0,0,0.0,0.0
4302,1,7,7,7,13.894285714285711,1.0
4302,2,8,8,8,14.3625,1.0
4303,1,7,8,7,13.46875,1.0
4303,2,8,8,8,13.31375,1.0
4304,1,5,5,5,13.6,1.0
4304,2,5,5,5,14.6,1.0
4305,1,6,6,6,14.666666666666666,1.0
4305,2,6,6,6,13.833333333333334,1.0
4306,1,6,6,6,13.666666666666666,1.0
4306,2,6,7,6,13.0,1.0
4307,1,12,22,10,13.3,0.8333333333333334
4307,2,11,11,11,13.727272727272728,1.0
4308,1,11,13,11,13.454545454545457,1.0
4308,2,11,13,7,12.428571428571429,0.6363636363636364
4309,1,8,8,8,13.41625,1.0
4309,2,8,8,8,13.41625,1.0
4310,1,7,0,0,0.0,0.0
4310,2,8,0,0,0.0,0.0
4311,1,6,6,6,11.333333333333334,1.0
4311,2,6,8,5,13.0,0.8333333333333334
4312,1,6,8,6,16.0,1.0
4312,2,6,10,6,14.625,1.0
4313,1,6,8,5,11.0,0.8333333333333334
4313,2,6,12,6,10.166666666666666,1.0
4314,1,6,8,6,12.857142857142858,1.0
4314,2,6,9,5,12.4,0.8333333333333334
4315,1,5,5,0,0.0,0.0
4315,2,5,6,0,0.0,0.0
4316,1,5,5,5,14.8,1.0
4316,2,5,5,5,14.2,1.0
4317,1,5,7,1,13.0,0.2
4317,2,5,5,2,14.0,0.4
4318,1,0,0,0,0.0,0.0
4318,2,0,0,0,0.0,0.0
4319,1,9,14,4,10.0,0.4444444444444444
4319,2,6,6,1,10.0,0.16666666666666666
4320,1,6,11,5,11.2,0.8333333333333334
4320,2,6,7,6,12.0,1.0
4321,1,6,8,6,11.833333333333334,1.0
4321,2,6,11,3,13.0,0.5
4322,1,5,0,0,0.0,0.0
4322,2,5,0,0,0.0,0.0
4323,1,5,8,2,10.5,0.4
4323,2,5,10,0,0.0,0.0
4324,1,5,8,5,12.5,1.0
4324,2,5,7,5,13.571428571428571,1.0
4325,1,0,0,0,0.0,0.0
4325,2,0,0,0,0.0,0.0
4326,1,10,10,5,11.0,0.5
4326,2,7,8,2,10.0,0.2857142857142857
4327,1,10,14,9,12.333333333333334,0.9
4327,2,10,12,8,12.0,0.8
4328,1,6,9,0,0.0,0.0
4328,2,6,8,1,10.0,0.16666666666666666
4329,1,5,14,1,17.0,0.2
4329,2,5,10,2,11.0,0.4
4330,1,5,5,5,11.0,1.0
4330,2,5,11,3,11.428571428571429,0.6
4331,1,6,11,5,11.142857142857142,0.8333333333333334
4331,2,6,9,6,11.571428571428571,1.0
4332,1,8,19,5,12.166666666666666,0.625
4332,2,7,12,5,12.0,0.7142857142857143
4333,1,5,9,2,11.0,0.4
4333,2,5,8,2,11.5,0.4
4334,1,5,8,1,11.0,0.2
4334,2,5,6,3,10.666666666666666,0.6
4335,1,6,10,4,13.25,0.6666666666666666
4335,2,6,13,5,11.8,0.8333333333333334
4336,1,6,7,0,0.0,0.0
4336,2,6,11,1,10.0,0.16666666666666666
4337,1,6,17,2,12.5,0.3333333333333333
4337,2,6,10,0,0.0,0.0
4338,1,10,10,7,12.142857142857142,0.7
4338,2,9,9,4,12.25,0.4444444444444444
4339,1,5,8,3,12.0,0.6
4339,2,5,10,3,11.333333333333334,0.6
4340,1,6,6,4,11.25,0.6666666666666666
4340,2,6,9,4,10.428571428571429,0.6666666666666666
4341,1,4,8,0,0.0,0.0
4341,2,6,0,0,0.0,0.0
4342,1,6,7,5,12.4,0.8333333333333334
4342,2,6,8,4,13.0,0.6666666666666666
4343,1,6,6,6,12.833333333333334,1.0
4343,2,6,8,6,12.666666666666666,1.0
4344,1,5,7,1,13.0,0.2
4344,2,5,7,2,10.0,0.4
4345,1,7,7,5,12.0,0.7142857142857143
4345,2,7,7,3,11.666666666666666,0.42857142857142855
4346,1,6,13,2,12.0,0.3333333333333333
4346,2,6,12,1,13.0,0.16666666666666666
4347,1,7,18,0,0.0,0.0
4347,2,7,7,0,0.0,0.0
4348,1,5,0,0,0.0,0.0
4348,2,5,0,0,0.0,0.0
4349,1,6,10,6,11.375,1.0
4349,2,6,10,5,11.6,0.8333333333333334
4350,1,6,15,2,12.0,0.3333333333333333
4350,2,6,7,0,0.0,0.0
4351,1,6,6,6,11.833333333333334,1.0
4351,2,6,6,6,11.666666666666666,1.0
4352,1,6,17,1,12.0,0.16666666666666666
4352,2,6,23,2,10.5,0.3333333333333333
4353,1,6,7,3,12.0,0.5
4353,2,6,7,2,11.0,0.3333333333333333
4354,1,6,7,6,12.714285714285714,1.0
4354,2,6,8,5,11.833333333333334,0.8333333333333334
4355,1,8,8,8,15.3,1.0
4355,2,8,8,8,15.3,1.0
4356,1,8,12,2,11.5,0.25
4356,2,7,9,0,0.0,0.0
4357,1,5,12,1,13.0,0.2
4357,2,5,8,3,12.6,0.6
4358,1,6,12,0,0.0,0.0
4358,2,6,10,0,0.0,0.0
4359,1,7,0,0,0.0,0.0
4359,2,8,0,0,0.0,0.0
4360,1,5,8,4,11.0,0.8
4360,2,5,8,5,12.0,1.0
4361,1,6,7,3,12.666666666666666,0.5
4361,2,6,10,5,13.125,0.8333333333333334
4362,1,6,6,6,13.5,1.0
4362,2,6,6,6,14.0,1.0
4363,1,5,7,5,12.0,1.0
4363,2,5,10,5,11.4,1.0
4364,1,5,6,0,0.0,0.0
4364,2,5,5,0,0.0,0.0
4365,1,6,8,5,11.8,0.8333333333333334
4365,2,6,8,4,10.5,0.6666666666666666
4366,1,6,12,2,11.5,0.3333333333333333
4366,2,6,13,1,13.0,0.16666666666666666
4367,1,5,11,2,11.5,0.4
4367,2,5,10,3,12.0,0.6
4368,1,7,7,6,14.616666666666667,0.8571428571428571
4368,2,7,7,6,14.616666666666667,0.8571428571428571
4369,1,8,8,7,14.06,0.875
4369,2,8,8,7,14.06,0.875
4370,1,6,9,4,11.0,0.6666666666666666
4370,2,6,12,3,11.333333333333334,0.5
4371,1,5,0,0,0.0,0.0
4371,2,5,0,0,0.0,0.0
4372,1,14,22,7,12.192307692307692,0.5
4372,2,14,22,7,12.192307692307692,0.5
4373,1,6,6,6,12.833333333333334,1.0
4373,2,6,7,6,12.333333333333334,1.0
4374,1,5,8,5,12.875,1.0
4374,2,5,6,5,11.833333333333334,1.0
4375,1,6,6,6,12.166666666666666,1.0
4375,2,6,6,6,12.5,1.0
4376,1,6,11,6,13.428571428571429,1.0
4376,2,6,12,6,12.857142857142858,1.0
4377,1,6,6,6,14.5,1.0
4377,2,6,8,6,14.666666666666666,1.0
4378,1,7,7,7,12.142857142857142,1.0
4378,2,7,7,7,12.857142857142858,1.0
4379,1,5,6,4,11.25,0.8
4379,2,5,10,3,11.714285714285714,0.6
4380,1,7,7,6,13.9,0.8571428571428571
4380,2,7,7,6,13.9,0.8571428571428571
4381,1,7,12,3,13.766666666666666,0.42857142857142855
4381,2,7,11,3,12.066666666666668,0.42857142857142855
4382,1,15,17,13,11.615384615384617,0.8666666666666667
4382,2,14,14,11,12.545454545454543,0.7857142857142857
4383,1,6,6,6,15.166666666666666,1.0
4383,2,6,7,6,14.142857142857142,1.0
4384,1,5,5,0,0.0,0.0
4384,2,5,5,0,0.0,0.0
4385,1,5,10,2,14.5,0.4
4385,2,5,9,3,11.333333333333334,0.6
4386,1,6,9,5,10.8,0.8333333333333334
4386,2,6,8,6,10.714285714285714,1.0
4387,1,7,7,7,13.995714285714287,1.0
4387,2,8,9,8,14.955555555555556,1.0
4388,1,6,8,6,13.285714285714286,1.0
4388,2,6,16,6,11.8,1.0
4389,1,12,12,12,12.75,1.0
4389,2,11,16,11,13.25,1.0
4390,1,6,15,2,10.5,0.3333333333333333
4390,2,6,8,5,12.4,0.8333333333333334
4391,1,7,7,7,12.714285714285714,1.0
4391,2,7,7,7,12.285714285714286,1.0
4392,1,8,8,8,12.88625,1.0
4392,2,8,8,8,12.88625,1.0
4393,1,6,7,5,13.0,0.8333333333333334
4393,2,6,6,6,12.666666666666666,1.0
4394,1,5,7,5,12.2,1.0
4394,2,5,6,5,11.2,1.0
4395,1,5,8,4,12.8,0.8
4395,2,5,10,3,14.5,0.6
4396,1,11,15,11,13.785714285714286,1.0
4396,2,9,9,9,13.88888888888889,1.0
4397,1,5,5,0,0.0,0.0
4397,2,5,9,4,13.25,0.8
4398,1,8,8,8,14.50125,1.0
4398,2,8,8,8,14.50125,1.0
4399,1,7,7,6,14.35,0.8571428571428571
4399,2,7,7,6,14.35,0.8571428571428571
4400,1,6,6,6,11.5,1.0
4400,2,6,6,6,12.333333333333334,1.0
4401,1,6,8,6,11.714285714285714,1.0
4401,2,6,6,6,14.666666666666666,1.0
4402,1,6,9,6,13.571428571428571,1.0
4402,2,6,10,5,13.6,0.8333333333333334
4403,1,6,6,5,13.0,0.8333333333333334
4403,2,6,6,6,13.666666666666666,1.0
4404,1,7,8,7,13.56875,1.0
4404,2,8,8,8,14.02625,1.0
4405,1,5,5,5,10.2,1.0
4405,2,5,9,4,11.25,0.8
4406,1,0,0,0,0.0,0.0
4406,2,0,0,0,0.0,0.0
4407,1,6,8,5,12.2,0.8333333333333334
4407,2,6,8,5,11.8,0.8333333333333334
4408,1,8,8,8,14.15375,1.0
4408,2,8,8,8,14.15375,1.0
4409,1,8,8,0,0.0,0.0
4409,2,8,8,0,0.0,0.0
4410,1,6,7,6,13.833333333333334,1.0
4410,2,6,6,6,12.833333333333334,1.0
4411,1,6,7,6,13.428571428571429,1.0
4411,2,6,6,4,14.0,0.6666666666666666
4412,1,8,8,7,12.454285714285716,0.875
4412,2,8,8,7,12.454285714285716,0.875
4413,1,5,9,1,11.0,0.2
4413,2,5,10,0,0.0,0.0
4414,1,7,0,0,0.0,0.0
4414,2,8,0,0,0.0,0.0
4415,1,7,8,6,13.271666666666668,0.8571428571428571
4415,2,8,11,7,12.94375,0.875
4416,1,7,8,6,13.548333333333334,0.8571428571428571
4416,2,8,11,6,14.775,0.75
4417,1,6,6,6,12.166666666666666,1.0
4417,2,6,6,6,12.5,1.0
4418,1,6,16,2,11.0,0.3333333333333333
4418,2,6,12,0,0.0,0.0
4419,1,7,7,7,13.285714285714286,1.0
4419,2,7,7,7,14.428571428571429,1.0
4420,1,6,6,6,13.333333333333334,1.0
4420,2,6,7,6,14.0,1.0
4421,1,8,8,8,13.2575,1.0
4421,2,8,8,8,13.2575,1.0
4422,1,6,7,0,0.0,0.0
4422,2,6,7,0,0.0,0.0
4423,1,6,10,6,12.666666666666666,1.0
4423,2,6,6,2,11.5,0.3333333333333333
4424,1,5,5,5,14.6,1.0
4424,2,5,5,5,15.4,1.0
4425,1,5,13,0,0.0,0.0
4425,2,5,5,0,0.0,0.0
4426,1,5,7,3,12.333333333333334,0.6
4426,2,5,8,0,0.0,0.0
4427,1,5,5,5,10.8,1.0
4427,2,5,11,2,11.0,0.4
4428,1,6,7,6,11.666666666666666,1.0
4428,2,6,10,6,11.333333333333334,1.0
4429,1,6,6,4,12.5,0.6666666666666666
4429,2,6,6,6,14.333333333333334,1.0
4430,1,5,0,0,0.0,0.0
4430,2,5,0,0,0.0,0.0
4431,1,6,6,6,15.333333333333334,1.0
4431,2,6,6,6,14.166666666666666,1.0
4432,1,8,8,7,14.2,0.875
4432,2,8,8,7,14.2,0.875
4433,1,6,6,6,14.833333333333334,1.0
4433,2,6,6,6,14.666666666666666,1.0
4434,1,7,7,7,13.642857142857142,1.0
4434,2,8,8,8,14.3875,1.0
4435,1,6,6,6,13.833333333333334,1.0
4435,2,6,6,6,14.0,1.0
4436,1,6,6,6,11.833333333333334,1.0
4436,2,6,7,6,13.0,1.0
4437,1,6,7,6,13.428571428571429,1.0
4437,2,6,10,6,13.5,1.0
4438,1,13,16,8,10.5,0.6153846153846154
4438,2,12,19,9,10.333333333333334,0.75
4439,1,7,10,6,11.416666666666666,0.8571428571428571
4439,2,8,9,8,11.9625,1.0
4440,1,7,16,2,12.75,0.2857142857142857
4440,2,7,12,2,11.0,0.2857142857142857
4441,1,7,10,6,11.15,0.8571428571428571
4441,2,7,7,7,12.814285714285717,1.0
4442,1,6,8,3,11.666666666666666,0.5
4442,2,6,11,5,13.625,0.8333333333333334
4443,1,6,7,6,11.5,1.0
4443,2,6,8,5,12.4,0.8333333333333334
4444,1,6,6,6,13.833333333333334,1.0
4444,2,6,6,6,12.666666666666666,1.0
4445,1,6,8,6,11.714285714285714,1.0
4445,2,6,11,4,11.333333333333334,0.6666666666666666
4446,1,7,8,7,11.678571428571429,1.0
4446,2,8,10,7,13.0375,0.875
4447,1,6,7,6,15.714285714285714,1.0
4447,2,6,6,6,14.666666666666666,1.0
4448,1,0,0,0,0.0,0.0
4448,2,0,0,0,0.0,0.0
4449,1,6,6,6,13.0,1.0
4449,2,6,7,6,13.0,1.0
4450,1,7,7,7,14.485714285714286,1.0
4450,2,8,9,8,14.58888888888889,1.0
4451,1,5,9,5,12.285714285714286,1.0
4451,2,5,8,5,12.125,1.0
4452,1,7,12,4,13.375,0.5714285714285714
4452,2,7,7,5,13.5,0.7142857142857143
4453,1,8,8,7,11.571428571428571,0.875
4453,2,8,8,7,11.571428571428571,0.875
4454,1,8,8,7,12.657142857142857,0.875
4454,2,8,8,7,12.657142857142857,0.875
4455,1,5,9,2,10.0,0.4
4455,2,5,11,1,10.0,0.2
4456,1,6,7,6,13.714285714285714,1.0
4456,2,6,6,6,13.166666666666666,1.0
4457,1,14,21,13,13.071428571428571,0.9285714285714286
4457,2,11,16,11,13.0,1.0
4458,1,6,7,6,15.333333333333334,1.0
4458,2,6,9,6,14.0,1.0
4459,1,6,9,5,11.571428571428571,0.8333333333333334
4459,2,6,8,6,12.142857142857142,1.0
4460,1,5,10,0,0.0,0.0
4460,2,5,5,0,0.0,0.0
4461,1,7,7,6,12.9,0.8571428571428571
4461,2,7,7,6,12.9,0.8571428571428571
4462,1,8,12,5,13.126,0.625
4462,2,8,12,5,13.126,0.625
4463,1,10,20,4,11.5,0.4
4463,2,9,13,3,11.666666666666666,0.3333333333333333
4464,1,6,11,3,10.333333333333334,0.5
4464,2,6,10,5,11.8,0.8333333333333334
4465,1,6,6,6,13.5,1.0
4465,2,6,7,6,13.428571428571429,1.0
4466,1,1,1,0,0.0,0.0
4466,2,5,0,0,0.0,0.0
4467,1,5,5,4,12.0,0.8
4467,2,4,4,2,11.5,0.5
4468,1,8,10,7,11.142857142857142,0.875
4468,2,8,11,8,11.375,1.0
4469,1,5,11,5,11.4,1.0
4469,2,5,10,4,10.25,0.8
4470,1,8,8,7,12.771428571428572,0.875
4470,2,8,8,7,12.771428571428572,0.875
4471,1,8,8,7,13.79857142857143,0.875
4471,2,8,8,7,13.79857142857143,0.875
4472,1,6,7,6,13.333333333333334,1.0
4472,2,6,6,6,13.5,1.0
4473,1,6,11,0,0.0,0.0
4473,2,5,6,0,0.0,0.0
4474,1,15,17,14,11.357142857142858,0.9333333333333333
4474,2,14,15,13,12.846153846153848,0.9285714285714286
4475,1,5,11,0,0.0,0.0
4475,2,5,8,0,0.0,0.0
4476,1,6,13,6,15.692307692307692,1.0
4476,2,6,13,5,14.428571428571429,0.8333333333333334
4477,1,18,19,18,15.052631578947368,1.0
4477,2,13,13,13,14.538461538461538,1.0
4478,1,10,20,6,11.5,0.6
4478,2,10,17,5,12.4,0.5
4479,1,8,15,7,11.0,0.875
4479,2,6,17,1,10.0,0.16666666666666666
4480,1,6,6,6,13.0,1.0
4480,2,6,6,6,13.166666666666666,1.0
4481,1,8,8,8,12.93875,1.0
4481,2,8,8,8,12.93875,1.0
4482,1,0,0,0,0.0,0.0
4482,2,0,0,0,0.0,0.0
4483,1,6,6,0,0.0,0.0
4483,2,6,8,0,0.0,0.0
4484,1,7,10,5,13.0,0.7142857142857143
4484,2,7,9,5,12.88,0.7142857142857143
4485,1,7,11,5,12.18,0.7142857142857143
4485,2,7,11,4,11.8125,0.5714285714285714
4486,1,6,13,3,11.333333333333334,0.5
4486,2,6,12,5,11.4,0.8333333333333334
4487,1,8,8,7,13.0,0.875
4487,2,8,8,7,13.0,0.875
4488,1,5,5,0,0.0,0.0
4488,2,6,0,0,0.0,0.0
4489,1,5,13,2,12.5,0.4
4489,2,5,8,3,12.333333333333334,0.6
4490,1,6,9,5,11.0,0.8333333333333334
4490,2,6,9,5,12.166666666666666,0.8333333333333334
4491,1,0,0,0,0.0,0.0
4491,2,0,0,0,0.0,0.0
4492,1,5,5,0,0.0,0.0
4492,2,5,5,0,0.0,0.0
4493,1,5,9,0,0.0,0.0
4493,2,5,5,1,10.0,0.2
4494,1,5,6,0,0.0,0.0
4494,2,5,5,0,0.0,0.0
4495,1,5,5,5,12.4,1.0
4495,2,5,5,4,10.75,0.8
4496,1,6,8,6,15.5,1.0
4496,2,6,10,6,14.1,1.0
4497,1,5,13,2,11.5,0.4
4497,2,5,12,3,10.8,0.6
4498,1,5,7,4,13.333333333333334,0.8
4498,2,5,9,4,11.6,0.8
4499,1,6,8,6,12.666666666666666,1.0
4499,2,6,6,6,13.5,1.0
4500,1,6,6,0,0.0,0.0
4500,2,6,6,0,0.0,0.0
4501,1,5,8,5,12.6,1.0
4501,2,5,9,5,13.6,1.0
4502,1,6,6,6,13.5,1.0
4502,2,6,6,0,0.0,0.0
4503,1,6,6,6,13.0,1.0
4503,2,6,8,6,13.0,1.0
4504,1,6,15,6,11.714285714285714,1.0
4504,2,6,8,4,11.75,0.6666666666666666
4505,1,6,8,6,12.166666666666666,1.0
4505,2,6,7,5,13.0,0.8333333333333334
4506,1,5,10,0,0.0,0.0
4506,2,5,13,0,0.0,0.0
4507,1,6,12,0,0.0,0.0
4507,2,6,6,0,0.0,0.0
4508,1,5,6,5,11.5,1.0
4508,2,5,5,5,11.6,1.0
4509,1,5,7,4,11.25,0.8
4509,2,5,6,4,12.25,0.8
4510,1,7,7,7,12.285714285714286,1.0
4510,2,9,10,8,12.375,0.8888888888888888
4511,1,7,7,7,12.718571428571428,1.0
4511,2,8,11,8,12.805555555555555,1.0
4512,1,6,12,5,12.4,0.8333333333333334
4512,2,6,11,2,15.0,0.3333333333333333
4513,1,0,0,0,0.0,0.0
4513,2,0,0,0,0.0,0.0
4514,1,6,16,1,14.0,0.16666666666666666
4514,2,6,7,0,0.0,0.0
4515,1,5,10,3,11.666666666666666,0.6
4515,2,5,8,4,11.25,0.8
4516,1,6,15,1,13.0,0.16666666666666666
4516,2,6,8,4,11.25,0.6666666666666666
4517,1,0,0,0,0.0,0.0
4517,2,0,0,0,0.0,0.0
4518,1,5,10,0,0.0,0.0
4518,2,5,11,1,12.0,0.2
4519,1,6,13,4,11.5,0.6666666666666666
4519,2,6,12,2,12.5,0.3333333333333333
4520,1,10,10,7,11.714285714285714,0.7
4520,2,10,10,6,11.5,0.6
4521,1,5,7,5,12.6,1.0
4521,2,5,7,5,13.714285714285714,1.0
4522,1,17,19,13,11.642857142857142,0.7647058823529411
4522,2,17,25,12,11.25,0.7058823529411765
4523,1,6,8,6,14.875,1.0
4523,2,6,8,6,13.428571428571429,1.0
4524,1,5,11,2,10.0,0.4
4524,2,5,10,3,10.333333333333334,0.6
4525,1,5,5,5,14.2,1.0
4525,2,5,5,5,14.6,1.0
4526,1,6,8,6,12.714285714285714,1.0
4526,2,6,9,6,13.5,1.0
4527,1,12,16,5,11.6,0.4166666666666667
4527,2,7,7,5,11.2,0.7142857142857143
4528,1,7,14,5,11.94,0.7142857142857143
4528,2,7,14,6,12.2,0.8571428571428571
4529,1,5,10,4,11.6,0.8
4529,2,5,9,3,14.2,0.6
4530,1,7,9,5,12.7,0.7142857142857143
4530,2,8,9,7,13.475,0.875
4531,1,6,6,6,13.333333333333334,1.0
4531,2,6,9,5,13.8,0.8333333333333334
4532,1,9,13,8,13.333333333333334,0.8888888888888888
4532,2,10,12,9,13.11111111111111,0.9
4533,1,5,5,5,13.4,1.0
4533,2,5,5,5,15.0,1.0
4534,1,6,12,0,0.0,0.0
4534,2,6,12,0,0.0,0.0
4535,1,5,5,2,11.0,0.4
4535,2,5,5,0,0.0,0.0
4536,1,15,17,13,12.0,0.8666666666666667
4536,2,13,13,9,11.333333333333334,0.6923076923076923
4537,1,5,0,0,0.0,0.0
4537,2,5,0,0,0.0,0.0
4538,1,5,5,0,0.0,0.0
4538,2,5,9,0,0.0,0.0
4539,1,6,12,4,12.5,0.6666666666666666
4539,2,6,12,4,10.25,0.6666666666666666
4540,1,6,7,6,13.666666666666666,1.0
4540,2,6,7,6,12.166666666666666,1.0
4541,1,5,10,1,10.0,0.2
4541,2,5,7,0,0.0,0.0
4542,1,6,6,6,11.5,1.0
4542,2,6,9,2,13.0,0.3333333333333333
4543,1,5,7,4,12.25,0.8
4543,2,5,7,4,12.75,0.8
4544,1,6,11,5,13.6,0.8333333333333334
4544,2,6,11,5,13.666666666666666,0.8333333333333334
4545,1,5,11,2,10.5,0.4
4545,2,5,9,3,11.333333333333334,0.6
4546,1,7,7,6,13.266666666666666,0.8571428571428571
4546,2,7,7,6,13.266666666666666,0.8571428571428571
4547,1,7,8,7,12.5125,1.0
4547,2,8,8,8,14.1875,1.0
4548,1,5,9,0,0.0,0.0
4548,2,5,5,0,0.0,0.0
4549,1,6,14,0,0.0,0.0
4549,2,6,6,0,0.0,0.0
4550,1,7,7,6,13.483333333333334,0.8571428571428571
4550,2,7,7,6,13.483333333333334,0.8571428571428571
4551,1,7,9,6,12.565,0.8571428571428571
4551,2,8,12,5,12.16,0.625
4552,1,6,8,0,0.0,0.0
4552,2,5,6,0,0.0,0.0
4553,1,5,9,3,13.0,0.6
4553,2,5,9,3,11.666666666666666,0.6
4554,1,5,6,5,16.5,1.0
4554,2,5,7,5,17.714285714285715,1.0
4555,1,6,7,6,13.166666666666666,1.0
4555,2,6,9,5,13.2,0.8333333333333334
4556,1,6,11,6,13.8,1.0
4556,2,6,7,6,13.142857142857142,1.0
4557,1,6,7,6,11.166666666666666,1.0
4557,2,6,11,4,11.8,0.6666666666666666
4558,1,6,0,0,0.0,0.0
4558,2,6,0,0,0.0,0.0
4559,1,6,7,6,12.666666666666666,1.0
4559,2,6,8,6,12.142857142857142,1.0
4560,1,5,5,5,12.6,1.0
4560,2,5,6,4,14.5,0.8
4561,1,7,7,5,13.06,0.7142857142857143
4561,2,7,9,0,0.0,0.0
4562,1,6,7,6,13.833333333333334,1.0
4562,2,6,8,6,13.625,1.0
4563,1,5,5,0,0.0,0.0
4563,2,5,5,0,0.0,0.0
4564,1,6,6,2,16.0,0.3333333333333333
4564,2,7,7,2,16.0,0.2857142857142857
4565,1,5,5,0,0.0,0.0
4565,2,5,5,0,0.0,0.0
4566,1,5,12,3,10.666666666666666,0.6
4566,2,5,11,3,10.666666666666666,0.6
4567,1,18,18,18,14.5,1.0
4567,2,18,18,18,14.5,1.0
4568,1,5,6,5,14.0,1.0
4568,2,5,7,5,13.8,1.0
4569,1,5,10,3,13.333333333333334,0.6
4569,2,5,11,5,13.571428571428571,1.0
4570,1,6,0,0,0.0,0.0
4570,2,6,0,0,0.0,0.0
4571,1,6,9,5,12.0,0.8333333333333334
4571,2,6,10,4,11.2,0.6666666666666666
4572,1,5,6,5,16.2,1.0
4572,2,5,8,5,16.0,1.0
4573,1,13,13,7,10.285714285714286,0.5384615384615384
4573,2,11,13,5,10.6,0.45454545454545453
4574,1,5,5,0,0.0,0.0
4574,2,5,5,0,0.0,0.0
4575,1,6,7,6,13.571428571428571,1.0
4575,2,6,8,6,13.166666666666666,1.0
4576,1,6,7,6,14.285714285714286,1.0
4576,2,6,9,6,14.857142857142858,1.0
4577,1,5,7,5,10.2,1.0
4577,2,5,6,4,10.5,0.8
4578,1,8,16,2,10.25,0.25
4578,2,8,16,2,10.25,0.25
4579,1,6,0,0,0.0,0.0
4579,2,6,0,0,0.0,0.0
4580,1,6,7,6,14.833333333333334,1.0
4580,2,6,6,6,14.833333333333334,1.0
4581,1,6,12,5,13.625,0.8333333333333334
4581,2,6,6,5,12.6,0.8333333333333334
4582,1,7,7,7,12.271428571428572,1.0
4582,2,8,10,7,13.657142857142857,0.875
4583,1,5,0,0,0.0,0.0
4583,2,5,0,0,0.0,0.0
4584,1,5,8,4,12.5,0.8
4584,2,5,9,5,10.5,1.0
4585,1,9,10,9,13.22222222222222,1.0
4585,2,7,8,7,13.142857142857142,1.0
4586,1,7,13,2,15.0,0.2857142857142857
4586,2,7,12,2,11.5,0.2857142857142857
4587,1,0,0,0,0.0,0.0
4587,2,0,0,0,0.0,0.0
4588,1,12,12,12,13.166666666666666,1.0
4588,2,12,12,12,13.0,1.0
4589,1,6,8,5,13.833333333333334,0.8333333333333334
4589,2,6,6,4,14.0,0.6666666666666666
4590,1,5,0,0,0.0,0.0
4590,2,5,0,0,0.0,0.0
4591,1,5,6,0,0.0,0.0
4591,2,5,6,0,0.0,0.0
4592,1,8,8,7,13.154285714285717,0.875
4592,2,8,8,7,13.154285714285717,0.875
4593,1,12,12,9,12.333333333333334,0.75
4593,2,11,11,6,13.166666666666666,0.5454545454545454
4594,1,6,6,6,13.0,1.0
4594,2,6,7,5,11.8,0.8333333333333334
4595,1,5,14,2,11.5,0.4
4595,2,5,8,5,11.4,1.0
4596,1,6,15,3,13.25,0.5
4596,2,6,9,1,12.0,0.16666666666666666
4597,1,6,12,3,13.333333333333334,0.5
4597,2,6,12,3,12.75,0.5
4598,1,6,6,6,13.5,1.0
4598,2,6,6,6,12.166666666666666,1.0
4599,1,6,7,6,12.666666666666666,1.0
4599,2,6,8,5,12.8,0.8333333333333334
4600,1,11,18,11,15.090909090909092,1.0
4600,2,6,7,6,14.5,1.0
4601,1,0,0,0,0.0,0.0
4601,2,0,0,0,0.0,0.0
4602,1,6,7,6,13.166666666666666,1.0
4602,2,6,7,6,12.666666666666666,1.0
4603,1,6,6,6,12.833333333333334,1.0
4603,2,6,8,6,12.833333333333334,1.0
4604,1,5,7,5,11.8,1.0
4604,2,5,9,3,12.0,0.6
4605,1,6,6,6,11.833333333333334,1.0
4605,2,6,6,6,12.166666666666666,1.0
4606,1,6,6,5,12.8,0.8333333333333334
4606,2,6,11,3,12.75,0.5
4607,1,7,7,5,11.8,0.7142857142857143
4607,2,9,9,5,11.0,0.5555555555555556
4608,1,0,0,0,0.0,0.0
4608,2,0,0,0,0.0,0.0
4609,1,5,7,5,15.8,1.0
4609,2,5,7,5,14.571428571428571,1.0
4610,1,0,0,0,0.0,0.0
4610,2,0,0,0,0.0,0.0
4611,1,5,9,2,12.5,0.4
4611,2,5,10,3,11.6,0.6
4612,1,6,9,6,14.666666666666666,1.0
4612,2,6,7,6,13.857142857142858,1.0
4613,1,6,10,4,12.5,0.6666666666666666
4613,2,6,16,2,12.0,0.3333333333333333
4614,1,5,7,3,12.0,0.6
4614,2,6,10,2,10.5,0.3333333333333333
4615,1,8,8,7,13.142857142857142,0.875
4615,2,6,8,6,11.833333333333334,1.0
4616,1,6,6,3,12.666666666666666,0.5
4616,2,6,11,4,11.142857142857142,0.6666666666666666
4617,1,5,6,5,15.0,1.0
4617,2,5,6,5,14.2,1.0
4618,1,6,7,5,13.6,0.8333333333333334
4618,2,6,7,5,11.8,0.8333333333333334
4619,1,6,6,6,12.5,1.0
4619,2,6,6,6,13.833333333333334,1.0
4620,1,6,7,6,13.333333333333334,1.0
4620,2,6,7,6,13.5,1.0
4621,1,6,13,4,12.25,0.6666666666666666
4621,2,6,15,5,11.0,0.8333333333333334
4622,1,7,7,7,15.101428571428572,1.0
4622,2,8,8,8,16.09375,1.0
4623,1,6,6,6,13.166666666666666,1.0
4623,2,6,6,6,16.0,1.0
4624,1,6,8,4,11.0,0.6666666666666666
4624,2,6,6,0,0.0,0.0
4625,1,5,9,3,11.666666666666666,0.6
4625,2,5,9,4,11.75,0.8
4626,1,6,13,1,10.0,0.16666666666666666
4626,2,6,13,1,13.0,0.16666666666666666
4627,1,7,15,7,11.571428571428571,1.0
4627,2,6,14,2,11.0,0.3333333333333333
4628,1,6,6,6,12.166666666666666,1.0
4628,2,6,10,5,11.2,0.8333333333333334
4629,1,0,0,0,0.0,0.0
4629,2,0,0,0,0.0,0.0
4630,1,6,6,6,13.833333333333334,1.0
4630,2,6,7,6,14.285714285714286,1.0
4631,1,7,10,6,12.357142857142858,0.8571428571428571
4631,2,8,9,7,13.0,0.875
4632,1,6,7,6,12.166666666666666,1.0
4632,2,6,10,2,10.333333333333334,0.3333333333333333
4633,1,6,8,3,12.0,0.5
4633,2,6,6,2,12.5,0.3333333333333333
4634,1,10,14,9,12.416666666666666,0.9
4634,2,9,14,7,13.0,0.7777777777777778
4635,1,5,7,4,12.75,0.8
4635,2,5,6,4,12.75,0.8
4636,1,21,33,18,14.933333333333334,0.8571428571428571
4636,2,21,33,18,14.933333333333334,0.8571428571428571
4637,1,6,6,6,13.0,1.0
4637,2,6,7,6,11.666666666666666,1.0
4638,1,7,7,7,12.857142857142858,1.0
4638,2,7,8,6,12.666666666666666,0.8571428571428571
4639,1,7,10,7,14.455000000000002,1.0
4639,2,8,8,8,13.91,1.0
4640,1,6,8,6,14.0,1.0
4640,2,6,7,6,13.285714285714286,1.0
4641,1,6,6,6,13.5,1.0
4641,2,6,7,6,12.666666666666666,1.0
4642,1,6,0,0,0.0,0.0
4642,2,6,0,0,0.0,0.0
4643,1,6,6,6,11.666666666666666,1.0
4643,2,6,12,5,14.0,0.8333333333333334
4644,1,5,6,4,12.0,0.8
4644,2,5,8,5,13.333333333333334,1.0
4645,1,6,7,6,11.714285714285714,1.0
4645,2,6,6,6,11.833333333333334,1.0
4646,1,6,8,6,12.666666666666666,1.0
4646,2,6,7,6,12.428571428571429,1.0
4647,1,6,11,3,11.75,0.5
4647,2,6,19,4,12.8,0.6666666666666666
4648,1,6,0,0,0.0,0.0
4648,2,6,0,0,0.0,0.0
4649,1,8,8,7,12.328571428571427,0.875
4649,2,8,8,7,12.328571428571427,0.875
4650,1,7,14,6,11.666666666666666,0.8571428571428571
4650,2,7,10,1,10.0,0.14285714285714285
4651,1,12,12,12,13.25,1.0
4651,2,12,12,11,12.727272727272728,0.9166666666666666
4652,1,6,8,5,11.833333333333334,0.8333333333333334
4652,2,6,8,4,13.25,0.6666666666666666
4653,1,7,7,7,13.3,1.0
4653,2,8,8,8,15.125,1.0
4654,1,6,13,6,12.555555555555555,1.0
4654,2,6,11,5,11.8,0.8333333333333334
4655,1,6,6,6,12.833333333333334,1.0
4655,2,6,7,6,12.166666666666666,1.0
4656,1,6,6,6,12.833333333333334,1.0
4656,2,6,6,6,12.833333333333334,1.0
4657,1,5,10,3,12.666666666666666,0.6
4657,2,5,7,3,13.0,0.6
4658,1,7,8,6,13.271428571428572,0.8571428571428571
4658,2,8,8,7,14.471428571428572,0.875
4659,1,5,5,5,12.4,1.0
4659,2,5,6,5,12.833333333333334,1.0
4660,1,5,10,2,14.5,0.4
4660,2,5,7,4,11.25,0.8
4661,1,6,7,0,0.0,0.0
4661,2,5,5,0,0.0,0.0
4662,1,6,7,6,14.285714285714286,1.0
4662,2,6,8,6,13.25,1.0
4663,1,5,7,3,12.333333333333334,0.6
4663,2,5,9,5,12.6,1.0
4664,1,7,10,6,12.583333333333334,0.8571428571428571
4664,2,8,8,7,12.671428571428573,0.875
4665,1,7,8,6,13.731666666666667,0.8571428571428571
4665,2,8,10,7,13.771428571428572,0.875
4666,1,6,8,6,12.875,1.0
4666,2,6,14,5,12.142857142857142,0.8333333333333334
4667,1,10,14,8,14.625,0.8
4667,2,7,7,5,13.4,0.7142857142857143
4668,1,3,3,0,0.0,0.0
4668,2,2,2,0,0.0,0.0
4669,1,6,8,6,12.666666666666666,1.0
4669,2,6,7,6,12.666666666666666,1.0
4670,1,8,11,6,12.491666666666667,0.75
4670,2,8,11,6,12.491666666666667,0.75
4671,1,12,12,12,13.666666666666666,1.0
4671,2,11,12,11,14.166666666666666,1.0
4672,1,6,13,6,16.0,1.0
4672,2,6,8,6,14.5,1.0
4673,1,6,8,6,14.142857142857142,1.0
4673,2,6,7,6,13.0,1.0
4674,1,6,9,6,11.833333333333334,1.0
4674,2,6,9,4,13.75,0.6666666666666666
4675,1,6,6,6,12.666666666666666,1.0
4675,2,6,8,6,13.0,1.0
4676,1,6,6,6,12.5,1.0
4676,2,6,6,6,12.666666666666666,1.0
4677,1,11,16,9,10.88888888888889,0.8181818181818182
4677,2,10,20,4,11.25,0.4
4678,1,6,11,1,13.0,0.16666666666666666
4678,2,5,10,0,0.0,0.0
4679,1,6,6,6,15.166666666666666,1.0
4679,2,6,6,6,16.0,1.0
4680,1,6,8,6,12.666666666666666,1.0
4680,2,6,7,6,12.0,1.0
4681,1,0,0,0,0.0,0.0
4681,2,0,0,0,0.0,0.0
4682,1,5,9,5,12.0,1.0
4682,2,5,5,5,10.2,1.0
4683,1,5,5,0,0.0,0.0
4683,2,5,5,0,0.0,0.0
4684,1,0,0,0,0.0,0.0
4684,2,0,0,0,0.0,0.0
4685,1,5,8,2,11.0,0.4
4685,2,5,6,4,11.5,0.8
4686,1,6,7,6,15.714285714285714,1.0
4686,2,6,10,6,15.9,1.0
4687,1,15,15,11,10.818181818181818,0.7333333333333333
4687,2,14,15,11,11.636363636363637,0.7857142857142857
4688,1,5,16,1,12.0,0.2
4688,2,5,6,0,0.0,0.0
4689,1,6,8,5,12.6,0.8333333333333334
4689,2,6,11,4,11.25,0.6666666666666666
4690,1,5,12,1,13.0,0.2
4690,2,5,7,3,14.0,0.6
4691,1,5,8,5,11.6,1.0
4691,2,5,10,4,10.75,0.8
4692,1,5,11,1,10.0,0.2
4692,2,5,14,1,11.0,0.2
4693,1,6,7,1,14.0,0.16666666666666666
4693,2,6,6,0,0.0,0.0
4694,1,5,9,5,12.6,1.0
4694,2,5,8,2,12.5,0.4
4695,1,0,0,0,0.0,0.0
4695,2,0,0,0,0.0,0.0
4696,1,5,11,2,11.333333333333334,0.4
4696,2,5,9,1,12.0,0.2
4697,1,6,6,6,12.666666666666666,1.0
4697,2,6,7,5,11.4,0.8333333333333334
4698,1,6,7,5,10.8,0.8333333333333334
4698,2,6,10,2,10.5,0.3333333333333333
4699,1,7,14,5,12.87857142857143,0.7142857142857143
4699,2,8,15,7,11.85625,0.875
4700,1,5,5,0,0.0,0.0
4700,2,5,5,0,0.0,0.0
4701,1,6,6,6,12.833333333333334,1.0
4701,2,6,8,5,11.4,0.8333333333333334
4702,1,5,5,5,12.6,1.0
4702,2,5,9,3,12.833333333333334,0.6
4703,1,5,0,0,0.0,0.0
4703,2,5,0,0,0.0,0.0
4704,1,5,11,0,0.0,0.0
4704,2,5,5,0,0.0,0.0
4705,1,6,6,6,14.166666666666666,1.0
4705,2,6,6,6,14.0,1.0
4706,1,5,7,5,13.4,1.0
4706,2,5,7,4,13.25,0.8
4707,1,5,8,5,11.2,1.0
4707,2,5,13,4,11.25,0.8
4708,1,0,0,0,0.0,0.0
4708,2,0,0,0,0.0,0.0
4709,1,6,6,6,12.666666666666666,1.0
4709,2,6,8,5,11.8,0.8333333333333334
4710,1,5,7,3,12.333333333333334,0.6
4710,2,5,5,4,11.25,0.8
4711,1,5,7,4,12.25,0.8
4711,2,5,7,5,12.0,1.0
4712,1,0,0,0,0.0,0.0
4712,2,0,0,0,0.0,0.0
4713,1,5,13,3,10.75,0.6
4713,2,5,9,3,10.333333333333334,0.6
4714,1,7,7,0,0.0,0.0
4714,2,7,8,0,0.0,0.0
4715,1,6,13,0,0.0,0.0
4715,2,6,6,0,0.0,0.0
4716,1,5,9,2,14.333333333333334,0.4
4716,2,5,10,2,12.5,0.4
4717,1,5,8,2,11.5,0.4
4717,2,5,13,2,11.5,0.4
4718,1,0,0,0,0.0,0.0
4718,2,0,0,0,0.0,0.0
4719,1,5,11,2,10.5,0.4
4719,2,5,13,0,0.0,0.0
4720,1,6,6,6,13.5,1.0
4720,2,6,0,0,0.0,0.0
4721,1,6,17,1,11.0,0.16666666666666666
4721,2,6,19,0,0.0,0.0
4722,1,6,6,1,10.0,0.16666666666666666
4722,2,6,6,0,0.0,0.0
4723,1,6,17,0,0.0,0.0
4723,2,6,8,0,0.0,0.0
4724,1,5,10,1,12.0,0.2
4724,2,5,7,3,10.666666666666666,0.6
4725,1,5,6,4,12.25,0.8
4725,2,5,5,5,12.2,1.0
4726,1,10,21,5,11.4,0.5
4726,2,7,13,6,11.666666666666666,0.8571428571428571
4727,1,5,5,0,0.0,0.0
4727,2,5,5,0,0.0,0.0
4728,1,6,8,4,14.25,0.6666666666666666
4728,2,6,10,5,14.0,0.8333333333333334
4729,1,12,12,11,14.454545454545457,0.9166666666666666
4729,2,11,11,10,14.2,0.9090909090909091
4730,1,12,13,12,14.538461538461538,1.0
4730,2,12,14,12,14.461538461538462,1.0
4731,1,7,10,6,12.733333333333334,0.8571428571428571
4731,2,8,10,7,11.95,0.875
4732,1,12,13,5,13.2,0.4166666666666667
4732,2,12,12,4,13.5,0.3333333333333333
4733,1,0,0,0,0.0,0.0
4733,2,0,0,0,0.0,0.0
4734,1,6,7,6,12.333333333333334,1.0
4734,2,6,10,4,12.75,0.6666666666666666
4735,1,9,9,5,11.2,0.5555555555555556
4735,2,9,14,7,11.25,0.7777777777777778
4736,1,7,7,6,13.2,0.8571428571428571
4736,2,7,7,6,13.2,0.8571428571428571
4737,1,5,8,5,11.833333333333334,1.0
4737,2,5,8,4,14.0,0.8
4738,1,6,10,5,11.333333333333334,0.8333333333333334
4738,2,6,14,2,11.5,0.3333333333333333
4739,1,5,5,5,13.6,1.0
4739,2,5,6,5,14.6,1.0
4740,1,5,10,0,0.0,0.0
4740,2,5,10,2,11.5,0.4
4741,1,6,11,5,12.857142857142858,0.8333333333333334
4741,2,6,12,5,13.666666666666666,0.8333333333333334
4742,1,5,16,3,14.333333333333334,0.6
4742,2,5,9,5,12.428571428571429,1.0
4743,1,6,9,5,13.5,0.8333333333333334
4743,2,6,6,6,14.0,1.0
4744,1,6,8,6,14.428571428571429,1.0
4744,2,6,12,4,15.6,0.6666666666666666
4745,1,6,12,0,0.0,0.0
4745,2,6,12,0,0.0,0.0
4746,1,0,0,0,0.0,0.0
4746,2,0,0,0,0.0,0.0
4747,1,8,8,8,12.82875,1.0
4747,2,8,8,8,12.82875,1.0
4748,1,5,6,0,0.0,0.0
4748,2,5,6,4,13.75,0.8
4749,1,7,0,0,0.0,0.0
4749,2,8,0,0,0.0,0.0
4750,1,6,6,6,14.666666666666666,1.0
4750,2,6,6,6,13.166666666666666,1.0
4751,1,8,8,7,13.937142857142858,0.875
4751,2,8,8,7,13.937142857142858,0.875
4752,1,12,12,10,14.7,0.8333333333333334
4752,2,12,12,12,14.583333333333334,1.0
4753,1,6,6,6,11.666666666666666,1.0
4753,2,6,6,5,12.2,0.8333333333333334
4754,1,7,7,6,14.85,0.8571428571428571
4754,2,7,7,6,14.85,0.8571428571428571
4755,1,5,11,1,12.0,0.2
4755,2,5,12,0,0.0,0.0
4756,1,7,8,7,13.6875,1.0
4756,2,8,9,8,15.622222222222222,1.0
4757,1,6,14,5,12.4,0.8333333333333334
4757,2,6,10,5,11.6,0.8333333333333334
4758,1,7,10,7,13.398,1.0
4758,2,8,8,8,13.5425,1.0
4759,1,6,13,5,11.8,0.8333333333333334
4759,2,6,19,4,12.0,0.6666666666666666
4760,1,5,0,0,0.0,0.0
4760,2,5,0,0,0.0,0.0
4761,1,15,19,13,11.76923076923077,0.8666666666666667
4761,2,14,17,14,11.928571428571429,1.0
4762,1,6,8,0,0.0,0.0
4762,2,5,6,0,0.0,0.0
4763,1,6,8,6,13.285714285714286,1.0
4763,2,6,11,6,13.0,1.0
4764,1,6,6,6,11.666666666666666,1.0
4764,2,6,8,6,11.166666666666666,1.0
4765,1,6,13,6,11.5,1.0
4765,2,6,9,5,12.2,0.8333333333333334
4766,1,7,9,6,13.081666666666669,0.8571428571428571
4766,2,8,12,6,13.15,0.75
4767,1,6,6,6,12.666666666666666,1.0
4767,2,6,6,6,13.0,1.0
4768,1,6,6,3,11.333333333333334,0.5
4768,2,6,6,0,0.0,0.0
4769,1,6,8,5,13.6,0.8333333333333334
4769,2,6,8,5,11.6,0.8333333333333334
4770,1,6,6,6,13.166666666666666,1.0
4770,2,6,7,5,13.2,0.8333333333333334
4771,1,6,0,0,0.0,0.0
4771,2,6,0,0,0.0,0.0
4772,1,6,10,5,11.666666666666666,0.8333333333333334
4772,2,6,7,5,12.6,0.8333333333333334
4773,1,6,6,6,13.5,1.0
4773,2,6,7,6,13.428571428571429,1.0
4774,1,6,7,0,0.0,0.0
4774,2,6,6,0,0.0,0.0
4775,1,6,6,6,13.166666666666666,1.0
4775,2,6,7,6,14.142857142857142,1.0
4776,1,5,11,4,12.5,0.8
4776,2,5,11,2,12.5,0.4
4777,1,6,10,6,13.375,1.0
4777,2,6,10,6,13.0,1.0
4778,1,6,6,6,13.166666666666666,1.0
4778,2,6,6,6,12.666666666666666,1.0
4779,1,6,12,4,13.4,0.6666666666666666
4779,2,6,17,2,13.5,0.3333333333333333
4780,1,7,10,3,13.0,0.42857142857142855
4780,2,8,10,3,11.666666666666666,0.375
4781,1,8,8,7,13.154285714285717,0.875
4781,2,8,8,7,13.154285714285717,0.875
4782,1,6,6,6,12.833333333333334,1.0
4782,2,6,6,6,12.833333333333334,1.0
4783,1,7,10,7,12.142857142857142,1.0
4783,2,7,7,7,13.142857142857142,1.0
4784,1,7,9,5,13.34,0.7142857142857143
4784,2,7,9,6,12.385714285714286,0.8571428571428571
4785,1,10,15,4,13.0,0.4
4785,2,9,10,4,13.75,0.4444444444444444
4786,1,6,18,3,12.0,0.5
4786,2,6,17,3,11.666666666666666,0.5
4787,1,0,0,0,0.0,0.0
4787,2,0,0,0,0.0,0.0
4788,1,6,9,5,11.0,0.8333333333333334
4788,2,6,12,0,0.0,0.0
4789,1,6,8,5,11.5,0.8333333333333334
4789,2,6,11,6,11.333333333333334,1.0
4790,1,9,9,3,13.333333333333334,0.3333333333333333
4790,2,6,6,2,12.5,0.3333333333333333
4791,1,7,9,7,14.594444444444443,1.0
4791,2,8,10,8,13.472,1.0
4792,1,6,9,4,11.0,0.6666666666666666
4792,2,6,13,3,10.666666666666666,0.5
4793,1,5,8,0,0.0,0.0
4793,2,5,5,0,0.0,0.0
4794,1,6,6,0,0.0,0.0
4794,2,6,0,0,0.0,0.0
4795,1,5,9,1,12.0,0.2
4795,2,5,10,2,12.0,0.4
4796,1,5,8,5,14.0,1.0
4796,2,5,6,5,13.2,1.0
4797,1,6,8,6,13.571428571428571,1.0
4797,2,6,7,5,11.8,0.8333333333333334
4798,1,6,12,0,0.0,0.0
4798,2,6,6,0,0.0,0.0
4799,1,6,8,6,14.25,1.0
4799,2,6,7,6,13.857142857142858,1.0
4800,1,6,7,0,0.0,0.0
4800,2,6,6,0,0.0,0.0
4801,1,6,12,0,0.0,0.0
4801,2,6,12,0,0.0,0.0
4802,1,8,8,7,13.542857142857144,0.875
4802,2,8,8,7,13.542857142857144,0.875
4803,1,9,9,9,13.11111111111111,1.0
4803,2,7,10,7,11.714285714285714,1.0
4804,1,9,11,9,12.666666666666666,1.0
4804,2,7,7,7,12.142857142857142,1.0
4805,1,5,10,4,10.75,0.8
4805,2,5,13,2,10.0,0.4
4806,1,10,14,4,10.75,0.4
4806,2,10,10,2,10.0,0.2
4807,1,6,6,6,13.666666666666666,1.0
4807,2,6,6,6,13.333333333333334,1.0
4808,1,6,6,6,13.833333333333334,1.0
4808,2,6,6,6,12.833333333333334,1.0
4809,1,18,18,17,13.176470588235292,0.9444444444444444
4809,2,18,18,16,13.0,0.8888888888888888
4810,1,6,8,4,12.75,0.6666666666666666
4810,2,6,12,5,12.6,0.8333333333333334
4811,1,7,8,5,12.86,0.7142857142857143
4811,2,7,8,5,12.86,0.7142857142857143
4812,1,8,12,4,12.0,0.5
4812,2,7,9,4,12.0,0.5714285714285714
4813,1,11,11,9,11.666666666666666,0.8181818181818182
4813,2,11,13,9,12.555555555555555,0.8181818181818182
4814,1,14,14,14,16.5,1.0
4814,2,11,11,11,16.90909090909091,1.0
4815,1,10,14,9,12.333333333333334,0.9
4815,2,7,10,7,11.77777777777778,1.0
4816,1,7,8,7,12.59125,1.0
4816,2,8,11,7,12.820000000000002,0.875
4817,1,6,9,4,11.5,0.6666666666666666
4817,2,6,12,3,11.0,0.5
4818,1,18,19,18,11.894736842105264,1.0
4818,2,13,13,13,12.923076923076923,1.0
4819,1,6,0,0,0.0,0.0
4819,2,6,0,0,0.0,0.0
4820,1,6,0,0,0.0,0.0
4820,2,6,0,0,0.0,0.0
4821,1,6,13,5,13.0,0.8333333333333334
4821,2,6,13,2,11.5,0.3333333333333333
4822,1,6,9,0,0.0,0.0
4822,2,6,6,0,0.0,0.0
4823,1,6,6,6,15.166666666666666,1.0
4823,2,6,6,6,14.833333333333334,1.0
4824,1,6,8,4,11.75,0.6666666666666666
4824,2,6,8,2,13.5,0.3333333333333333
4825,1,5,5,0,0.0,0.0
4825,2,5,6,1,15.0,0.2
4826,1,0,0,0,0.0,0.0
4826,2,0,0,0,0.0,0.0
4827,1,6,11,3,11.333333333333334,0.5
4827,2,6,10,3,14.75,0.5
4828,1,6,10,5,12.6,0.8333333333333334
4828,2,6,6,5,13.2,0.8333333333333334
4829,1,5,10,0,0.0,0.0
4829,2,5,10,1,14.0,0.2
4830,1,6,8,6,15.5,1.0
4830,2,6,9,4,15.5,0.6666666666666666
4831,1,8,8,7,12.365714285714288,0.875
4831,2,8,8,7,12.365714285714288,0.875
4832,1,6,7,5,13.2,0.8333333333333334
4832,2,6,10,5,13.25,0.8333333333333334
4833,1,12,12,7,11.428571428571429,0.5833333333333334
4833,2,12,12,7,11.857142857142858,0.5833333333333334
4834,1,6,0,0,0.0,0.0
4834,2,6,0,0,0.0,0.0
4835,1,6,10,4,14.0,0.6666666666666666
4835,2,6,9,6,12.333333333333334,1.0
4836,1,12,12,3,12.0,0.25
4836,2,12,16,5,11.8,0.4166666666666667
4837,1,4,4,0,0.0,0.0
4837,2,5,8,3,12.0,0.6
4838,1,5,13,4,10.0,0.8
4838,2,5,7,3,11.333333333333334,0.6
4839,1,5,9,1,10.0,0.2
4839,2,5,10,1,10.0,0.2
4840,1,0,0,0,0.0,0.0
4840,2,0,0,0,0.0,0.0
4841,1,6,7,6,11.166666666666666,1.0
4841,2,6,12,3,11.666666666666666,0.5
4842,1,6,12,4,11.75,0.6666666666666666
4842,2,6,13,3,11.333333333333334,0.5
4843,1,6,13,3,11.75,0.5
4843,2,6,10,0,0.0,0.0
4844,1,5,8,1,10.0,0.2
4844,2,5,7,1,11.0,0.2
4845,1,5,8,3,14.0,0.6
4845,2,5,5,5,12.8,1.0
4846,1,5,5,0,0.0,0.0
4846,2,5,5,0,0.0,0.0
4847,1,6,12,3,12.0,0.5
4847,2,6,15,0,0.0,0.0
4848,1,6,10,0,0.0,0.0
4848,2,5,10,0,0.0,0.0
4849,1,10,19,8,11.88888888888889,0.8
4849,2,8,17,5,11.6,0.625
4850,1,6,6,6,13.833333333333334,1.0
4850,2,6,6,6,13.666666666666666,1.0
4851,1,5,5,0,0.0,0.0
4851,2,5,5,0,0.0,0.0
4852,1,6,8,5,11.4,0.8333333333333334
4852,2,6,9,5,12.4,0.8333333333333334
4853,1,6,8,0,0.0,0.0
4853,2,6,8,2,11.0,0.3333333333333333
4854,1,17,17,14,10.642857142857142,0.8235294117647058
4854,2,12,12,12,10.666666666666666,1.0
4855,1,6,10,2,11.0,0.3333333333333333
4855,2,6,12,0,0.0,0.0
4856,1,6,6,6,16.833333333333332,1.0
4856,2,6,6,6,16.666666666666668,1.0
4857,1,6,8,6,13.571428571428571,1.0
4857,2,6,9,5,13.2,0.8333333333333334
4858,1,5,11,5,14.714285714285714,1.0
4858,2,5,14,5,14.375,1.0
4859,1,5,8,0,0.0,0.0
4859,2,5,5,0,0.0,0.0
4860,1,5,14,1,10.0,0.2
4860,2,5,14,1,11.0,0.2
4861,1,6,15,1,11.0,0.16666666666666666
4861,2,6,13,4,11.75,0.6666666666666666
4862,1,6,6,1,11.0,0.16666666666666666
4862,2,6,0,0,0.0,0.0
4863,1,6,6,5,12.0,0.8333333333333334
4863,2,6,6,6,12.833333333333334,1.0
4864,1,6,10,6,11.125,1.0
4864,2,6,7,6,11.857142857142858,1.0
4865,1,6,13,3,11.333333333333334,0.5
4865,2,6,8,2,11.5,0.3333333333333333
4866,1,6,15,2,12.0,0.3333333333333333
4866,2,6,12,0,0.0,0.0
4867,1,7,8,0,0.0,0.0
4867,2,7,7,0,0.0,0.0
4868,1,8,8,7,14.54,0.875
4868,2,8,8,7,14.54,0.875
4869,1,6,9,6,12.166666666666666,1.0
4869,2,6,14,4,13.0,0.6666666666666666
4870,1,5,13,4,13.5,0.8
4870,2,5,12,3,11.666666666666666,0.6
4871,1,6,8,6,14.75,1.0
4871,2,6,9,5,14.333333333333334,0.8333333333333334
4872,1,5,8,5,12.375,1.0
4872,2,5,7,5,11.666666666666666,1.0
4873,1,7,7,6,12.733333333333334,0.8571428571428571
4873,2,7,7,6,12.733333333333334,0.8571428571428571
4874,1,6,9,4,12.5,0.6666666666666666
4874,2,6,6,0,0.0,0.0
4875,1,5,5,0,0.0,0.0
4875,2,5,5,0,0.0,0.0
4876,1,7,7,0,0.0,0.0
4876,2,7,7,0,0.0,0.0
4877,1,7,7,7,13.44285714285714,1.0
4877,2,8,8,7,13.771428571428572,0.875
4878,1,8,8,8,14.2,1.0
4878,2,8,8,8,14.2,1.0
4879,1,7,7,6,13.55,0.8571428571428571
4879,2,7,7,6,13.55,0.8571428571428571
4880,1,5,5,5,11.6,1.0
4880,2,5,6,5,11.166666666666666,1.0
4881,1,6,7,6,13.571428571428571,1.0
4881,2,6,7,6,15.285714285714286,1.0
4882,1,6,6,6,13.833333333333334,1.0
4882,2,6,6,6,15.0,1.0
4883,1,6,7,4,11.25,0.6666666666666666
4883,2,6,9,4,10.857142857142858,0.6666666666666666
4884,1,6,7,5,10.2,0.8333333333333334
4884,2,6,9,4,11.25,0.6666666666666666
4885,1,8,8,7,15.675714285714283,0.875
4885,2,8,8,7,15.675714285714283,0.875
4886,1,6,9,6,10.833333333333334,1.0
4886,2,6,8,6,12.0,1.0
4887,1,6,6,6,14.5,1.0
4887,2,6,7,5,15.0,0.8333333333333334
4888,1,6,12,4,10.4,0.6666666666666666
4888,2,6,11,4,10.75,0.6666666666666666
4889,1,5,7,5,13.0,1.0
4889,2,5,7,5,13.333333333333334,1.0
4890,1,7,7,7,12.242857142857144,1.0
4890,2,8,8,8,14.125,1.0
4891,1,7,7,7,13.0,1.0
4891,2,7,8,6,12.5,0.8571428571428571
4892,1,6,6,6,14.166666666666666,1.0
4892,2,6,7,6,13.428571428571429,1.0
4893,1,5,11,4,14.25,0.8
4893,2,5,7,4,12.5,0.8
4894,1,5,14,1,12.0,0.2
4894,2,5,11,2,10.5,0.4
4895,1,7,11,4,13.25,0.5714285714285714
4895,2,7,9,5,13.82,0.7142857142857143
4896,1,7,7,6,13.183333333333332,0.8571428571428571
4896,2,7,7,6,13.183333333333332,0.8571428571428571
4897,1,6,6,1,11.0,0.16666666666666666
4897,2,6,6,0,0.0,0.0
4898,1,7,8,7,11.9725,1.0
4898,2,8,8,8,12.65125,1.0
4899,1,6,7,5,12.4,0.8333333333333334
4899,2,6,8,5,12.8,0.8333333333333334
4900,1,8,9,5,12.6,0.625
4900,2,7,13,5,11.25,0.7142857142857143
4901,1,7,7,6,13.9,0.8571428571428571
4901,2,7,7,6,13.9,0.8571428571428571
4902,1,6,11,4,11.5,0.6666666666666666
4902,2,6,12,3,11.0,0.5
4903,1,5,6,4,14.2,0.8
4903,2,5,10,4,11.857142857142858,0.8
4904,1,5,12,3,10.666666666666666,0.6
4904,2,5,15,3,10.666666666666666,0.6
4905,1,7,14,0,0.0,0.0
4905,2,8,0,0,0.0,0.0
4906,1,6,10,6,11.0,1.0
4906,2,6,14,3,11.333333333333334,0.5
4907,1,8,8,7,13.957142857142856,0.875
4907,2,8,8,7,13.957142857142856,0.875
4908,1,6,11,4,12.5,0.6666666666666666
4908,2,6,13,3,13.666666666666666,0.5
4909,1,6,8,6,13.333333333333334,1.0
4909,2,6,7,6,15.285714285714286,1.0
4910,1,5,5,0,0.0,0.0
4910,2,5,6,0,0.0,0.0
4911,1,6,9,6,11.666666666666666,1.0
4911,2,6,8,5,11.6,0.8333333333333334
4912,1,6,7,6,15.714285714285714,1.0
4912,2,6,7,6,15.5,1.0
4913,1,6,8,5,11.0,0.8333333333333334
4913,2,6,9,5,11.4,0.8333333333333334
4914,1,5,8,4,12.25,0.8
4914,2,5,7,4,12.75,0.8
4915,1,10,25,5,12.2,0.5
4915,2,9,18,8,12.22222222222222,0.8888888888888888
4916,1,5,6,5,13.0,1.0
4916,2,5,5,5,14.0,1.0
4917,1,6,11,4,12.0,0.6666666666666666
4917,2,6,7,6,13.0,1.0
4918,1,6,6,6,13.333333333333334,1.0
4918,2,6,7,6,12.333333333333334,1.0
4919,1,5,6,3,13.0,0.6
4919,2,5,7,3,13.0,0.6
4920,1,8,8,7,12.91,0.875
4920,2,8,8,7,12.91,0.875
4921,1,6,8,6,11.0,1.0
4921,2,6,13,3,11.0,0.5
4922,1,7,8,6,13.579999999999998,0.8571428571428571
4922,2,8,8,8,12.93625,1.0
4923,1,6,10,4,12.4,0.6666666666666666
4923,2,6,8,6,12.5,1.0
4924,1,9,13,8,12.88888888888889,0.8888888888888888
4924,2,7,9,7,13.0,1.0
4925,1,12,12,11,11.545454545454543,0.9166666666666666
4925,2,11,18,9,11.7,0.8181818181818182
4926,1,5,6,1,10.0,0.2
4926,2,5,5,0,0.0,0.0
4927,1,8,8,8,14.34125,1.0
4927,2,8,8,8,14.34125,1.0
4928,1,6,8,6,14.142857142857142,1.0
4928,2,6,6,5,12.0,0.8333333333333334
4929,1,0,0,0,0.0,0.0
4929,2,0,0,0,0.0,0.0
4930,1,6,10,5,11.8,0.8333333333333334
4930,2,6,13,4,11.25,0.6666666666666666
4931,1,6,6,6,13.333333333333334,1.0
4931,2,6,6,6,14.166666666666666,1.0
4932,1,6,8,6,14.5,1.0
4932,2,6,9,6,12.857142857142858,1.0
4933,1,10,13,8,12.666666666666666,0.8
4933,2,10,12,10,13.4,1.0
4934,1,5,13,1,10.0,0.2
4934,2,5,8,2,10.0,0.4
4935,1,6,10,0,0.0,0.0
4935,2,6,6,0,0.0,0.0
4936,1,6,12,4,11.0,0.6666666666666666
4936,2,6,6,4,12.5,0.6666666666666666
4937,1,5,10,2,12.0,0.4
4937,2,5,9,4,11.0,0.8
4938,1,6,10,4,10.0,0.6666666666666666
4938,2,6,12,2,13.5,0.3333333333333333
4939,1,7,7,7,14.20857142857143,1.0
4939,2,8,9,8,15.127777777777778,1.0
4940,1,7,7,7,14.30714285714286,1.0
4940,2,8,8,8,15.0125,1.0
4941,1,5,8,3,11.0,0.6
4941,2,5,12,4,13.375,0.8
4942,1,7,14,0,0.0,0.0
4942,2,6,6,0,0.0,0.0
4943,1,6,10,6,12.0,1.0
4943,2,6,12,4,11.0,0.6666666666666666
4944,1,5,0,0,0.0,0.0
4944,2,5,0,0,0.0,0.0
4945,1,6,6,0,0.0,0.0
4945,2,6,7,0,0.0,0.0
4946,1,6,7,6,13.857142857142858,1.0
4946,2,6,7,6,14.285714285714286,1.0
4947,1,0,0,0,0.0,0.0
4947,2,0,0,0,0.0,0.0
4948,1,7,0,0,0.0,0.0
4948,2,7,0,0,0.0,0.0
4949,1,6,8,5,11.0,0.8333333333333334
4949,2,6,9,5,13.0,0.8333333333333334
4950,1,5,9,5,13.2,1.0
4950,2,5,13,5,14.4,1.0
4951,1,6,7,6,13.5,1.0
4951,2,6,6,3,15.333333333333334,0.5
4952,1,5,5,0,0.0,0.0
4952,2,5,0,0,0.0,0.0
4953,1,8,8,7,14.214285714285714,0.875
4953,2,8,8,7,14.214285714285714,0.875
4954,1,5,5,5,13.0,1.0
4954,2,5,5,5,12.4,1.0
4955,1,6,13,2,12.0,0.3333333333333333
4955,2,6,14,1,10.0,0.16666666666666666
4956,1,7,0,0,0.0,0.0
4956,2,8,0,0,0.0,0.0
4957,1,5,6,5,12.8,1.0
4957,2,5,6,5,12.6,1.0
4958,1,5,11,4,13.6,0.8
4958,2,5,9,4,12.2,0.8
4959,1,7,7,7,13.971428571428572,1.0
4959,2,8,8,8,15.75,1.0
4960,1,6,8,6,15.0,1.0
4960,2,6,9,6,14.857142857142858,1.0
4961,1,6,0,0,0.0,0.0
4961,2,6,0,0,0.0,0.0
4962,1,26,27,26,15.07777777777778,1.0
4962,2,17,17,17,15.023529411764704,1.0
4963,1,7,7,6,13.383333333333333,0.8571428571428571
4963,2,7,7,6,13.383333333333333,0.8571428571428571
4964,1,12,12,12,13.25,1.0
4964,2,11,16,10,13.090909090909092,0.9090909090909091
4965,1,6,10,5,11.714285714285714,0.8333333333333334
4965,2,6,13,2,10.666666666666666,0.3333333333333333
4966,1,8,8,8,13.01125,1.0
4966,2,8,8,8,13.01125,1.0
4967,1,6,12,3,10.666666666666666,0.5
4967,2,6,12,4,12.0,0.6666666666666666
4968,1,7,14,0,0.0,0.0
4968,2,7,15,0,0.0,0.0
4969,1,6,9,6,13.0,1.0
4969,2,6,18,3,12.666666666666666,0.5
4970,1,5,5,5,12.0,1.0
4970,2,5,7,5,11.4,1.0
4971,1,6,6,6,12.166666666666666,1.0
4971,2,6,7,5,13.8,0.8333333333333334
4972,1,7,10,6,11.85,0.8571428571428571
4972,2,8,10,7,13.65,0.875
4973,1,5,8,4,11.0,0.8
4973,2,5,6,5,11.2,1.0
4974,1,7,9,7,12.327777777777778,1.0
4974,2,8,10,8,11.736,1.0
4975,1,5,9,4,12.0,0.8
4975,2,5,10,5,13.428571428571429,1.0
4976,1,7,7,7,14.428571428571429,1.0
4976,2,8,9,8,14.511111111111113,1.0
4977,1,7,7,7,13.78,1.0
4977,2,8,8,8,12.6125,1.0
4978,1,7,7,6,13.8,0.8571428571428571
4978,2,7,7,6,13.8,0.8571428571428571
4979,1,7,7,7,14.857142857142858,1.0
4979,2,7,7,7,15.142857142857142,1.0
4980,1,6,8,5,13.0,0.8333333333333334
4980,2,6,7,5,12.6,0.8333333333333334
4981,1,6,7,6,12.142857142857142,1.0
4981,2,6,6,6,13.333333333333334,1.0
4982,1,6,7,6,15.666666666666666,1.0
4982,2,6,6,6,14.833333333333334,1.0
4983,1,7,13,5,12.5,0.7142857142857143
4983,2,8,14,7,12.166666666666666,0.875
4984,1,6,7,6,12.833333333333334,1.0
4984,2,6,6,6,13.166666666666666,1.0
4985,1,6,6,0,0.0,0.0
4985,2,6,7,0,0.0,0.0
4986,1,6,6,6,12.5,1.0
4986,2,6,6,6,12.666666666666666,1.0
4987,1,6,14,4,11.25,0.6666666666666666
4987,2,6,9,5,13.0,0.8333333333333334
4988,1,7,7,6,15.25,0.8571428571428571
4988,2,7,7,6,15.25,0.8571428571428571
4989,1,5,13,5,14.0,1.0
4989,2,5,10,3,12.0,0.6
4990,1,16,16,13,12.076923076923077,0.8125
4990,2,13,13,11,12.090909090909092,0.8461538461538461
4991,1,16,17,16,14.625,1.0
4991,2,10,12,9,14.88888888888889,0.9
4992,1,7,10,4,10.5,0.5714285714285714
4992,2,7,7,2,10.5,0.2857142857142857
4993,1,6,8,6,12.833333333333334,1.0
4993,2,6,6,6,12.166666666666666,1.0
4994,1,6,6,6,12.5,1.0
4994,2,6,7,5,11.8,0.8333333333333334
4995,1,12,13,12,11.23076923076923,1.0
4995,2,11,18,9,12.77777777777778,0.8181818181818182
4996,1,5,5,2,10.5,0.4
4996,2,5,5,0,0.0,0.0
4997,1,6,11,3,12.0,0.5
4997,2,6,13,2,12.0,0.3333333333333333
4998,1,7,10,7,10.985714285714286,1.0
4998,2,8,11,8,12.3,1.0
4999,1,7,10,5,12.62,0.7142857142857143
4999,2,7,11,3,14.166666666666666,0.42857142857142855
5000,1,7,9,6,13.0,0.8571428571428571
5000,2,8,8,8,14.2125,1.0
5001,1,5,5,0,0.0,0.0
5001,2,5,5,0,0.0,0.0
5002,1,5,0,0,0.0,0.0
5002,2,5,0,0,0.0,0.0
5003,1,6,6,6,13.5,1.0
5003,2,6,6,6,13.333333333333334,1.0
5004,1,7,7,6,13.516666666666666,0.8571428571428571
5004,2,7,7,6,13.516666666666666,0.8571428571428571
5005,1,6,6,6,13.166666666666666,1.0
5005,2,6,8,6,13.285714285714286,1.0
5006,1,6,0,0,0.0,0.0
5006,2,6,0,0,0.0,0.0
5007,1,6,8,6,13.125,1.0
5007,2,6,10,6,13.0,1.0
5008,1,6,15,3,14.4,0.5
5008,2,6,20,0,0.0,0.0
5009,1,6,10,4,12.0,0.6666666666666666
5009,2,6,12,0,0.0,0.0
5010,1,5,5,0,0.0,0.0
5010,2,5,10,0,0.0,0.0
5011,1,7,7,0,0.0,0.0
5011,2,7,7,0,0.0,0.0
5012,1,5,15,3,10.8,0.6
5012,2,5,6,3,10.5,0.6
5013,1,6,0,0,0.0,0.0
5013,2,6,0,0,0.0,0.0
5014,1,7,7,7,16.13142857142857,1.0
5014,2,8,9,8,15.52222222222222,1.0
5015,1,7,7,7,14.838571428571427,1.0
5015,2,8,9,8,14.8,1.0
5016,1,5,7,3,10.333333333333334,0.6
5016,2,5,6,3,12.0,0.6
5017,1,6,11,3,12.0,0.5
5017,2,6,11,4,11.25,0.6666666666666666
5018,1,6,6,0,0.0,0.0
5018,2,5,5,0,0.0,0.0
5019,1,6,6,6,13.166666666666666,1.0
5019,2,6,6,6,14.0,1.0
5020,1,8,8,8,13.9475,1.0
5020,2,8,8,8,13.9475,1.0
5021,1,5,6,3,11.333333333333334,0.6
5021,2,5,5,0,0.0,0.0
5022,1,8,11,7,12.75,0.875
5022,2,7,7,7,12.285714285714286,1.0
5023,1,5,6,5,12.6,1.0
5023,2,5,8,5,11.25,1.0
5024,1,8,8,6,12.25,0.75
5024,2,8,8,6,12.25,0.75
5025,1,7,14,0,0.0,0.0
5025,2,7,12,2,11.666666666666666,0.2857142857142857
5026,1,5,8,5,11.0,1.0
5026,2,5,7,5,11.4,1.0
5027,1,12,17,12,11.833333333333334,1.0
5027,2,12,22,9,12.7,0.75
5028,1,8,10,6,13.066666666666668,0.75
5028,2,8,10,6,13.066666666666668,0.75
5029,1,6,6,6,13.833333333333334,1.0
5029,2,6,8,6,13.875,1.0
5030,1,7,7,3,13.833333333333334,0.42857142857142855
5030,2,7,7,0,0.0,0.0
5031,1,5,5,5,11.8,1.0
5031,2,5,5,5,13.2,1.0
5032,1,12,12,12,13.333333333333334,1.0
5032,2,11,15,10,12.818181818181818,0.9090909090909091
5033,1,8,8,8,13.74625,1.0
5033,2,8,8,8,13.74625,1.0
5034,1,0,0,0,0.0,0.0
5034,2,0,0,0,0.0,0.0
5035,1,6,0,0,0.0,0.0
5035,2,6,0,0,0.0,0.0
5036,1,6,9,0,0.0,0.0
5036,2,6,6,0,0.0,0.0
5037,1,6,6,6,13.333333333333334,1.0
5037,2,6,10,5,14.5,0.8333333333333334
5038,1,6,8,1,10.0,0.16666666666666666
5038,2,6,13,5,11.4,0.8333333333333334
5039,1,6,7,6,15.666666666666666,1.0
5039,2,6,8,6,15.285714285714286,1.0
5040,1,7,9,7,11.857142857142858,1.0
5040,2,7,7,7,11.857142857142858,1.0
5041,1,5,12,5,14.5,1.0
5041,2,5,5,5,13.6,1.0
5042,1,6,6,6,12.166666666666666,1.0
5042,2,6,7,6,13.714285714285714,1.0
5043,1,6,6,5,12.6,0.8333333333333334
5043,2,6,8,6,12.0,1.0
5044,1,8,12,7,12.285714285714286,0.875
5044,2,8,12,7,12.285714285714286,0.875
5045,1,6,6,6,12.666666666666666,1.0
5045,2,6,7,6,13.0,1.0
5046,1,7,0,0,0.0,0.0
5046,2,8,0,0,0.0,0.0
5047,1,6,7,6,12.857142857142858,1.0
5047,2,6,10,4,13.0,0.6666666666666666
5048,1,8,8,7,13.9,0.875
5048,2,8,8,7,13.9,0.875
5049,1,8,8,7,13.817142857142857,0.875
5049,2,8,8,7,13.817142857142857,0.875
5050,1,7,10,6,13.314285714285717,0.8571428571428571
5050,2,8,10,7,12.875,0.875
5051,1,6,0,0,0.0,0.0
5051,2,6,0,0,0.0,0.0
5052,1,6,6,6,12.166666666666666,1.0
5052,2,6,6,6,12.166666666666666,1.0
5053,1,6,12,4,11.25,0.6666666666666666
5053,2,6,12,3,11.333333333333334,0.5
5054,1,6,6,5,12.4,0.8333333333333334
5054,2,6,8,6,12.75,1.0
5055,1,6,6,6,14.666666666666666,1.0
5055,2,6,7,6,14.571428571428571,1.0
5056,1,6,15,4,12.0,0.6666666666666666
5056,2,6,14,4,12.0,0.6666666666666666
5057,1,6,8,6,14.0,1.0
5057,2,6,18,3,12.666666666666666,0.5
5058,1,6,10,6,12.571428571428571,1.0
5058,2,6,12,4,13.666666666666666,0.6666666666666666
5059,1,6,14,6,15.538461538461538,1.0
5059,2,6,9,6,12.625,1.0
5060,1,6,0,0,0.0,0.0
5060,2,6,0,0,0.0,0.0
5061,1,6,6,6,15.0,1.0
5061,2,6,6,6,14.833333333333334,1.0
5062,1,5,11,4,12.25,0.8
5062,2,5,9,5,13.285714285714286,1.0
5063,1,11,13,11,15.692307692307692,1.0
5063,2,9,9,9,15.555555555555555,1.0
5064,1,5,7,5,12.285714285714286,1.0
5064,2,5,9,5,12.75,1.0
5065,1,17,19,12,11.833333333333334,0.7058823529411765
5065,2,17,22,11,11.25,0.6470588235294118
5066,1,6,6,6,12.166666666666666,1.0
5066,2,6,7,5,14.0,0.8333333333333334
5067,1,7,10,7,11.88888888888889,1.0
5067,2,8,10,8,11.95625,1.0
5068,1,6,0,0,0.0,0.0
5068,2,6,0,0,0.0,0.0
5069,1,5,6,5,11.8,1.0
5069,2,5,5,5,12.6,1.0
5070,1,6,7,6,11.166666666666666,1.0
5070,2,6,9,6,11.666666666666666,1.0
5071,1,7,7,7,14.05714285714286,1.0
5071,2,8,9,8,14.6,1.0
5072,1,6,10,4,11.75,0.6666666666666666
5072,2,6,13,4,10.0,0.6666666666666666
5073,1,6,6,6,13.166666666666666,1.0
5073,2,6,8,6,13.0,1.0
5074,1,6,7,6,13.5,1.0
5074,2,6,7,6,14.0,1.0
5075,1,7,10,7,12.625,1.0
5075,2,8,8,8,13.0625,1.0
5076,1,6,0,0,0.0,0.0
5076,2,6,0,0,0.0,0.0
5077,1,8,8,7,13.971428571428572,0.875
5077,2,8,8,7,13.971428571428572,0.875
5078,1,6,7,2,11.0,0.3333333333333333
5078,2,6,0,0,0.0,0.0
5079,1,5,5,5,12.8,1.0
5079,2,5,6,5,15.333333333333334,1.0
5080,1,6,8,6,13.571428571428571,1.0
5080,2,6,6,5,12.8,0.8333333333333334
5081,1,0,0,0,0.0,0.0
5081,2,0,0,0,0.0,0.0
5082,1,5,9,2,11.5,0.4
5082,2,5,13,4,11.0,0.8
5083,1,6,8,4,11.25,0.6666666666666666
5083,2,6,8,4,12.0,0.6666666666666666
5084,1,5,7,5,13.714285714285714,1.0
5084,2,5,7,5,13.142857142857142,1.0
5085,1,4,4,0,0.0,0.0
5085,2,5,0,0,0.0,0.0
5086,1,6,9,6,12.0,1.0
5086,2,6,8,3,14.666666666666666,0.5
5087,1,6,7,6,12.666666666666666,1.0
5087,2,6,7,6,13.333333333333334,1.0
5088,1,8,11,7,13.29,0.875
5088,2,8,11,7,13.29,0.875
5089,1,10,15,8,10.375,0.8
5089,2,10,13,9,10.444444444444445,0.9
5090,1,7,13,3,12.0,0.42857142857142855
5090,2,7,15,1,13.0,0.14285714285714285
5091,1,6,10,5,11.4,0.8333333333333334
5091,2,6,7,6,11.166666666666666,1.0
5092,1,5,15,2,13.25,0.4
5092,2,5,12,3,12.6,0.6
5093,1,7,7,6,13.861666666666666,0.8571428571428571
5093,2,8,16,0,0.0,0.0
5094,1,6,6,6,12.166666666666666,1.0
5094,2,6,7,6,12.142857142857142,1.0
5095,1,6,17,4,13.75,0.6666666666666666
5095,2,6,15,6,14.5,1.0
5096,1,7,7,6,15.433333333333332,0.8571428571428571
5096,2,7,7,6,15.433333333333332,0.8571428571428571
5097,1,6,6,6,13.833333333333334,1.0
5097,2,6,6,6,15.5,1.0
5098,1,14,21,12,11.833333333333334,0.8571428571428571
5098,2,12,15,11,11.363636363636363,0.9166666666666666
5099,1,7,7,0,0.0,0.0
5099,2,8,8,0,0.0,0.0
5100,1,1,1,0,0.0,0.0
5100,2,6,0,0,0.0,0.0
5101,1,7,9,7,12.333333333333334,1.0
5101,2,8,8,8,12.625,1.0
5102,1,6,6,6,11.166666666666666,1.0
5102,2,6,6,6,12.166666666666666,1.0
5103,1,6,6,6,14.666666666666666,1.0
5103,2,6,8,6,12.428571428571429,1.0
5104,1,5,5,5,11.2,1.0
5104,2,5,11,4,11.75,0.8
5105,1,6,9,6,13.714285714285714,1.0
5105,2,6,6,6,14.166666666666666,1.0
5106,1,5,5,5,12.8,1.0
5106,2,5,10,5,11.444444444444445,1.0
5107,1,6,9,4,13.25,0.6666666666666666
5107,2,6,11,5,11.8,0.8333333333333334
5108,1,8,10,6,13.78,0.75
5108,2,8,10,6,13.78,0.75
5109,1,8,8,7,15.11,0.875
5109,2,8,8,7,15.11,0.875
5110,1,6,10,4,11.0,0.6666666666666666
5110,2,6,8,5,11.2,0.8333333333333334
5111,1,8,8,7,15.798571428571426,0.875
5111,2,8,8,7,15.798571428571426,0.875
5112,1,7,7,7,13.775714285714288,1.0
5112,2,8,8,8,15.599999999999998,1.0
5113,1,8,11,7,12.16,0.875
5113,2,8,11,7,12.16,0.875
5114,1,7,0,0,0.0,0.0
5114,2,7,0,0,0.0,0.0
5115,1,6,6,6,14.333333333333334,1.0
5115,2,6,6,6,15.5,1.0
5116,1,6,6,6,11.833333333333334,1.0
5116,2,6,6,3,13.333333333333334,0.5
5117,1,6,7,6,14.833333333333334,1.0
5117,2,6,8,6,12.5,1.0
5118,1,8,8,7,14.2,0.875
5118,2,8,8,7,14.2,0.875
5119,1,5,6,5,12.2,1.0
5119,2,5,5,5,13.2,1.0
5120,1,6,10,4,13.0,0.6666666666666666
5120,2,6,9,5,13.666666666666666,0.8333333333333334
5121,1,8,8,7,12.485714285714286,0.875
5121,2,8,8,7,12.485714285714286,0.875
5122,1,6,7,6,17.0,1.0
5122,2,6,7,6,16.285714285714285,1.0
5123,1,6,7,5,10.8,0.8333333333333334
5123,2,6,9,6,10.166666666666666,1.0
5124,1,7,7,6,14.716666666666669,0.8571428571428571
5124,2,7,7,6,14.716666666666669,0.8571428571428571
5125,1,5,10,2,13.5,0.4
5125,2,5,11,5,11.4,1.0
5126,1,8,8,7,11.971428571428572,0.875
5126,2,8,8,7,11.971428571428572,0.875
5127,1,5,7,3,12.0,0.6
5127,2,5,7,4,13.5,0.8
5128,1,6,7,6,12.333333333333334,1.0
5128,2,6,6,6,11.666666666666666,1.0
5129,1,12,22,6,15.307692307692308,0.5
5129,2,10,13,6,13.875,0.6
5130,1,7,7,6,12.666666666666666,0.8571428571428571
5130,2,7,7,6,12.666666666666666,0.8571428571428571
5131,1,7,10,7,14.368,1.0
5131,2,8,8,8,14.44875,1.0
5132,1,8,8,7,12.084285714285716,0.875
5132,2,8,8,7,12.084285714285716,0.875
5133,1,12,18,8,12.25,0.6666666666666666
5133,2,12,27,8,12.2,0.6666666666666666
5134,1,6,10,5,12.2,0.8333333333333334
5134,2,6,10,5,11.6,0.8333333333333334
5135,1,6,12,4,11.0,0.6666666666666666
5135,2,6,9,6,11.5,1.0
5136,1,6,8,5,12.8,0.8333333333333334
5136,2,6,8,5,11.0,0.8333333333333334
5137,1,8,8,7,11.857142857142858,0.875
5137,2,8,8,7,11.857142857142858,0.875
5138,1,6,8,6,12.285714285714286,1.0
5138,2,6,10,5,13.0,0.8333333333333334
5139,1,6,11,3,12.333333333333334,0.5
5139,2,6,11,4,13.5,0.6666666666666666
5140,1,6,11,4,11.25,0.6666666666666666
5140,2,6,12,4,11.4,0.6666666666666666
5141,1,6,0,0,0.0,0.0
5141,2,6,0,0,0.0,0.0
5142,1,3,3,2,16.0,0.6666666666666666
5142,2,3,3,1,16.0,0.3333333333333333
5143,1,6,10,6,11.666666666666666,1.0
5143,2,6,7,6,11.0,1.0
5144,1,7,15,5,12.4,0.7142857142857143
5144,2,8,14,7,12.15,0.875
5145,1,7,14,6,10.744444444444444,0.8571428571428571
5145,2,8,10,8,11.8375,1.0
5146,1,6,0,0,0.0,0.0
5146,2,6,0,0,0.0,0.0
5147,1,7,12,4,12.0,0.5714285714285714
5147,2,7,13,4,12.5625,0.5714285714285714
5148,1,6,12,4,12.75,0.6666666666666666
5148,2,6,15,2,10.0,0.3333333333333333
5149,1,5,9,2,10.0,0.4
5149,2,5,10,2,11.0,0.4
5150,1,14,26,12,13.417391304347827,0.8571428571428571
5150,2,14,26,12,13.417391304347827,0.8571428571428571
5151,1,6,6,6,15.166666666666666,1.0
5151,2,6,7,6,14.857142857142858,1.0
5152,1,6,10,5,13.833333333333334,0.8333333333333334
5152,2,6,13,5,12.5,0.8333333333333334
5153,1,5,6,5,13.333333333333334,1.0
5153,2,5,7,4,14.8,0.8
5154,1,0,0,0,0.0,0.0
5154,2,0,0,0,0.0,0.0
5155,1,6,11,3,11.666666666666666,0.5
5155,2,6,11,3,10.666666666666666,0.5
5156,1,6,12,5,15.0,0.8333333333333334
5156,2,6,9,6,13.428571428571429,1.0
5157,1,8,8,7,13.242857142857144,0.875
5157,2,8,8,7,13.242857142857144,0.875
5158,1,5,13,1,13.0,0.2
5158,2,5,7,2,12.5,0.4
5159,1,7,8,6,13.075,0.8571428571428571
5159,2,8,10,7,12.05,0.875
5160,1,6,6,6,13.5,1.0
5160,2,6,9,6,13.666666666666666,1.0
5161,1,6,8,5,11.8,0.8333333333333334
5161,2,6,8,6,12.333333333333334,1.0
5162,1,6,7,5,12.6,0.8333333333333334
5162,2,6,6,5,11.8,0.8333333333333334
5163,1,6,6,6,12.166666666666666,1.0
5163,2,6,9,3,11.0,0.5
5164,1,6,9,6,12.166666666666666,1.0
5164,2,6,9,6,11.0,1.0
5165,1,0,0,0,0.0,0.0
5165,2,0,0,0,0.0,0.0
5166,1,7,7,7,13.557142857142855,1.0
5166,2,8,9,8,13.2,1.0
5167,1,5,6,4,12.25,0.8
5167,2,5,8,4,11.8,0.8
5168,1,6,6,6,14.333333333333334,1.0
5168,2,6,6,6,13.5,1.0
5169,1,6,10,4,10.5,0.6666666666666666
5169,2,6,8,4,11.75,0.6666666666666666
5170,1,4,8,0,0.0,0.0
5170,2,4,8,0,0.0,0.0
5171,1,6,10,4,12.75,0.6666666666666666
5171,2,6,14,3,11.333333333333334,0.5
5172,1,6,14,0,0.0,0.0
5172,2,6,9,4,11.0,0.6666666666666666
5173,1,5,10,1,14.0,0.2
5173,2,5,10,1,14.0,0.2
5174,1,7,9,7,14.093333333333332,1.0
5174,2,8,8,8,15.0,1.0
5175,1,6,6,6,13.333333333333334,1.0
5175,2,6,8,6,13.166666666666666,1.0
5176,1,8,12,7,12.071428571428571,0.875
5176,2,8,12,7,12.071428571428571,0.875
5177,1,6,6,6,12.666666666666666,1.0
5177,2,6,6,6,12.5,1.0
5178,1,6,11,6,12.125,1.0
5178,2,6,16,5,12.0,0.8333333333333334
5179,1,7,9,7,13.2,1.0
5179,2,8,9,7,13.2575,0.875
5180,1,7,8,7,14.15,1.0
5180,2,8,8,8,14.51125,1.0
5181,1,6,12,4,13.5,0.6666666666666666
5181,2,6,14,3,10.666666666666666,0.5
5182,1,6,0,0,0.0,0.0
5182,2,5,10,0,0.0,0.0
5183,1,7,13,5,12.2,0.7142857142857143
5183,2,7,14,3,11.4,0.42857142857142855
5184,1,5,6,5,14.8,1.0
5184,2,5,6,5,14.0,1.0
5185,1,6,8,5,11.0,0.8333333333333334
5185,2,6,13,5,11.4,0.8333333333333334
5186,1,5,10,0,0.0,0.0
5186,2,5,10,0,0.0,0.0
5187,1,5,15,3,14.0,0.6
5187,2,5,10,4,11.75,0.8
5188,1,6,8,5,11.833333333333334,0.8333333333333334
5188,2,6,6,6,13.0,1.0
5189,1,5,7,4,11.75,0.8
5189,2,5,7,5,11.8,1.0
5190,1,14,22,12,12.333333333333334,0.8571428571428571
5190,2,12,20,8,12.0,0.6666666666666666
5191,1,10,16,3,11.666666666666666,0.3
5191,2,10,24,6,11.833333333333334,0.6
5192,1,6,9,6,12.666666666666666,1.0
5192,2,6,10,4,11.5,0.6666666666666666
5193,1,6,9,4,12.25,0.6666666666666666
5193,2,6,8,5,11.6,0.8333333333333334
5194,1,6,7,6,11.285714285714286,1.0
5194,2,6,9,4,13.5,0.6666666666666666
5195,1,5,12,2,11.5,0.4
5195,2,5,12,0,0.0,0.0
5196,1,6,10,6,11.666666666666666,1.0
5196,2,6,10,4,12.25,0.6666666666666666
5197,1,8,8,7,13.514285714285714,0.875
5197,2,8,8,7,13.514285714285714,0.875
5198,1,6,7,6,13.0,1.0
5198,2,6,9,6,13.714285714285714,1.0
5199,1,6,11,3,15.0,0.5
5199,2,6,11,4,10.25,0.6666666666666666
5200,1,8,8,7,12.744285714285716,0.875
5200,2,8,8,7,12.744285714285716,0.875
5201,1,5,10,4,11.75,0.8
5201,2,5,8,5,11.8,1.0
5202,1,6,6,6,12.166666666666666,1.0
5202,2,6,7,6,11.666666666666666,1.0
5203,1,0,0,0,0.0,0.0
5203,2,0,0,0,0.0,0.0
5204,1,6,9,5,13.4,0.8333333333333334
5204,2,6,9,6,12.375,1.0
5205,1,6,9,5,11.8,0.8333333333333334
5205,2,6,10,4,11.5,0.6666666666666666
5206,1,7,7,6,13.533333333333331,0.8571428571428571
5206,2,7,7,6,13.533333333333331,0.8571428571428571
5207,1,6,7,6,14.166666666666666,1.0
5207,2,6,10,4,14.0,0.6666666666666666
5208,1,7,7,7,14.652857142857142,1.0
5208,2,8,9,8,14.755555555555556,1.0
5209,1,0,0,0,0.0,0.0
5209,2,0,0,0,0.0,0.0
5210,1,5,5,5,13.6,1.0
5210,2,5,7,5,13.0,1.0
5211,1,6,9,6,12.833333333333334,1.0
5211,2,6,6,4,13.25,0.6666666666666666
5212,1,6,6,6,14.666666666666666,1.0
5212,2,6,6,6,15.166666666666666,1.0
5213,1,6,6,6,13.333333333333334,1.0
5213,2,6,6,6,14.666666666666666,1.0
5214,1,6,10,5,13.4,0.8333333333333334
5214,2,6,9,5,11.4,0.8333333333333334
5215,1,7,9,7,13.3125,1.0
5215,2,8,8,8,15.6375,1.0
5216,1,0,0,0,0.0,0.0
5216,2,0,0,0,0.0,0.0
5217,1,4,4,0,0.0,0.0
5217,2,5,5,0,0.0,0.0
5218,1,6,7,6,12.333333333333334,1.0
5218,2,6,6,6,13.5,1.0
5219,1,6,6,6,13.5,1.0
5219,2,6,6,6,13.333333333333334,1.0
5220,1,6,8,5,13.0,0.8333333333333334
5220,2,6,7,6,11.833333333333334,1.0
5221,1,5,6,2,12.5,0.4
5221,2,5,5,0,0.0,0.0
5222,1,6,10,6,17.0,1.0
5222,2,6,11,6,16.0,1.0
5223,1,6,7,6,13.5,1.0
5223,2,6,6,6,13.0,1.0
5224,1,6,7,6,12.714285714285714,1.0
5224,2,6,6,6,11.833333333333334,1.0
5225,1,7,9,6,13.0,0.8571428571428571
5225,2,8,11,8,13.927272727272726,1.0
5226,1,6,7,6,12.571428571428571,1.0
5226,2,6,6,6,13.5,1.0
5227,1,6,10,4,11.5,0.6666666666666666
5227,2,6,11,6,11.5,1.0
5228,1,6,6,6,13.5,1.0
5228,2,6,7,6,13.285714285714286,1.0
5229,1,6,8,5,13.6,0.8333333333333334
5229,2,6,7,5,13.0,0.8333333333333334
5230,1,5,14,1,12.0,0.2
5230,2,5,5,0,0.0,0.0
5231,1,7,8,7,14.95,1.0
5231,2,8,8,8,14.7375,1.0
5232,1,5,10,4,11.25,0.8
5232,2,5,9,4,12.0,0.8
5233,1,6,13,3,10.666666666666666,0.5
5233,2,6,6,4,12.25,0.6666666666666666
5234,1,8,8,7,14.992857142857142,0.875
5234,2,8,8,7,14.992857142857142,0.875
5235,1,5,12,3,10.5,0.6
5235,2,5,10,4,11.25,0.8
5236,1,6,6,4,11.25,0.6666666666666666
5236,2,6,7,3,11.0,0.5
5237,1,6,6,6,12.333333333333334,1.0
5237,2,6,7,6,14.0,1.0
5238,1,7,7,6,13.016666666666666,0.8571428571428571
5238,2,7,7,6,13.016666666666666,0.8571428571428571
5239,1,5,7,3,11.333333333333334,0.6
5239,2,5,8,2,11.5,0.4
5240,1,6,7,6,16.142857142857142,1.0
5240,2,6,7,6,14.666666666666666,1.0
5241,1,6,8,6,14.833333333333334,1.0
5241,2,6,10,5,13.833333333333334,0.8333333333333334
5242,1,8,8,7,13.327142857142857,0.875
5242,2,8,8,7,13.327142857142857,0.875
5243,1,6,13,4,11.0,0.6666666666666666
5243,2,6,13,2,11.5,0.3333333333333333
5244,1,6,10,6,11.714285714285714,1.0
5244,2,6,15,6,10.375,1.0
5245,1,12,13,12,12.333333333333334,1.0
5245,2,11,12,10,12.727272727272728,0.9090909090909091
5246,1,7,9,0,0.0,0.0
5246,2,6,6,0,0.0,0.0
5247,1,15,15,12,11.916666666666666,0.8
5247,2,13,14,8,11.25,0.6153846153846154
5248,1,6,9,6,11.833333333333334,1.0
5248,2,6,7,6,11.0,1.0
5249,1,7,11,3,12.333333333333334,0.42857142857142855
5249,2,7,9,3,11.666666666666666,0.42857142857142855
5250,1,10,11,10,14.3,1.0
5250,2,10,10,10,14.2,1.0
5251,1,8,11,5,11.832,0.625
5251,2,8,11,5,11.832,0.625
5252,1,5,13,2,10.0,0.4
5252,2,5,10,0,0.0,0.0
5253,1,5,5,5,12.0,1.0
5253,2,5,6,5,11.6,1.0
5254,1,7,11,5,12.2,0.7142857142857143
5254,2,7,13,0,0.0,0.0
5255,1,5,7,3,11.333333333333334,0.6
5255,2,5,5,4,11.25,0.8
5256,1,16,24,13,13.846153846153848,0.8125
5256,2,11,15,9,12.555555555555555,0.8181818181818182
5257,1,8,8,7,12.412857142857144,0.875
5257,2,8,8,7,12.412857142857144,0.875
5258,1,5,7,3,12.666666666666666,0.6
5258,2,5,6,4,12.75,0.8
5259,1,8,11,7,12.545714285714286,0.875
5259,2,8,11,7,12.545714285714286,0.875
5260,1,6,12,3,13.0,0.5
5260,2,6,13,2,14.0,0.3333333333333333
5261,1,6,6,0,0.0,0.0
5261,2,6,6,0,0.0,0.0
5262,1,12,12,9,12.22222222222222,0.75
5262,2,12,12,9,13.0,0.75
5263,1,5,10,5,13.285714285714286,1.0
5263,2,5,8,5,13.0,1.0
5264,1,5,7,3,11.666666666666666,0.6
5264,2,5,8,1,11.0,0.2
5265,1,6,9,6,13.555555555555555,1.0
5265,2,6,7,6,12.666666666666666,1.0
5266,1,6,6,6,13.166666666666666,1.0
5266,2,6,8,6,12.428571428571429,1.0
5267,1,0,0,0,0.0,0.0
5267,2,0,0,0,0.0,0.0
5268,1,6,6,6,11.666666666666666,1.0
5268,2,6,7,5,12.2,0.8333333333333334
5269,1,5,11,4,11.0,0.8
5269,2,5,8,4,12.25,0.8
5270,1,6,6,6,13.0,1.0
5270,2,6,8,1,10.0,0.16666666666666666
5271,1,6,6,6,13.666666666666666,1.0
5271,2,6,6,6,12.0,1.0
5272,1,5,6,5,14.6,1.0
5272,2,5,5,5,15.2,1.0
5273,1,8,8,7,12.514285714285714,0.875
5273,2,8,8,7,12.514285714285714,0.875
5274,1,5,5,3,14.0,0.6
5274,2,5,7,3,12.666666666666666,0.6
5275,1,6,8,6,13.166666666666666,1.0
5275,2,6,8,5,12.6,0.8333333333333334
5276,1,5,10,4,13.0,0.8
5276,2,5,10,3,12.333333333333334,0.6
5277,1,5,5,1,13.0,0.2
5277,2,5,5,0,0.0,0.0
5278,1,5,10,1,10.0,0.2
5278,2,5,8,3,13.666666666666666,0.6
5279,1,6,6,6,14.333333333333334,1.0
5279,2,6,6,6,15.333333333333334,1.0
5280,1,6,6,0,0.0,0.0
5280,2,6,12,0,0.0,0.0
5281,1,5,7,1,11.0,0.2
5281,2,5,7,0,0.0,0.0
5282,1,6,15,3,11.25,0.5
5282,2,6,9,0,0.0,0.0
5283,1,5,7,4,10.75,0.8
5283,2,5,12,3,10.571428571428571,0.6
5284,1,5,7,1,11.0,0.2
5284,2,5,9,0,0.0,0.0
5285,1,7,13,6,10.857142857142858,0.8571428571428571
5285,2,7,7,7,11.857142857142858,1.0
5286,1,5,10,4,11.75,0.8
5286,2,5,10,3,11.0,0.6
5287,1,5,8,5,12.8,1.0
5287,2,5,9,4,13.666666666666666,0.8
5288,1,5,15,3,12.333333333333334,0.6
5288,2,5,7,5,11.4,1.0
5289,1,6,12,2,11.333333333333334,0.3333333333333333
5289,2,6,8,2,13.0,0.3333333333333333
5290,1,6,10,5,11.6,0.8333333333333334
5290,2,6,6,6,11.166666666666666,1.0
5291,1,14,15,12,10.923076923076923,0.8571428571428571
5291,2,13,14,11,12.181818181818182,0.8461538461538461
5292,1,0,0,0,0.0,0.0
5292,2,0,0,0,0.0,0.0
5293,1,7,7,7,13.62857142857143,1.0
5293,2,8,8,8,13.9125,1.0
5294,1,6,16,3,10.333333333333334,0.5
5294,2,6,16,1,11.0,0.16666666666666666
5295,1,18,25,18,13.736842105263158,1.0
5295,2,13,15,12,13.75,0.9230769230769231
5296,1,13,19,8,11.625,0.6153846153846154
5296,2,10,17,6,11.0,0.6
5297,1,7,7,4,11.5,0.5714285714285714
5297,2,9,10,7,12.142857142857142,0.7777777777777778
5298,1,6,8,5,14.0,0.8333333333333334
5298,2,6,8,6,13.0,1.0
5299,1,5,7,3,11.333333333333334,0.6
5299,2,5,6,0,0.0,0.0
5300,1,5,13,1,10.0,0.2
5300,2,5,5,1,10.0,0.2
5301,1,6,14,5,11.714285714285714,0.8333333333333334
5301,2,6,15,5,12.0,0.8333333333333334
5302,1,0,0,0,0.0,0.0
5302,2,0,0,0,0.0,0.0
5303,1,15,15,13,10.76923076923077,0.8666666666666667
5303,2,14,15,12,11.833333333333334,0.8571428571428571
5304,1,6,10,5,11.6,0.8333333333333334
5304,2,6,6,6,12.0,1.0
5305,1,5,6,4,13.75,0.8
5305,2,5,5,0,0.0,0.0
5306,1,5,14,4,11.0,0.8
5306,2,5,9,5,10.5,1.0
5307,1,5,6,0,0.0,0.0
5307,2,5,5,0,0.0,0.0
5308,1,0,0,0,0.0,0.0
5308,2,0,0,0,0.0,0.0
5309,1,0,0,0,0.0,0.0
5309,2,0,0,0,0.0,0.0
5310,1,6,7,6,12.333333333333334,1.0
5310,2,6,10,5,13.2,0.8333333333333334
5311,1,6,9,6,13.428571428571429,1.0
5311,2,6,12,6,13.625,1.0
5312,1,5,10,0,0.0,0.0
5312,2,5,10,1,10.0,0.2
5313,1,5,12,4,14.75,0.8
5313,2,5,9,2,15.0,0.4
5314,1,21,21,21,12.476190476190476,1.0
5314,2,19,19,19,12.210526315789474,1.0
5315,1,5,8,0,0.0,0.0
5315,2,5,5,0,0.0,0.0
5316,1,6,15,3,11.666666666666666,0.5
5316,2,6,14,2,12.5,0.3333333333333333
5317,1,6,6,6,12.0,1.0
5317,2,6,7,6,13.571428571428571,1.0
5318,1,6,7,6,12.0,1.0
5318,2,6,6,6,14.0,1.0
5319,1,12,12,12,15.25,1.0
5319,2,11,12,11,15.0,1.0
5320,1,6,9,5,12.4,0.8333333333333334
5320,2,6,6,6,13.166666666666666,1.0
5321,1,5,9,3,12.333333333333334,0.6
5321,2,5,8,4,11.25,0.8
5322,1,5,8,4,11.5,0.8
5322,2,5,7,4,12.0,0.8
5323,1,6,8,5,12.2,0.8333333333333334
5323,2,6,6,4,11.75,0.6666666666666666
5324,1,5,14,2,10.5,0.4
5324,2,5,6,0,0.0,0.0
5325,1,8,8,7,14.4,0.875
5325,2,8,8,7,14.4,0.875
5326,1,14,18,13,12.846153846153848,0.9285714285714286
5326,2,11,19,10,12.8,0.9090909090909091
5327,1,6,13,4,12.0,0.6666666666666666
5327,2,6,7,5,13.2,0.8333333333333334
5328,1,5,0,0,0.0,0.0
5328,2,5,0,0,0.0,0.0
5329,1,7,8,6,13.666666666666666,0.8571428571428571
5329,2,6,8,5,13.5,0.8333333333333334
5330,1,6,10,5,11.857142857142858,0.8333333333333334
5330,2,6,8,6,11.666666666666666,1.0
5331,1,6,0,0,0.0,0.0
5331,2,6,0,0,0.0,0.0
5332,1,0,0,0,0.0,0.0
5332,2,0,0,0,0.0,0.0
5333,1,6,8,5,13.2,0.8333333333333334
5333,2,6,6,6,11.333333333333334,1.0
5334,1,6,8,6,12.714285714285714,1.0
5334,2,6,12,5,11.0,0.8333333333333334
5335,1,6,6,6,12.5,1.0
5335,2,6,6,6,12.666666666666666,1.0
5336,1,5,9,3,10.666666666666666,0.6
5336,2,5,13,2,12.5,0.4
5337,1,6,12,1,17.0,0.16666666666666666
5337,2,6,12,1,17.0,0.16666666666666666
5338,1,5,6,5,13.0,1.0
5338,2,5,9,4,13.25,0.8
5339,1,5,7,3,12.666666666666666,0.6
5339,2,5,5,4,12.5,0.8
5340,1,14,14,12,13.291666666666666,0.8571428571428571
5340,2,14,14,12,13.291666666666666,0.8571428571428571
5341,1,5,12,3,11.666666666666666,0.6
5341,2,5,11,4,11.5,0.8
5342,1,8,8,7,14.24,0.875
5342,2,8,8,7,14.24,0.875
5343,1,5,10,3,13.0,0.6
5343,2,5,11,3,11.333333333333334,0.6
5344,1,7,9,5,14.06,0.7142857142857143
5344,2,7,9,6,12.571428571428571,0.8571428571428571
5345,1,6,10,5,11.833333333333334,0.8333333333333334
5345,2,6,10,5,13.2,0.8333333333333334
5346,1,6,6,6,12.833333333333334,1.0
5346,2,6,6,6,13.333333333333334,1.0
5347,1,6,16,1,10.0,0.16666666666666666
5347,2,6,12,0,0.0,0.0
5348,1,5,9,2,11.0,0.4
5348,2,5,12,2,10.0,0.4
5349,1,7,7,7,14.105714285714289,1.0
5349,2,8,8,8,13.6625,1.0
5350,1,8,12,7,12.471428571428572,0.875
5350,2,8,12,7,12.471428571428572,0.875
5351,1,6,11,6,11.833333333333334,1.0
5351,2,6,17,5,11.857142857142858,0.8333333333333334
5352,1,6,6,6,12.5,1.0
5352,2,6,6,6,12.833333333333334,1.0
5353,1,6,7,6,11.666666666666666,1.0
5353,2,6,7,6,12.333333333333334,1.0
5354,1,0,0,0,0.0,0.0
5354,2,0,0,0,0.0,0.0
5355,1,5,11,3,10.333333333333334,0.6
5355,2,5,10,4,12.8,0.8
5356,1,5,8,5,16.166666666666668,1.0
5356,2,5,9,5,14.285714285714286,1.0
5357,1,6,11,3,12.666666666666666,0.5
5357,2,6,7,0,0.0,0.0
5358,1,6,14,2,10.5,0.3333333333333333
5358,2,6,6,3,12.333333333333334,0.5
5359,1,6,13,2,11.5,0.3333333333333333
5359,2,6,13,1,11.0,0.16666666666666666
5360,1,6,6,6,13.0,1.0
5360,2,6,8,5,13.4,0.8333333333333334
5361,1,7,7,6,11.966666666666669,0.8571428571428571
5361,2,7,7,6,11.966666666666669,0.8571428571428571
5362,1,8,8,8,13.3475,1.0
5362,2,8,8,8,13.3475,1.0
5363,1,5,7,5,12.0,1.0
5363,2,5,7,4,12.5,0.8
5364,1,6,10,2,10.5,0.3333333333333333
5364,2,6,13,0,0.0,0.0
5365,1,6,9,4,11.5,0.6666666666666666
5365,2,6,10,4,10.75,0.6666666666666666
5366,1,0,0,0,0.0,0.0
5366,2,0,0,0,0.0,0.0
5367,1,6,9,6,13.571428571428571,1.0
5367,2,6,11,4,14.0,0.6666666666666666
5368,1,6,10,6,14.7,1.0
5368,2,6,10,6,12.0,1.0
5369,1,5,5,0,0.0,0.0
5369,2,5,5,0,0.0,0.0
5370,1,7,8,6,11.833333333333334,0.8571428571428571
5370,2,7,8,6,11.833333333333334,0.8571428571428571
5371,1,0,0,0,0.0,0.0
5371,2,0,0,0,0.0,0.0
5372,1,7,7,7,13.175714285714289,1.0
5372,2,8,8,8,14.925,1.0
5373,1,6,7,0,0.0,0.0
5373,2,6,10,0,0.0,0.0
5374,1,6,12,2,13.0,0.3333333333333333
5374,2,6,9,6,10.833333333333334,1.0
5375,1,8,11,7,13.742857142857144,0.875
5375,2,8,11,7,13.742857142857144,0.875
5376,1,5,5,0,0.0,0.0
5376,2,5,5,0,0.0,0.0
5377,1,7,8,7,12.217142857142855,1.0
5377,2,8,11,7,12.11875,0.875
5378,1,15,15,14,11.071428571428571,0.9333333333333333
5378,2,14,16,12,11.333333333333334,0.8571428571428571
5379,1,7,10,7,13.428571428571429,1.0
5379,2,8,8,8,13.25,1.0
5380,1,5,7,5,11.4,1.0
5380,2,5,6,5,13.666666666666666,1.0
5381,1,8,14,4,11.325,0.5
5381,2,8,14,4,11.325,0.5
5382,1,6,13,0,0.0,0.0
5382,2,5,11,0,0.0,0.0
5383,1,8,8,7,15.0,0.875
5383,2,8,8,7,15.0,0.875
5384,1,6,7,6,13.166666666666666,1.0
5384,2,6,8,6,15.625,1.0
5385,1,6,12,2,11.0,0.3333333333333333
5385,2,6,14,4,10.5,0.6666666666666666
5386,1,6,0,0,0.0,0.0
5386,2,6,0,0,0.0,0.0
5387,1,5,7,3,12.333333333333334,0.6
5387,2,5,5,2,12.5,0.4
5388,1,5,6,4,12.25,0.8
5388,2,5,6,5,10.166666666666666,1.0
5389,1,13,13,13,11.923076923076923,1.0
5389,2,12,12,12,12.5,1.0
5390,1,6,6,6,14.333333333333334,1.0
5390,2,6,7,6,14.142857142857142,1.0
5391,1,5,6,5,12.0,1.0
5391,2,5,5,5,13.0,1.0
5392,1,7,9,7,13.761111111111113,1.0
5392,2,8,11,7,12.06375,0.875
5393,1,5,6,4,11.25,0.8
5393,2,5,8,5,11.0,1.0
5394,1,5,10,3,12.333333333333334,0.6
5394,2,5,10,3,10.666666666666666,0.6
5395,1,8,8,8,14.88875,1.0
5395,2,8,8,8,14.88875,1.0
5396,1,6,8,6,12.166666666666666,1.0
5396,2,6,8,5,12.4,0.8333333333333334
5397,1,6,7,6,12.666666666666666,1.0
5397,2,6,6,6,13.333333333333334,1.0
5398,1,6,9,5,12.6,0.8333333333333334
5398,2,6,9,3,11.666666666666666,0.5
5399,1,5,8,4,13.0,0.8
5399,2,5,10,4,12.25,0.8
5400,1,6,9,6,13.875,1.0
5400,2,6,6,6,14.333333333333334,1.0
5401,1,5,10,4,10.75,0.8
5401,2,5,12,3,13.333333333333334,0.6
5402,1,5,10,3,14.666666666666666,0.6
5402,2,5,5,0,0.0,0.0
5403,1,6,7,5,12.6,0.8333333333333334
5403,2,6,6,6,13.0,1.0
5404,1,7,11,6,12.4125,0.8571428571428571
5404,2,8,12,7,11.2625,0.875
5405,1,6,12,1,11.0,0.16666666666666666
5405,2,6,9,2,10.5,0.3333333333333333
5406,1,8,8,7,14.314285714285717,0.875
5406,2,8,8,7,14.314285714285717,0.875
5407,1,6,6,4,12.0,0.6666666666666666
5407,2,6,8,2,11.333333333333334,0.3333333333333333
5408,1,6,6,6,12.833333333333334,1.0
5408,2,6,7,6,13.285714285714286,1.0
5409,1,6,8,5,11.4,0.8333333333333334
5409,2,6,10,6,11.666666666666666,1.0
5410,1,5,5,5,14.6,1.0
5410,2,5,6,5,14.333333333333334,1.0
5411,1,6,7,6,13.5,1.0
5411,2,6,9,5,12.5,0.8333333333333334
5412,1,6,8,6,12.5,1.0
5412,2,6,11,3,13.333333333333334,0.5
5413,1,6,6,4,13.0,0.6666666666666666
5413,2,6,7,5,12.2,0.8333333333333334
5414,1,10,13,5,11.6,0.5
5414,2,8,10,2,13.0,0.25
5415,1,5,6,5,11.8,1.0
5415,2,5,8,5,11.6,1.0
5416,1,7,14,3,12.333333333333334,0.42857142857142855
5416,2,7,12,3,11.083333333333334,0.42857142857142855
5417,1,14,15,12,12.625,0.8571428571428571
5417,2,14,15,12,12.625,0.8571428571428571
5418,1,6,6,6,13.833333333333334,1.0
5418,2,6,6,6,13.5,1.0
5419,1,7,7,6,12.5,0.8571428571428571
5419,2,9,10,7,13.142857142857142,0.7777777777777778
5420,1,6,7,5,13.6,0.8333333333333334
5420,2,6,8,5,12.666666666666666,0.8333333333333334
5421,1,6,6,6,12.0,1.0
5421,2,6,6,2,11.0,0.3333333333333333
5422,1,7,8,7,14.9125,1.0
5422,2,8,9,1,13.5,0.125
5423,1,5,5,5,13.8,1.0
5423,2,5,6,5,12.0,1.0
5424,1,6,8,6,11.666666666666666,1.0
5424,2,6,6,6,13.0,1.0
